Customer_ID,Age,Gender,City,Account_Type,Account_Balance,Account_Opening_Date,Transaction_Date,Transaction_Type,Transaction_Amount,Balance_After_Transaction,Loan_Type,Loan_Amount,Interest_Rate,Loan_Status,Card_Type,Credit_Card_Balance,Feedback_Type,Resolution_Status,Anomaly,Transaction_Year,Transaction_Month,Transaction_Month_Name,Account_Opening_Year,Customer_Tenure_Years,Age_Group
1,45,Male,Fort Worth,Current,1313.38,2006-05-26,2023-12-07,Withdrawal,1457.61,2770.99,Mortgage,32200.06,2.64,Rejected,AMEX,4524.32,Suggestion,Resolved,1,2023,12,December,2006,17.5,36-45
2,47,Female,Louisville,Current,5988.46,2006-03-02,2023-04-27,Deposit,1660.99,7649.45,Auto,47743.52,2.48,Approved,MasterCard,856.7,Complaint,Resolved,1,2023,4,April,2006,17.2,46-55
3,25,Female,Philadelphia,Current,8277.88,2015-07-19,2023-04-05,Deposit,839.91,7437.97,Auto,47981.31,7.84,Closed,AMEX,3242.36,Praise,Pending,1,2023,4,April,2015,7.7,18-25
4,52,Other,Oklahoma City,Savings,7487.21,2008-01-30,2023-07-28,Withdrawal,4908.89,12396.1,Personal,4482.8,7.21,Approved,MasterCard,4329.17,Complaint,Resolved,1,2023,7,July,2008,15.5,46-55
5,68,Other,Phoenix,Savings,6993.55,2021-05-25,2023-01-16,Transfer,589.07,6404.48,Mortgage,1092.33,5.37,Approved,Visa,25.72,Complaint,Resolved,1,2023,1,January,2021,1.6,65+
6,52,Male,El Paso,Savings,9295.64,2015-12-21,2023-04-21,Withdrawal,4914.67,4380.97,Mortgage,48039.24,1.45,Closed,AMEX,1331.7,Praise,Resolved,1,2023,4,April,2015,7.3,46-55
7,43,Male,Dallas,Current,4005.72,2022-07-07,2023-11-22,Deposit,3534.9,470.82,Mortgage,27230.51,5.25,Approved,MasterCard,1441.65,Complaint,Pending,1,2023,11,November,2022,1.4,36-45
8,47,Male,Memphis,Savings,1458.45,2022-12-14,2023-08-10,Deposit,454.87,1003.58,Mortgage,35319.63,8.51,Approved,AMEX,3450.21,Complaint,Pending,1,2023,8,August,2022,0.7,46-55
9,52,Male,Indianapolis,Current,1109.3,2012-04-29,2023-09-28,Withdrawal,768.56,340.74,Mortgage,45717.26,1.1,Rejected,AMEX,3227.18,Suggestion,Pending,-1,2023,9,September,2012,11.4,46-55
10,55,Other,Washington,Current,9554.62,2021-12-20,2023-12-29,Deposit,1641.59,11196.21,Auto,22224.58,1.92,Closed,Visa,2765.38,Complaint,Resolved,1,2023,12,December,2021,2.0,46-55
11,28,Male,San Diego,Savings,5930.75,2015-08-12,2023-06-08,Withdrawal,1309.13,7239.88,Personal,22592.01,8.28,Rejected,Visa,4564.25,Complaint,Pending,1,2023,6,June,2015,7.8,26-35
12,37,Female,Oklahoma City,Current,8126.85,2005-09-13,2023-04-04,Deposit,4865.91,12992.76,Auto,9182.1,5.73,Approved,AMEX,4935.07,Complaint,Pending,1,2023,4,April,2005,17.6,36-45
13,63,Female,Columbus,Savings,5402.04,2010-11-13,2023-12-02,Deposit,3070.58,8472.62,Auto,45385.59,6.96,Approved,Visa,339.59,Praise,Resolved,1,2023,12,December,2010,13.1,56-65
14,48,Female,Colorado Springs,Savings,4045.09,2014-08-14,2023-10-27,Transfer,381.21,4426.3,Auto,32735.99,7.71,Approved,Visa,4357.95,Praise,Resolved,1,2023,10,October,2014,9.2,46-55
15,51,Other,Atlanta,Savings,2082.67,2015-09-16,2023-06-13,Withdrawal,2631.77,-549.1,Mortgage,9833.19,3.7,Closed,AMEX,1066.61,Suggestion,Pending,1,2023,6,June,2015,7.7,46-55
16,29,Male,Fresno,Savings,8578.44,2016-10-02,2023-10-23,Transfer,4486.73,13065.17,Mortgage,28429.81,3.68,Approved,Visa,770.74,Complaint,Pending,1,2023,10,October,2016,7.1,26-35
17,65,Female,Austin,Current,728.8,2006-07-07,2023-11-15,Transfer,2086.75,2815.55,Auto,17080.03,3.38,Rejected,AMEX,3905.1,Suggestion,Pending,1,2023,11,November,2006,17.4,56-65
18,45,Female,Omaha,Savings,9012.31,2019-08-12,2023-09-12,Deposit,3333.99,5678.32,Auto,8211.92,2.51,Closed,MasterCard,3165.21,Praise,Resolved,1,2023,9,September,2019,4.1,36-45
19,20,Other,Tucson,Current,2129.63,2005-08-18,2023-11-15,Withdrawal,3868.23,-1738.6,Personal,9911.6,3.74,Rejected,AMEX,299.03,Praise,Resolved,1,2023,11,November,2005,18.2,18-25
20,65,Other,Milwaukee,Savings,194.36,2017-04-24,2023-09-30,Deposit,933.29,-738.93,Mortgage,28403.6,9.58,Closed,MasterCard,1076.46,Praise,Pending,1,2023,9,September,2017,6.4,56-65
21,59,Other,Fresno,Savings,1128.58,2016-10-29,2023-02-07,Withdrawal,4278.95,-3150.37,Personal,28654.88,1.77,Closed,MasterCard,3559.98,Complaint,Pending,1,2023,2,February,2016,6.3,56-65
22,69,Female,San Antonio,Current,8846.74,2005-01-01,2023-07-01,Transfer,2249.62,11096.36,Personal,39707.1,3.17,Rejected,MasterCard,53.5,Complaint,Pending,-1,2023,7,July,2005,18.5,65+
23,22,Other,El Paso,Savings,829.7,2011-09-02,2023-07-06,Deposit,292.88,536.82,Mortgage,13151.23,3.86,Closed,Visa,1424.94,Complaint,Resolved,1,2023,7,July,2011,11.8,18-25
24,30,Female,San Antonio,Savings,3616.88,2014-10-07,2023-01-25,Deposit,4395.73,8012.61,Personal,45875.84,2.38,Rejected,AMEX,2256.35,Suggestion,Resolved,1,2023,1,January,2014,8.3,26-35
25,29,Male,Boston,Savings,2578.13,2004-06-04,2023-11-29,Transfer,2826.12,5404.25,Mortgage,26412.03,1.7,Rejected,AMEX,4563.01,Praise,Resolved,1,2023,11,November,2004,19.5,26-35
26,18,Female,Chicago,Current,464.86,2022-10-01,2023-05-22,Transfer,999.63,1464.49,Personal,11004.46,2.46,Approved,Visa,4251.87,Complaint,Pending,1,2023,5,May,2022,0.6,18-25
27,69,Male,Kansas City,Savings,5361.52,2006-07-27,2023-05-04,Withdrawal,1594.08,3767.44,Personal,21250.75,5.75,Approved,AMEX,1084.56,Suggestion,Pending,1,2023,5,May,2006,16.8,65+
28,60,Female,Oklahoma City,Savings,9983.5,2018-08-10,2023-01-25,Deposit,2851.17,12834.67,Mortgage,46244.6,6.37,Approved,AMEX,1530.42,Complaint,Pending,1,2023,1,January,2018,4.5,56-65
29,36,Male,Fresno,Savings,8544.77,2000-11-12,2023-10-18,Transfer,1877.13,6667.64,Auto,24429.67,2.94,Rejected,AMEX,2591.92,Suggestion,Pending,1,2023,10,October,2000,22.9,36-45
30,46,Female,Baltimore,Current,1772.04,2015-02-12,2023-12-01,Withdrawal,1174.58,597.46,Auto,43861.04,5.53,Closed,Visa,2181.1,Suggestion,Resolved,1,2023,12,December,2015,8.8,46-55
31,64,Female,San Francisco,Current,8854.73,2004-09-15,2023-06-24,Withdrawal,2401.76,11256.49,Auto,8831.8,1.06,Approved,AMEX,3846.45,Praise,Pending,1,2023,6,June,2004,18.8,56-65
32,67,Female,Jacksonville,Current,4572.76,2010-05-04,2023-08-20,Transfer,933.38,5506.14,Auto,45783.96,6.42,Closed,Visa,4756.24,Praise,Resolved,1,2023,8,August,2010,13.3,65+
33,65,Female,Sacramento,Current,2805.18,2003-07-30,2023-05-25,Deposit,1234.44,1570.74,Mortgage,22100.32,1.01,Closed,MasterCard,3107.77,Complaint,Resolved,1,2023,5,May,2003,19.8,56-65
34,56,Other,Oklahoma City,Savings,6439.03,2005-08-23,2023-12-11,Transfer,4135.4,10574.43,Personal,46870.22,6.78,Rejected,Visa,560.7,Complaint,Resolved,1,2023,12,December,2005,18.3,56-65
35,59,Female,Seattle,Current,2245.28,2002-01-05,2023-01-23,Transfer,1150.42,3395.7,Mortgage,43437.85,5.35,Closed,AMEX,2208.16,Praise,Resolved,1,2023,1,January,2002,21.0,56-65
36,42,Female,Portland,Current,8808.55,2009-07-08,2023-08-12,Withdrawal,3479.88,12288.43,Mortgage,33338.35,1.98,Rejected,Visa,2735.81,Complaint,Pending,1,2023,8,August,2009,14.1,36-45
37,33,Other,Mesa,Current,6279.42,2008-07-28,2023-05-02,Withdrawal,1259.84,5019.58,Mortgage,33969.47,1.8,Rejected,MasterCard,4775.86,Suggestion,Resolved,1,2023,5,May,2008,14.8,26-35
38,34,Other,El Paso,Current,1446.62,2002-05-16,2023-08-11,Withdrawal,1069.87,2516.49,Personal,11363.89,1.06,Rejected,AMEX,1725.59,Praise,Resolved,1,2023,8,August,2002,21.2,26-35
39,45,Other,Albuquerque,Savings,5749.42,2008-07-20,2023-08-18,Transfer,1263.27,4486.15,Auto,30538.66,5.96,Rejected,AMEX,3347.7,Praise,Resolved,1,2023,8,August,2008,15.1,36-45
40,56,Other,Jacksonville,Savings,5152.67,2020-01-13,2023-01-17,Withdrawal,2346.81,2805.86,Mortgage,27925.28,8.26,Rejected,MasterCard,56.38,Praise,Resolved,1,2023,1,January,2020,3.0,56-65
41,60,Other,Austin,Current,4767.41,2018-08-13,2023-10-12,Transfer,739.94,4027.47,Mortgage,17373.2,8.71,Rejected,Visa,2183.5,Complaint,Pending,1,2023,10,October,2018,5.2,56-65
42,66,Other,Kansas City,Current,3713.26,2015-10-29,2023-01-02,Transfer,542.0,3171.26,Personal,25775.45,6.12,Closed,MasterCard,202.41,Complaint,Pending,1,2023,1,January,2015,7.2,65+
43,22,Other,Philadelphia,Current,4794.63,2006-06-23,2023-09-24,Withdrawal,3786.14,1008.49,Personal,46528.03,8.98,Approved,AMEX,1185.11,Praise,Resolved,1,2023,9,September,2006,17.3,18-25
44,18,Other,Fresno,Current,5901.51,2010-03-21,2023-01-16,Transfer,126.28,5775.23,Mortgage,1259.98,8.76,Approved,MasterCard,2346.46,Complaint,Resolved,1,2023,1,January,2010,12.8,18-25
45,20,Other,Mesa,Savings,7362.34,2001-05-03,2023-12-03,Withdrawal,1933.57,5428.77,Personal,21439.08,7.28,Approved,AMEX,2906.73,Praise,Resolved,1,2023,12,December,2001,22.6,18-25
46,65,Other,Atlanta,Savings,9186.97,2005-06-02,2023-01-21,Transfer,1986.21,7200.76,Mortgage,17348.3,4.27,Closed,AMEX,4383.34,Praise,Pending,1,2023,1,January,2005,17.6,56-65
47,41,Other,San Francisco,Current,539.4,2005-12-11,2023-09-08,Transfer,4466.28,-3926.88,Mortgage,48100.32,8.44,Closed,MasterCard,924.02,Suggestion,Resolved,1,2023,9,September,2005,17.7,36-45
48,46,Male,Omaha,Current,5736.51,2012-06-20,2023-10-04,Withdrawal,3874.71,9611.22,Mortgage,48720.82,4.53,Rejected,MasterCard,1543.14,Suggestion,Resolved,1,2023,10,October,2012,11.3,46-55
49,32,Female,Omaha,Current,7544.54,2021-01-30,2023-01-06,Transfer,2558.28,10102.82,Personal,29697.37,4.63,Approved,MasterCard,2786.09,Suggestion,Resolved,1,2023,1,January,2021,1.9,26-35
50,21,Female,Fort Worth,Current,1243.99,2022-03-02,2023-10-29,Transfer,2404.27,3648.26,Auto,27950.34,7.1,Closed,Visa,1063.32,Praise,Resolved,1,2023,10,October,2022,1.7,18-25
51,61,Other,Nashville,Current,9123.83,2021-09-07,2023-08-25,Withdrawal,2832.35,6291.48,Mortgage,45257.41,9.35,Rejected,AMEX,4537.6,Suggestion,Resolved,-1,2023,8,August,2021,2.0,56-65
52,18,Other,Omaha,Current,2525.4,2015-10-25,2023-01-23,Deposit,1795.56,4320.96,Mortgage,1320.58,5.5,Approved,AMEX,4369.68,Complaint,Pending,1,2023,1,January,2015,7.2,18-25
53,66,Male,Denver,Current,8349.99,2020-06-03,2023-11-10,Withdrawal,3506.88,4843.11,Mortgage,28551.75,2.59,Rejected,AMEX,4434.35,Praise,Pending,1,2023,11,November,2020,3.4,65+
54,32,Other,Chicago,Savings,6653.87,2014-05-28,2023-07-04,Deposit,3433.5,3220.37,Mortgage,2206.99,2.28,Approved,MasterCard,3601.42,Praise,Resolved,1,2023,7,July,2014,9.1,26-35
55,41,Male,Seattle,Savings,5639.51,2013-01-24,2023-08-12,Transfer,2877.53,2761.98,Mortgage,48439.95,3.72,Approved,AMEX,4981.24,Praise,Pending,1,2023,8,August,2013,10.5,36-45
56,69,Female,Denver,Savings,8705.5,2007-05-17,2023-02-08,Deposit,297.89,8407.61,Auto,16687.82,5.12,Approved,MasterCard,4130.99,Praise,Resolved,1,2023,2,February,2007,15.7,65+
57,48,Female,Philadelphia,Current,9695.42,2022-11-30,2023-01-31,Withdrawal,642.92,10338.34,Mortgage,26519.26,3.68,Closed,MasterCard,2479.94,Suggestion,Pending,1,2023,1,January,2022,0.2,46-55
58,37,Other,Indianapolis,Savings,9971.6,2021-02-16,2023-01-02,Transfer,205.99,9765.61,Personal,21460.86,7.41,Rejected,Visa,3693.78,Suggestion,Pending,1,2023,1,January,2021,1.9,36-45
59,27,Male,San Diego,Current,6864.48,2012-09-05,2023-12-08,Deposit,3595.39,3269.09,Auto,44787.58,5.88,Rejected,AMEX,479.28,Praise,Resolved,1,2023,12,December,2012,11.3,26-35
60,28,Male,Seattle,Current,3457.4,2004-08-22,2023-06-14,Withdrawal,2393.22,1064.18,Mortgage,49991.08,4.66,Closed,Visa,4590.25,Praise,Resolved,-1,2023,6,June,2004,18.8,26-35
61,35,Female,Colorado Springs,Current,8759.52,2009-01-06,2023-10-27,Deposit,4775.36,13534.88,Auto,4351.01,2.92,Approved,MasterCard,4920.85,Praise,Resolved,1,2023,10,October,2009,14.8,26-35
62,51,Female,Fort Worth,Savings,6578.05,2004-06-25,2023-05-07,Withdrawal,4762.12,1815.93,Mortgage,36869.53,6.45,Approved,AMEX,4285.04,Praise,Resolved,1,2023,5,May,2004,18.9,46-55
63,45,Male,Jacksonville,Savings,3300.96,2007-12-15,2023-11-15,Transfer,3992.87,-691.91,Auto,19031.93,7.07,Approved,AMEX,177.97,Praise,Pending,-1,2023,11,November,2007,15.9,36-45
64,55,Male,San Antonio,Current,9330.41,2012-11-09,2023-03-16,Withdrawal,2220.81,7109.6,Mortgage,7814.57,8.06,Rejected,AMEX,826.04,Suggestion,Pending,1,2023,3,March,2012,10.3,46-55
65,33,Female,New York,Savings,7501.74,2009-07-17,2023-11-05,Deposit,1588.59,5913.15,Personal,20866.44,9.92,Rejected,AMEX,527.51,Praise,Pending,1,2023,11,November,2009,14.3,26-35
66,41,Male,Mesa,Savings,4583.0,2020-02-11,2023-03-17,Transfer,1012.86,5595.86,Mortgage,49909.18,3.08,Rejected,MasterCard,2128.26,Complaint,Resolved,1,2023,3,March,2020,3.1,36-45
67,56,Female,Nashville,Savings,4599.46,2016-10-04,2023-12-16,Transfer,1170.15,5769.61,Auto,18520.8,1.14,Approved,AMEX,190.61,Praise,Pending,1,2023,12,December,2016,7.2,56-65
68,68,Male,Atlanta,Savings,9959.69,2022-02-06,2023-10-02,Withdrawal,4951.69,14911.38,Personal,14592.57,5.5,Approved,AMEX,4716.75,Praise,Resolved,-1,2023,10,October,2022,1.7,65+
69,29,Other,Las Vegas,Current,3799.72,2013-06-19,2023-10-28,Transfer,2656.44,6456.16,Auto,42462.4,9.32,Approved,AMEX,2925.25,Suggestion,Resolved,1,2023,10,October,2013,10.4,26-35
70,67,Female,Boston,Current,1031.4,2020-05-29,2023-08-23,Deposit,71.14,1102.54,Auto,43528.96,3.24,Rejected,Visa,2837.64,Complaint,Resolved,1,2023,8,August,2020,3.2,65+
71,59,Male,San Antonio,Savings,5431.76,2020-04-11,2023-02-24,Transfer,231.02,5200.74,Mortgage,17604.59,7.8,Approved,AMEX,2230.04,Suggestion,Resolved,1,2023,2,February,2020,2.9,56-65
72,24,Female,San Francisco,Savings,8860.06,2002-12-25,2023-07-18,Withdrawal,2299.24,6560.82,Personal,15634.98,3.88,Approved,Visa,1689.29,Complaint,Resolved,1,2023,7,July,2002,20.6,18-25
73,53,Male,Memphis,Savings,5886.75,2018-10-12,2023-01-29,Withdrawal,2222.97,3663.78,Mortgage,32716.79,4.52,Closed,Visa,2421.45,Complaint,Resolved,1,2023,1,January,2018,4.3,46-55
74,34,Other,Baltimore,Current,7951.57,2010-09-29,2023-10-31,Transfer,2033.74,9985.31,Auto,11053.75,9.53,Rejected,AMEX,2587.65,Praise,Pending,1,2023,10,October,2010,13.1,26-35
75,66,Other,San Antonio,Savings,643.16,2016-09-23,2023-11-24,Deposit,4119.78,4762.94,Personal,24700.58,5.15,Rejected,MasterCard,3478.89,Suggestion,Pending,-1,2023,11,November,2016,7.2,65+
76,21,Other,Tucson,Current,6766.61,2005-01-01,2023-03-04,Transfer,3518.75,3247.86,Mortgage,7925.84,7.53,Rejected,MasterCard,826.25,Suggestion,Pending,1,2023,3,March,2005,18.2,18-25
77,54,Female,San Antonio,Savings,884.02,2019-03-21,2023-05-29,Transfer,546.01,1430.03,Auto,15932.98,5.95,Rejected,AMEX,2876.14,Praise,Pending,1,2023,5,May,2019,4.2,46-55
78,50,Other,Las Vegas,Savings,5607.93,2013-10-15,2023-11-09,Withdrawal,1819.77,3788.16,Personal,15576.59,7.88,Closed,MasterCard,2895.65,Suggestion,Resolved,1,2023,11,November,2013,10.1,46-55
79,36,Female,Austin,Current,5027.9,2014-11-04,2023-09-26,Transfer,2987.43,2040.47,Mortgage,35050.1,3.86,Closed,AMEX,1834.95,Praise,Resolved,1,2023,9,September,2014,8.9,36-45
80,43,Other,Dallas,Current,9461.48,2002-02-24,2023-06-04,Deposit,1918.62,11380.1,Personal,14831.38,8.89,Closed,AMEX,4821.45,Praise,Pending,1,2023,6,June,2002,21.3,36-45
81,28,Female,Fort Worth,Current,1411.4,2018-10-06,2023-07-15,Deposit,1049.44,361.96,Personal,45026.29,5.94,Closed,AMEX,3725.51,Complaint,Resolved,1,2023,7,July,2018,4.8,26-35
82,48,Other,Sacramento,Current,193.96,2010-10-11,2023-12-10,Deposit,3143.98,-2950.02,Mortgage,49169.26,3.78,Approved,MasterCard,3553.84,Complaint,Resolved,1,2023,12,December,2010,13.2,46-55
83,18,Male,Houston,Savings,1459.81,2008-05-16,2023-04-15,Deposit,3015.22,4475.03,Auto,4972.02,1.34,Approved,MasterCard,4365.64,Praise,Resolved,1,2023,4,April,2008,14.9,18-25
84,57,Male,Mesa,Current,1789.99,2015-07-06,2023-09-22,Deposit,4873.3,-3083.31,Mortgage,20484.73,1.12,Closed,AMEX,1694.55,Complaint,Pending,1,2023,9,September,2015,8.2,56-65
85,53,Female,Louisville,Current,2584.02,2010-01-10,2023-03-15,Transfer,2809.74,-225.72,Mortgage,15790.21,4.18,Approved,AMEX,1063.35,Praise,Resolved,1,2023,3,March,2010,13.2,46-55
86,46,Other,San Jose,Current,8169.38,2018-06-02,2023-03-16,Deposit,4372.74,3796.64,Personal,18247.52,2.94,Rejected,MasterCard,2191.43,Suggestion,Resolved,1,2023,3,March,2018,4.8,46-55
87,42,Other,El Paso,Savings,3831.12,2013-04-12,2023-04-07,Deposit,4746.49,8577.61,Mortgage,14002.39,1.47,Approved,AMEX,2987.74,Complaint,Pending,1,2023,4,April,2013,10.0,36-45
88,64,Male,Denver,Current,8423.5,2015-10-19,2023-08-29,Transfer,2179.57,10603.07,Personal,19750.58,5.98,Approved,Visa,2788.0,Complaint,Pending,1,2023,8,August,2015,7.9,56-65
89,66,Other,Atlanta,Savings,2792.15,2021-07-02,2023-05-19,Transfer,273.94,3066.09,Auto,7929.32,9.9,Approved,Visa,1102.03,Praise,Pending,1,2023,5,May,2021,1.9,65+
90,35,Other,Colorado Springs,Savings,8619.36,2022-06-22,2023-04-19,Deposit,726.04,7893.32,Personal,14711.1,4.8,Approved,MasterCard,1343.47,Suggestion,Resolved,1,2023,4,April,2022,0.8,26-35
91,20,Female,Las Vegas,Current,180.1,2016-11-25,2023-01-28,Deposit,2524.81,2704.91,Mortgage,37643.08,5.97,Closed,Visa,4628.69,Complaint,Pending,1,2023,1,January,2016,6.2,18-25
92,35,Male,Indianapolis,Savings,9351.9,2022-03-12,2023-04-12,Withdrawal,4465.86,4886.04,Mortgage,17858.28,2.98,Approved,MasterCard,405.51,Complaint,Pending,1,2023,4,April,2022,1.1,26-35
93,24,Other,Tucson,Current,7485.89,2002-11-29,2023-12-16,Deposit,3274.12,10760.01,Mortgage,11183.91,2.84,Approved,Visa,2520.25,Praise,Pending,1,2023,12,December,2002,21.0,18-25
94,45,Other,Fort Worth,Savings,4186.03,2002-07-04,2023-04-29,Deposit,1015.39,3170.64,Auto,6313.76,3.96,Rejected,MasterCard,2373.34,Suggestion,Resolved,1,2023,4,April,2002,20.8,36-45
95,34,Female,Fresno,Savings,5815.62,2004-08-18,2023-03-13,Withdrawal,3508.21,9323.83,Mortgage,18052.2,8.52,Closed,Visa,1916.85,Praise,Pending,1,2023,3,March,2004,18.6,26-35
96,42,Female,San Antonio,Current,9336.87,2016-12-24,2023-01-27,Transfer,4472.15,13809.02,Mortgage,32527.05,9.65,Rejected,MasterCard,3918.05,Complaint,Resolved,1,2023,1,January,2016,6.1,36-45
97,35,Female,Austin,Current,5867.35,2008-03-24,2023-05-30,Transfer,160.83,5706.52,Personal,13411.94,7.66,Approved,Visa,4612.91,Suggestion,Resolved,1,2023,5,May,2008,15.2,26-35
98,69,Female,Milwaukee,Savings,2362.83,2013-12-21,2023-06-19,Transfer,1221.63,3584.46,Mortgage,21699.84,1.19,Approved,AMEX,4986.37,Praise,Resolved,1,2023,6,June,2013,9.5,65+
99,57,Other,Memphis,Current,5771.45,2009-04-24,2023-06-09,Deposit,774.37,6545.82,Personal,47667.53,4.95,Rejected,MasterCard,613.7,Suggestion,Pending,1,2023,6,June,2009,14.1,56-65
100,60,Other,San Jose,Current,8727.33,2004-10-15,2023-05-22,Withdrawal,3922.67,12650.0,Auto,28065.78,4.79,Rejected,AMEX,214.28,Praise,Resolved,1,2023,5,May,2004,18.6,56-65
101,20,Other,Milwaukee,Savings,9875.75,2020-05-05,2023-06-03,Withdrawal,4458.47,14334.22,Mortgage,27064.99,9.42,Approved,MasterCard,1376.5,Complaint,Pending,1,2023,6,June,2020,3.1,18-25
102,42,Female,Los Angeles,Savings,5882.42,2003-10-09,2023-09-07,Deposit,2777.24,3105.18,Auto,21087.22,7.71,Rejected,MasterCard,3412.51,Praise,Resolved,1,2023,9,September,2003,19.9,36-45
103,24,Other,Colorado Springs,Savings,1640.89,2021-06-30,2023-07-02,Deposit,4242.53,-2601.64,Mortgage,28285.16,7.43,Approved,MasterCard,2022.65,Complaint,Pending,1,2023,7,July,2021,2.0,18-25
104,64,Male,Charlotte,Current,7740.35,2006-06-24,2023-07-22,Deposit,3288.12,4452.23,Mortgage,49243.8,6.08,Approved,AMEX,2329.53,Complaint,Pending,1,2023,7,July,2006,17.1,56-65
105,27,Male,Austin,Savings,9969.42,2013-03-09,2023-03-12,Deposit,3286.93,6682.49,Mortgage,13436.54,6.81,Closed,MasterCard,4997.11,Praise,Pending,1,2023,3,March,2013,10.0,26-35
106,61,Other,Fresno,Current,4789.0,2002-12-04,2023-07-02,Transfer,2902.74,1886.26,Personal,47154.47,7.29,Rejected,MasterCard,2456.68,Suggestion,Resolved,1,2023,7,July,2002,20.6,56-65
107,61,Female,Colorado Springs,Savings,3898.95,2021-12-03,2023-06-22,Withdrawal,259.59,3639.36,Personal,8304.48,5.97,Closed,MasterCard,4576.73,Complaint,Pending,1,2023,6,June,2021,1.5,56-65
108,68,Male,Houston,Current,5569.76,2006-08-06,2023-01-30,Withdrawal,4685.52,10255.28,Personal,6444.16,8.6,Approved,Visa,2058.35,Praise,Resolved,1,2023,1,January,2006,16.5,65+
109,36,Other,Austin,Current,1731.19,2018-11-27,2023-11-18,Withdrawal,1785.3,3516.49,Mortgage,33078.81,1.33,Closed,AMEX,2200.76,Suggestion,Pending,1,2023,11,November,2018,5.0,36-45
110,32,Male,Memphis,Savings,9715.71,2015-04-12,2023-12-21,Transfer,4014.86,5700.85,Mortgage,13307.77,9.47,Closed,MasterCard,3857.36,Suggestion,Pending,1,2023,12,December,2015,8.7,26-35
111,38,Male,Los Angeles,Savings,8399.51,2011-03-26,2023-06-03,Transfer,4051.82,12451.33,Mortgage,22775.22,7.96,Approved,AMEX,4507.25,Suggestion,Pending,1,2023,6,June,2011,12.2,36-45
112,38,Male,Indianapolis,Current,1218.61,2014-09-22,2023-03-30,Withdrawal,4829.15,6047.76,Personal,36753.08,5.76,Approved,AMEX,4064.69,Praise,Pending,1,2023,3,March,2014,8.5,36-45
113,54,Male,Colorado Springs,Savings,9456.31,2017-01-22,2023-08-09,Transfer,1640.23,11096.54,Personal,27207.23,8.74,Closed,Visa,2357.23,Praise,Pending,1,2023,8,August,2017,6.5,46-55
114,45,Other,San Jose,Savings,9433.91,2012-09-11,2023-11-07,Transfer,4987.02,4446.89,Auto,1673.72,8.45,Closed,AMEX,3490.18,Suggestion,Resolved,1,2023,11,November,2012,11.2,36-45
115,62,Male,Atlanta,Current,3231.91,2015-01-01,2023-12-24,Withdrawal,1509.87,1722.04,Personal,15986.32,4.77,Rejected,Visa,1318.87,Praise,Pending,1,2023,12,December,2015,9.0,56-65
116,49,Other,San Francisco,Current,6229.51,2013-11-24,2023-11-17,Deposit,2262.34,8491.85,Auto,4169.65,8.56,Closed,AMEX,385.92,Suggestion,Resolved,1,2023,11,November,2013,10.0,46-55
117,58,Male,Nashville,Savings,1196.47,2001-01-03,2023-01-25,Withdrawal,3534.19,-2337.72,Auto,46379.61,2.7,Rejected,Visa,790.09,Suggestion,Resolved,-1,2023,1,January,2001,22.1,56-65
118,44,Male,Denver,Savings,933.49,2014-01-13,2023-04-08,Deposit,783.39,1716.88,Personal,39937.78,5.22,Closed,Visa,120.35,Suggestion,Pending,1,2023,4,April,2014,9.2,36-45
119,40,Male,San Antonio,Savings,5067.77,2013-01-26,2023-02-11,Transfer,1339.2,6406.97,Mortgage,49208.24,3.09,Rejected,AMEX,2222.57,Complaint,Resolved,1,2023,2,February,2013,10.0,36-45
120,27,Other,Kansas City,Savings,591.81,2006-08-30,2023-10-27,Deposit,3643.29,-3051.48,Personal,44370.37,2.12,Closed,AMEX,3278.29,Suggestion,Resolved,1,2023,10,October,2006,17.2,26-35
121,57,Male,San Diego,Savings,8761.43,2013-01-30,2023-03-10,Deposit,4872.18,13633.61,Auto,24291.27,9.05,Approved,MasterCard,167.13,Suggestion,Pending,1,2023,3,March,2013,10.1,56-65
122,58,Male,San Jose,Current,9288.14,2001-01-30,2023-12-27,Deposit,3666.67,5621.47,Mortgage,44247.28,4.3,Approved,Visa,259.08,Complaint,Resolved,-1,2023,12,December,2001,22.9,56-65
123,23,Female,Atlanta,Savings,766.33,2001-06-23,2023-09-21,Deposit,4312.87,-3546.54,Personal,33949.49,7.16,Closed,AMEX,2604.08,Praise,Resolved,1,2023,9,September,2001,22.2,18-25
124,41,Male,Los Angeles,Current,568.12,2007-04-21,2023-12-28,Transfer,197.06,765.18,Mortgage,26705.38,4.38,Closed,MasterCard,4697.89,Suggestion,Resolved,1,2023,12,December,2007,16.7,36-45
125,35,Female,Austin,Savings,2292.04,2003-03-16,2023-03-04,Withdrawal,2889.36,5181.4,Auto,19161.66,5.9,Closed,AMEX,706.91,Praise,Pending,1,2023,3,March,2003,20.0,26-35
126,27,Other,Las Vegas,Savings,9306.59,2003-07-31,2023-07-25,Withdrawal,4571.32,4735.27,Personal,34367.34,4.13,Approved,Visa,3392.53,Praise,Resolved,1,2023,7,July,2003,20.0,26-35
127,32,Male,Philadelphia,Savings,7713.24,2018-06-06,2023-05-28,Deposit,3415.16,4298.08,Mortgage,29916.54,7.68,Closed,MasterCard,3272.27,Suggestion,Pending,1,2023,5,May,2018,5.0,26-35
128,62,Male,Detroit,Current,6797.33,2010-01-23,2023-11-25,Withdrawal,3385.55,10182.88,Auto,31095.06,8.08,Approved,AMEX,1529.74,Complaint,Pending,1,2023,11,November,2010,13.8,56-65
129,60,Female,San Antonio,Savings,7785.84,2004-03-10,2023-09-12,Withdrawal,1023.17,6762.67,Personal,20591.74,4.87,Closed,MasterCard,379.47,Praise,Resolved,1,2023,9,September,2004,19.5,56-65
130,51,Female,Colorado Springs,Current,2074.82,2004-02-06,2023-09-08,Withdrawal,4307.09,6381.91,Personal,37226.44,8.74,Closed,AMEX,3045.93,Suggestion,Pending,1,2023,9,September,2004,19.6,46-55
131,25,Male,Denver,Current,2640.22,2010-06-10,2023-09-18,Withdrawal,4326.58,6966.8,Mortgage,4985.8,4.2,Closed,AMEX,2216.28,Praise,Resolved,1,2023,9,September,2010,13.3,18-25
132,67,Other,Philadelphia,Savings,3244.52,2007-07-20,2023-05-09,Transfer,3073.9,170.62,Mortgage,36581.79,7.86,Approved,Visa,1559.79,Complaint,Resolved,-1,2023,5,May,2007,15.8,65+
133,52,Female,Memphis,Savings,6090.15,2012-10-15,2023-01-11,Withdrawal,2138.82,8228.97,Mortgage,36807.3,6.85,Rejected,MasterCard,3900.56,Praise,Resolved,1,2023,1,January,2012,10.2,46-55
134,44,Male,Colorado Springs,Savings,6121.38,2013-09-09,2023-01-17,Deposit,4123.12,1998.26,Personal,26281.23,5.1,Closed,AMEX,2024.65,Complaint,Resolved,1,2023,1,January,2013,9.4,36-45
135,42,Female,Los Angeles,Savings,2165.22,2005-06-16,2023-03-09,Withdrawal,2330.33,4495.55,Mortgage,13900.87,9.0,Approved,AMEX,3085.42,Suggestion,Resolved,1,2023,3,March,2005,17.7,36-45
136,20,Other,Denver,Current,4423.6,2001-06-05,2023-01-05,Transfer,4114.85,8538.45,Mortgage,26444.55,6.15,Closed,MasterCard,1281.2,Praise,Resolved,1,2023,1,January,2001,21.6,18-25
137,38,Female,Houston,Current,6931.2,2008-02-23,2023-07-25,Withdrawal,2429.73,9360.93,Mortgage,7031.22,8.56,Approved,MasterCard,391.53,Complaint,Resolved,1,2023,7,July,2008,15.4,36-45
138,56,Male,Philadelphia,Savings,3165.23,2020-07-07,2023-03-23,Deposit,2903.17,6068.4,Personal,14972.04,7.6,Approved,MasterCard,775.69,Praise,Pending,1,2023,3,March,2020,2.7,56-65
139,49,Female,Atlanta,Current,847.22,2020-11-05,2023-03-08,Transfer,3742.63,4589.85,Personal,21643.69,5.79,Rejected,MasterCard,1838.14,Praise,Resolved,1,2023,3,March,2020,2.3,46-55
140,67,Other,Louisville,Savings,2054.16,2016-01-21,2023-09-02,Withdrawal,1332.32,721.84,Auto,33988.46,3.94,Closed,Visa,3669.04,Praise,Resolved,1,2023,9,September,2016,7.6,65+
141,38,Male,Baltimore,Current,1730.88,2013-04-04,2023-09-24,Deposit,1241.76,2972.64,Personal,10173.62,9.56,Closed,Visa,2928.2,Praise,Resolved,1,2023,9,September,2013,10.5,36-45
142,26,Male,San Antonio,Savings,6356.23,2003-03-02,2023-08-27,Deposit,3342.53,9698.76,Personal,8750.37,1.51,Approved,Visa,1881.02,Complaint,Resolved,1,2023,8,August,2003,20.5,26-35
143,67,Male,Dallas,Savings,778.63,2021-05-02,2023-08-19,Deposit,4770.03,-3991.4,Mortgage,30782.02,9.05,Closed,MasterCard,2371.43,Praise,Resolved,1,2023,8,August,2021,2.3,65+
144,18,Male,Boston,Current,8859.02,2001-10-15,2023-08-16,Withdrawal,2235.71,6623.31,Mortgage,34297.73,5.56,Rejected,Visa,2908.31,Suggestion,Resolved,1,2023,8,August,2001,21.8,18-25
145,21,Other,Tucson,Current,935.43,2007-02-21,2023-06-02,Transfer,4492.03,5427.46,Personal,5099.13,7.74,Closed,AMEX,846.06,Praise,Pending,1,2023,6,June,2007,16.3,18-25
146,21,Male,New York,Current,6019.31,2013-05-06,2023-02-11,Withdrawal,2595.75,3423.56,Personal,2625.0,4.01,Approved,Visa,1359.01,Suggestion,Pending,1,2023,2,February,2013,9.8,18-25
147,66,Other,Philadelphia,Savings,9302.37,2022-11-11,2023-10-18,Transfer,4869.92,14172.29,Mortgage,8210.34,4.46,Approved,AMEX,1382.53,Praise,Resolved,1,2023,10,October,2022,0.9,65+
148,43,Other,Seattle,Current,717.99,2019-06-15,2023-03-20,Transfer,3962.32,-3244.33,Mortgage,45150.31,2.72,Approved,AMEX,515.22,Suggestion,Resolved,-1,2023,3,March,2019,3.8,36-45
149,51,Female,Jacksonville,Savings,3892.74,2000-05-17,2023-02-28,Deposit,4299.19,-406.45,Mortgage,33959.29,9.59,Closed,Visa,998.89,Praise,Pending,1,2023,2,February,2000,22.8,46-55
150,44,Female,Louisville,Savings,3346.66,2001-06-16,2023-04-27,Deposit,3401.22,6747.88,Auto,46130.27,1.39,Approved,AMEX,2796.43,Praise,Pending,1,2023,4,April,2001,21.9,36-45
151,32,Male,Austin,Savings,3507.67,2009-03-27,2023-09-06,Deposit,4343.78,-836.11,Mortgage,33571.03,4.48,Approved,AMEX,1131.56,Praise,Resolved,1,2023,9,September,2009,14.4,26-35
152,62,Male,Tucson,Savings,6043.08,2018-10-31,2023-02-17,Withdrawal,2968.06,3075.02,Auto,48296.62,4.01,Closed,Visa,2909.99,Complaint,Pending,1,2023,2,February,2018,4.3,56-65
153,49,Other,New York,Current,2694.82,2008-08-11,2023-08-01,Transfer,2841.01,5535.83,Personal,22506.43,8.32,Closed,AMEX,120.08,Suggestion,Pending,1,2023,8,August,2008,15.0,46-55
154,58,Female,San Jose,Savings,370.5,2018-04-11,2023-09-16,Deposit,4369.82,-3999.32,Mortgage,30355.85,5.51,Approved,Visa,869.04,Suggestion,Resolved,1,2023,9,September,2018,5.4,56-65
155,24,Male,Atlanta,Savings,9626.52,2006-05-13,2023-01-24,Withdrawal,85.18,9541.34,Auto,30458.09,2.52,Approved,MasterCard,3057.75,Suggestion,Resolved,1,2023,1,January,2006,16.7,18-25
156,61,Male,Oklahoma City,Savings,7512.88,2016-07-04,2023-08-24,Transfer,2399.11,5113.77,Mortgage,1153.86,5.58,Approved,MasterCard,2922.09,Suggestion,Pending,1,2023,8,August,2016,7.1,56-65
157,61,Other,New York,Current,1437.76,2011-05-27,2023-07-16,Transfer,4351.67,-2913.91,Mortgage,2345.27,3.12,Approved,AMEX,1378.44,Complaint,Pending,1,2023,7,July,2011,12.1,56-65
158,31,Female,Chicago,Current,4606.05,2003-03-21,2023-12-23,Withdrawal,988.79,5594.84,Personal,8118.0,1.15,Rejected,AMEX,3116.28,Complaint,Pending,1,2023,12,December,2003,20.8,26-35
159,40,Male,Seattle,Current,720.95,2001-12-20,2023-02-02,Transfer,4790.47,-4069.52,Auto,26045.35,5.9,Rejected,AMEX,829.57,Complaint,Pending,1,2023,2,February,2001,21.1,36-45
160,64,Male,Columbus,Savings,375.78,2009-10-11,2023-11-22,Withdrawal,3705.6,4081.38,Auto,22095.8,4.24,Approved,Visa,4087.66,Suggestion,Pending,1,2023,11,November,2009,14.1,56-65
161,18,Male,Milwaukee,Current,570.37,2015-12-27,2023-06-24,Deposit,3814.49,-3244.12,Mortgage,27447.7,3.15,Closed,MasterCard,1251.65,Suggestion,Resolved,1,2023,6,June,2015,7.5,18-25
162,49,Male,Portland,Current,7582.2,2000-06-28,2023-02-22,Transfer,3330.73,4251.47,Personal,40224.05,2.55,Closed,MasterCard,2336.54,Suggestion,Resolved,1,2023,2,February,2000,22.7,46-55
163,58,Male,San Francisco,Savings,4504.75,2020-12-27,2023-06-22,Withdrawal,2242.9,6747.65,Personal,41289.77,5.08,Rejected,MasterCard,4736.61,Praise,Pending,1,2023,6,June,2020,2.5,56-65
164,43,Male,Memphis,Savings,8459.53,2004-11-07,2023-07-30,Deposit,2310.17,10769.7,Personal,48873.73,8.83,Rejected,MasterCard,2888.99,Complaint,Resolved,1,2023,7,July,2004,18.7,36-45
165,65,Female,Mesa,Current,3121.63,2000-01-08,2023-11-09,Deposit,4197.15,-1075.52,Mortgage,28319.84,7.82,Rejected,AMEX,3761.37,Complaint,Resolved,1,2023,11,November,2000,23.8,56-65
166,26,Other,Atlanta,Current,7775.69,2017-02-05,2023-08-01,Deposit,704.31,8480.0,Personal,18013.56,1.04,Closed,MasterCard,3727.59,Praise,Pending,1,2023,8,August,2017,6.5,26-35
167,33,Other,Detroit,Savings,871.55,2015-10-25,2023-07-17,Transfer,2615.12,-1743.57,Personal,16093.36,7.58,Rejected,MasterCard,1906.93,Complaint,Pending,1,2023,7,July,2015,7.7,26-35
168,48,Other,San Francisco,Current,6387.57,2011-03-24,2023-10-23,Deposit,1556.64,7944.21,Personal,17696.34,1.65,Closed,AMEX,500.83,Complaint,Pending,-1,2023,10,October,2011,12.6,46-55
169,19,Male,Washington,Savings,3669.96,2007-11-27,2023-01-03,Deposit,4921.74,8591.7,Auto,16867.65,5.93,Closed,AMEX,1702.76,Suggestion,Pending,-1,2023,1,January,2007,15.1,18-25
170,49,Other,Boston,Savings,2839.58,2020-08-29,2023-02-18,Deposit,28.43,2811.15,Personal,20253.08,8.02,Rejected,Visa,168.94,Praise,Pending,1,2023,2,February,2020,2.5,46-55
171,27,Female,Los Angeles,Savings,8169.58,2018-06-24,2023-01-14,Withdrawal,327.73,7841.85,Personal,4669.19,5.08,Approved,AMEX,1320.95,Complaint,Resolved,1,2023,1,January,2018,4.6,26-35
172,42,Male,Washington,Savings,614.03,2021-08-14,2023-07-25,Transfer,4837.27,5451.3,Mortgage,32038.19,4.39,Approved,MasterCard,181.43,Suggestion,Pending,-1,2023,7,July,2021,1.9,36-45
173,35,Female,Phoenix,Current,9500.36,2010-04-13,2023-07-13,Deposit,2723.52,6776.84,Auto,28834.02,9.46,Closed,MasterCard,2097.76,Praise,Resolved,1,2023,7,July,2010,13.2,26-35
174,62,Male,Houston,Savings,7876.9,2002-08-30,2023-10-08,Transfer,701.29,8578.19,Personal,23636.08,1.26,Closed,MasterCard,45.09,Praise,Resolved,1,2023,10,October,2002,21.1,56-65
175,51,Male,Mesa,Savings,3620.53,2016-04-21,2023-09-17,Deposit,2248.72,1371.81,Personal,4974.16,1.95,Rejected,Visa,3803.42,Complaint,Resolved,1,2023,9,September,2016,7.4,46-55
176,46,Other,Philadelphia,Current,9914.2,2018-08-07,2023-09-04,Withdrawal,1620.06,11534.26,Auto,5567.23,8.83,Approved,Visa,4815.27,Suggestion,Resolved,1,2023,9,September,2018,5.1,46-55
177,62,Female,Nashville,Current,2104.64,2014-06-11,2023-03-04,Deposit,4556.93,6661.57,Auto,27710.15,8.98,Rejected,Visa,158.31,Complaint,Pending,1,2023,3,March,2014,8.7,56-65
178,41,Other,San Jose,Current,4083.9,2020-06-11,2023-02-24,Transfer,3441.02,7524.92,Personal,2792.44,4.35,Approved,AMEX,2889.18,Praise,Pending,1,2023,2,February,2020,2.7,36-45
179,20,Male,Atlanta,Savings,8860.31,2012-08-11,2023-09-15,Deposit,661.29,9521.6,Auto,36514.66,5.86,Closed,MasterCard,1352.26,Praise,Resolved,-1,2023,9,September,2012,11.1,18-25
180,32,Female,Boston,Savings,9968.39,2006-05-15,2023-01-23,Transfer,2686.86,12655.25,Personal,49695.13,2.48,Rejected,Visa,2618.58,Praise,Pending,1,2023,1,January,2006,16.7,26-35
181,20,Female,Detroit,Savings,2467.22,2019-03-06,2023-04-18,Transfer,680.96,3148.18,Auto,30272.94,8.96,Closed,MasterCard,4715.61,Suggestion,Pending,1,2023,4,April,2019,4.1,18-25
182,48,Male,Colorado Springs,Current,7456.82,2009-05-31,2023-06-25,Withdrawal,3329.5,10786.32,Personal,36448.14,5.22,Rejected,Visa,3826.42,Suggestion,Resolved,1,2023,6,June,2009,14.1,46-55
183,27,Other,Oklahoma City,Current,3126.72,2015-06-23,2023-01-15,Deposit,3638.86,6765.58,Auto,22507.86,6.08,Rejected,AMEX,3731.6,Suggestion,Pending,1,2023,1,January,2015,7.6,26-35
184,55,Male,Tucson,Savings,7688.08,2019-04-12,2023-11-03,Transfer,2815.18,4872.9,Personal,33703.2,2.06,Closed,AMEX,1467.03,Suggestion,Pending,1,2023,11,November,2019,4.6,46-55
185,39,Female,Columbus,Savings,1340.31,2013-09-11,2023-06-01,Withdrawal,4830.12,6170.43,Auto,32937.24,6.53,Closed,MasterCard,3982.37,Suggestion,Pending,1,2023,6,June,2013,9.7,36-45
186,31,Female,Mesa,Savings,3428.08,2015-09-28,2023-10-03,Transfer,4722.23,-1294.15,Auto,41380.45,7.26,Rejected,MasterCard,512.42,Suggestion,Resolved,1,2023,10,October,2015,8.0,26-35
187,26,Female,San Francisco,Current,842.5,2005-02-16,2023-11-08,Withdrawal,1037.52,-195.02,Personal,35855.64,3.65,Approved,Visa,3537.47,Complaint,Resolved,1,2023,11,November,2005,18.7,26-35
188,35,Male,Nashville,Current,4969.78,2001-01-31,2023-02-07,Deposit,11.64,4958.14,Mortgage,37703.43,9.07,Rejected,MasterCard,2020.83,Suggestion,Pending,1,2023,2,February,2001,22.0,26-35
189,25,Female,Indianapolis,Savings,7044.86,2006-06-06,2023-10-08,Deposit,3317.12,3727.74,Auto,28275.16,2.84,Closed,MasterCard,2186.18,Suggestion,Resolved,1,2023,10,October,2006,17.3,18-25
190,55,Female,Indianapolis,Current,3848.3,2016-04-25,2023-03-27,Deposit,2383.45,6231.75,Personal,24741.23,9.08,Closed,MasterCard,2449.18,Complaint,Pending,1,2023,3,March,2016,6.9,46-55
191,32,Other,Oklahoma City,Current,6185.7,2009-06-27,2023-11-20,Deposit,1679.95,7865.65,Mortgage,23477.11,7.33,Rejected,MasterCard,3841.22,Praise,Pending,1,2023,11,November,2009,14.4,26-35
192,63,Other,Memphis,Current,5733.96,2012-11-11,2023-03-21,Deposit,4585.28,1148.68,Mortgage,20208.54,8.48,Closed,MasterCard,1557.54,Praise,Resolved,1,2023,3,March,2012,10.4,56-65
193,32,Female,Louisville,Current,3016.51,2018-06-11,2023-11-16,Deposit,4892.75,-1876.24,Personal,14035.36,7.29,Rejected,MasterCard,1617.49,Praise,Pending,1,2023,11,November,2018,5.4,26-35
194,69,Other,San Diego,Savings,4919.1,2011-10-21,2023-06-20,Transfer,4653.58,9572.68,Auto,2632.24,4.86,Rejected,AMEX,2601.65,Praise,Resolved,1,2023,6,June,2011,11.7,65+
195,23,Male,Las Vegas,Savings,783.29,2021-10-13,2023-03-12,Transfer,2505.97,-1722.68,Personal,33883.69,3.98,Closed,Visa,1338.98,Suggestion,Pending,1,2023,3,March,2021,1.4,18-25
196,29,Other,Chicago,Current,4653.14,2000-01-01,2023-03-29,Withdrawal,3519.75,8172.89,Auto,45147.1,7.61,Rejected,AMEX,2230.58,Suggestion,Resolved,1,2023,3,March,2000,23.2,26-35
197,59,Other,Boston,Current,4636.08,2020-01-07,2023-02-26,Deposit,866.15,5502.23,Mortgage,46593.64,3.68,Closed,MasterCard,3301.72,Complaint,Pending,1,2023,2,February,2020,3.1,56-65
198,36,Other,Denver,Savings,384.31,2014-09-13,2023-06-16,Deposit,4754.77,-4370.46,Auto,29447.52,1.56,Rejected,MasterCard,4949.28,Praise,Resolved,1,2023,6,June,2014,8.8,36-45
199,57,Other,Tucson,Current,5187.35,2003-04-09,2023-04-29,Transfer,1425.55,3761.8,Personal,5612.69,3.22,Approved,MasterCard,1309.97,Suggestion,Resolved,1,2023,4,April,2003,20.1,56-65
200,22,Male,Los Angeles,Current,7403.17,2003-01-04,2023-10-12,Withdrawal,971.77,8374.94,Personal,44054.55,7.8,Rejected,MasterCard,1310.76,Complaint,Resolved,1,2023,10,October,2003,20.8,18-25
201,44,Other,Charlotte,Savings,4577.3,2009-09-21,2023-08-24,Withdrawal,310.19,4887.49,Mortgage,37639.5,8.14,Closed,Visa,1970.59,Suggestion,Pending,1,2023,8,August,2009,13.9,36-45
202,27,Female,Washington,Current,6495.65,2002-01-31,2023-11-16,Withdrawal,2756.35,9252.0,Personal,13319.14,3.49,Approved,Visa,3295.36,Suggestion,Resolved,1,2023,11,November,2002,21.8,26-35
203,60,Other,Jacksonville,Savings,5370.97,2020-11-08,2023-10-30,Deposit,4742.83,10113.8,Auto,40373.7,3.95,Closed,MasterCard,4631.24,Praise,Resolved,-1,2023,10,October,2020,3.0,56-65
204,69,Other,Seattle,Current,7873.27,2022-09-09,2023-01-20,Deposit,686.59,8559.86,Personal,24128.39,5.94,Approved,Visa,4745.12,Suggestion,Resolved,1,2023,1,January,2022,0.4,65+
205,63,Female,Washington,Current,5193.11,2014-12-19,2023-01-07,Withdrawal,612.94,5806.05,Personal,44492.06,3.36,Rejected,AMEX,1690.09,Suggestion,Resolved,1,2023,1,January,2014,8.1,56-65
206,31,Male,Portland,Current,3382.93,2016-10-09,2023-07-29,Deposit,1370.26,2012.67,Personal,13132.94,6.46,Approved,Visa,2086.37,Praise,Resolved,1,2023,7,July,2016,6.8,26-35
207,51,Female,San Jose,Current,8292.93,2003-01-26,2023-08-26,Deposit,3330.32,11623.25,Auto,40244.39,3.54,Closed,MasterCard,2181.68,Praise,Resolved,1,2023,8,August,2003,20.6,46-55
208,66,Female,Tucson,Current,769.45,2007-02-17,2023-12-16,Deposit,2743.59,3513.04,Auto,35883.61,2.09,Rejected,MasterCard,1744.56,Suggestion,Pending,1,2023,12,December,2007,16.8,65+
209,32,Female,Phoenix,Current,2965.62,2018-08-23,2023-04-24,Deposit,490.07,3455.69,Mortgage,1707.62,2.39,Approved,MasterCard,1577.08,Praise,Pending,1,2023,4,April,2018,4.7,26-35
210,46,Female,Detroit,Current,5955.7,2008-10-10,2023-11-05,Withdrawal,2217.08,3738.62,Auto,28603.4,3.25,Approved,AMEX,356.96,Suggestion,Pending,1,2023,11,November,2008,15.1,46-55
211,43,Other,San Jose,Current,8574.66,2012-09-24,2023-06-07,Withdrawal,343.99,8918.65,Personal,36061.18,2.51,Rejected,MasterCard,2725.48,Praise,Resolved,1,2023,6,June,2012,10.7,36-45
212,44,Other,Portland,Savings,814.2,2021-08-21,2023-11-18,Transfer,4261.0,-3446.8,Personal,8664.13,9.77,Closed,MasterCard,3311.69,Suggestion,Resolved,1,2023,11,November,2021,2.2,36-45
213,20,Other,Columbus,Savings,1050.92,2014-01-23,2023-05-07,Deposit,544.49,1595.41,Auto,27063.05,6.93,Rejected,AMEX,4957.89,Complaint,Resolved,1,2023,5,May,2014,9.3,18-25
214,20,Other,Las Vegas,Savings,2895.61,2014-05-27,2023-07-22,Deposit,2361.78,533.83,Auto,15899.82,2.61,Rejected,AMEX,3095.85,Praise,Resolved,1,2023,7,July,2014,9.2,18-25
215,52,Male,Chicago,Savings,3511.26,2005-09-26,2023-08-12,Deposit,2557.21,954.05,Mortgage,35116.39,4.82,Closed,AMEX,3052.17,Complaint,Pending,1,2023,8,August,2005,17.9,46-55
216,52,Other,Baltimore,Current,8451.03,2007-10-13,2023-03-11,Transfer,2655.33,5795.7,Auto,27466.85,3.42,Approved,AMEX,1851.94,Suggestion,Pending,1,2023,3,March,2007,15.4,46-55
217,67,Other,Sacramento,Savings,9593.14,2018-05-19,2023-12-14,Transfer,3049.68,12642.82,Mortgage,31451.44,7.16,Approved,Visa,287.56,Suggestion,Resolved,1,2023,12,December,2018,5.6,65+
218,23,Male,Columbus,Savings,270.56,2006-04-19,2023-04-30,Transfer,3510.9,3781.46,Mortgage,4554.45,8.81,Rejected,Visa,3070.83,Praise,Resolved,1,2023,4,April,2006,17.0,18-25
219,31,Female,Fort Worth,Current,252.03,2004-09-22,2023-06-02,Transfer,31.75,220.28,Auto,7751.96,4.61,Closed,Visa,627.7,Praise,Pending,1,2023,6,June,2004,18.7,26-35
220,43,Other,Louisville,Current,8661.62,2001-05-27,2023-01-23,Deposit,164.26,8497.36,Mortgage,28052.37,4.86,Approved,AMEX,3719.57,Complaint,Resolved,1,2023,1,January,2001,21.7,36-45
221,20,Other,Memphis,Current,1442.61,2018-11-12,2023-05-20,Deposit,3061.64,-1619.03,Mortgage,9877.47,4.59,Approved,AMEX,3770.77,Complaint,Pending,1,2023,5,May,2018,4.5,18-25
222,50,Female,San Francisco,Current,3459.43,2002-03-06,2023-04-22,Deposit,918.89,4378.32,Personal,25435.87,5.04,Rejected,AMEX,525.49,Praise,Pending,1,2023,4,April,2002,21.1,46-55
223,59,Other,Omaha,Current,2824.61,2013-07-30,2023-05-18,Transfer,4160.91,-1336.3,Personal,34811.44,1.32,Rejected,MasterCard,1388.13,Praise,Resolved,1,2023,5,May,2013,9.8,56-65
224,30,Female,Nashville,Savings,2890.5,2008-12-25,2023-06-29,Withdrawal,3141.28,-250.78,Personal,40678.81,6.33,Approved,MasterCard,4099.49,Praise,Pending,1,2023,6,June,2008,14.5,26-35
225,46,Female,El Paso,Current,3353.06,2021-08-27,2023-04-29,Withdrawal,4902.2,8255.26,Auto,8007.33,9.57,Closed,MasterCard,4810.91,Suggestion,Resolved,1,2023,4,April,2021,1.7,46-55
226,26,Female,Oklahoma City,Current,3426.86,2016-02-10,2023-05-10,Deposit,3642.74,7069.6,Personal,37352.06,8.07,Closed,Visa,3652.84,Complaint,Pending,1,2023,5,May,2016,7.2,26-35
227,49,Other,Austin,Current,6239.54,2008-03-17,2023-07-07,Withdrawal,462.66,6702.2,Mortgage,18796.12,8.75,Rejected,MasterCard,2006.63,Suggestion,Resolved,1,2023,7,July,2008,15.3,46-55
228,39,Female,Fresno,Savings,6324.96,2002-01-21,2023-03-22,Transfer,863.17,7188.13,Personal,34267.72,3.06,Closed,AMEX,4136.06,Praise,Pending,1,2023,3,March,2002,21.2,36-45
229,39,Other,Jacksonville,Current,5276.63,2003-08-29,2023-07-20,Transfer,242.28,5518.91,Personal,8118.95,6.46,Closed,Visa,1464.49,Suggestion,Resolved,-1,2023,7,July,2003,19.9,36-45
230,51,Male,Jacksonville,Current,8599.56,2012-02-04,2023-11-23,Deposit,3708.47,4891.09,Auto,26243.58,9.04,Rejected,AMEX,4331.3,Complaint,Pending,1,2023,11,November,2012,11.8,46-55
231,27,Female,Philadelphia,Savings,8472.15,2005-05-14,2023-03-15,Withdrawal,642.85,7829.3,Auto,42040.55,1.62,Approved,Visa,214.18,Praise,Pending,1,2023,3,March,2005,17.8,26-35
232,42,Other,Mesa,Savings,2250.45,2012-09-24,2023-10-05,Deposit,3322.2,-1071.75,Auto,6215.14,8.9,Approved,MasterCard,4964.63,Praise,Pending,1,2023,10,October,2012,11.0,36-45
233,29,Female,Las Vegas,Current,5482.03,2008-07-02,2023-05-06,Transfer,2781.43,2700.6,Auto,41556.36,1.58,Rejected,AMEX,552.67,Complaint,Pending,1,2023,5,May,2008,14.8,26-35
234,68,Other,Fort Worth,Savings,7859.99,2000-01-02,2023-06-05,Withdrawal,3170.16,4689.83,Personal,23185.65,9.85,Closed,AMEX,4575.83,Complaint,Pending,1,2023,6,June,2000,23.4,65+
235,20,Other,El Paso,Savings,8682.06,2002-01-19,2023-07-02,Transfer,2548.26,11230.32,Mortgage,41340.31,1.76,Rejected,Visa,4262.7,Suggestion,Resolved,1,2023,7,July,2002,21.4,18-25
236,36,Male,Portland,Current,2626.34,2021-03-09,2023-04-16,Withdrawal,75.01,2701.35,Mortgage,47961.0,4.31,Approved,Visa,1466.02,Praise,Pending,1,2023,4,April,2021,2.1,36-45
237,50,Female,Atlanta,Savings,4991.59,2007-10-19,2023-11-30,Deposit,1273.56,3718.03,Personal,8822.98,1.49,Rejected,MasterCard,2311.76,Complaint,Pending,1,2023,11,November,2007,16.1,46-55
238,64,Other,Philadelphia,Savings,5297.77,2020-11-10,2023-05-27,Transfer,4426.06,871.71,Mortgage,34053.91,1.51,Rejected,AMEX,1072.37,Praise,Pending,1,2023,5,May,2020,2.5,56-65
239,43,Male,New York,Current,7026.42,2009-11-10,2023-01-01,Deposit,4647.05,11673.47,Mortgage,12519.73,8.8,Approved,Visa,2405.34,Suggestion,Pending,1,2023,1,January,2009,13.1,36-45
240,30,Other,Philadelphia,Savings,3369.57,2001-09-09,2023-07-03,Transfer,495.08,2874.49,Personal,7642.16,1.57,Rejected,Visa,904.03,Complaint,Pending,1,2023,7,July,2001,21.8,26-35
241,24,Other,Washington,Savings,3005.17,2014-08-16,2023-03-29,Withdrawal,4763.62,-1758.45,Auto,31776.05,8.13,Rejected,MasterCard,1463.07,Complaint,Resolved,1,2023,3,March,2014,8.6,18-25
242,51,Male,Las Vegas,Current,7085.42,2009-12-01,2023-07-11,Withdrawal,3355.92,3729.5,Personal,6291.2,9.16,Approved,AMEX,195.79,Praise,Resolved,1,2023,7,July,2009,13.6,46-55
243,39,Female,Boston,Current,4053.42,2012-02-03,2023-03-28,Transfer,4613.56,8666.98,Auto,23793.46,9.42,Closed,MasterCard,2759.35,Praise,Resolved,1,2023,3,March,2012,11.1,36-45
244,37,Male,Charlotte,Savings,139.84,2008-01-05,2023-03-10,Transfer,2011.81,2151.65,Mortgage,32161.76,8.78,Rejected,MasterCard,3617.72,Complaint,Resolved,1,2023,3,March,2008,15.2,36-45
245,60,Female,Detroit,Savings,9384.68,2014-05-06,2023-12-06,Transfer,517.71,8866.97,Auto,25481.91,9.6,Closed,AMEX,1011.49,Complaint,Pending,1,2023,12,December,2014,9.6,56-65
246,40,Other,San Diego,Savings,1581.49,2015-07-03,2023-04-20,Withdrawal,1519.24,3100.73,Auto,35156.39,1.47,Closed,AMEX,3060.67,Praise,Resolved,1,2023,4,April,2015,7.8,36-45
247,65,Other,Las Vegas,Savings,1571.48,2016-01-19,2023-12-26,Deposit,3451.51,5022.99,Mortgage,40269.19,9.97,Closed,MasterCard,240.42,Suggestion,Pending,1,2023,12,December,2016,7.9,56-65
248,31,Male,Kansas City,Savings,8201.82,2001-10-13,2023-06-21,Deposit,3978.16,4223.66,Auto,43740.07,1.18,Closed,AMEX,417.31,Praise,Resolved,1,2023,6,June,2001,21.7,26-35
249,47,Male,Philadelphia,Current,3421.48,2001-04-16,2023-06-26,Transfer,260.11,3681.59,Mortgage,28433.74,2.5,Rejected,Visa,2722.29,Praise,Resolved,1,2023,6,June,2001,22.2,46-55
250,40,Male,Sacramento,Savings,3348.94,2021-12-23,2023-04-09,Deposit,2439.89,909.05,Mortgage,14554.89,1.73,Approved,AMEX,296.43,Suggestion,Resolved,1,2023,4,April,2021,1.3,36-45
251,64,Other,New York,Savings,6261.71,2013-04-13,2023-02-05,Deposit,331.19,5930.52,Personal,25973.43,7.7,Rejected,AMEX,2286.04,Suggestion,Resolved,1,2023,2,February,2013,9.8,56-65
252,69,Female,Mesa,Current,684.48,2003-08-11,2023-08-13,Deposit,4319.43,5003.91,Personal,19996.74,1.78,Closed,Visa,320.35,Praise,Pending,1,2023,8,August,2003,20.0,65+
253,36,Male,Fort Worth,Current,2445.92,2013-08-14,2023-12-10,Deposit,2386.93,58.99,Personal,12070.35,3.63,Closed,Visa,1746.38,Complaint,Pending,1,2023,12,December,2013,10.3,36-45
254,56,Female,Kansas City,Savings,627.38,2012-12-26,2023-10-20,Withdrawal,4574.96,-3947.58,Mortgage,26924.3,6.74,Rejected,Visa,4403.33,Complaint,Pending,1,2023,10,October,2012,10.8,56-65
255,58,Male,Austin,Savings,2985.95,2007-04-04,2023-09-10,Withdrawal,402.11,2583.84,Auto,2110.09,5.48,Closed,MasterCard,3732.0,Suggestion,Pending,1,2023,9,September,2007,16.4,56-65
256,53,Male,Fort Worth,Current,8712.31,2009-11-18,2023-02-20,Withdrawal,1659.05,10371.36,Auto,30672.68,2.23,Closed,AMEX,2067.78,Praise,Pending,1,2023,2,February,2009,13.3,46-55
257,23,Male,Colorado Springs,Savings,9102.39,2021-11-18,2023-10-20,Transfer,3385.93,12488.32,Personal,41258.59,5.69,Rejected,Visa,1751.44,Praise,Pending,-1,2023,10,October,2021,1.9,18-25
258,40,Male,San Antonio,Current,3163.42,2000-07-25,2023-06-02,Transfer,1474.99,4638.41,Personal,49972.35,4.07,Rejected,Visa,1823.61,Praise,Pending,1,2023,6,June,2000,22.9,36-45
259,27,Other,Austin,Current,1957.11,2013-05-16,2023-12-08,Withdrawal,4209.38,6166.49,Personal,46162.27,6.27,Approved,Visa,658.84,Suggestion,Resolved,1,2023,12,December,2013,10.6,26-35
260,52,Other,Mesa,Current,1439.23,2008-11-10,2023-08-25,Deposit,4934.3,-3495.07,Mortgage,5400.98,5.85,Closed,MasterCard,1953.25,Suggestion,Resolved,1,2023,8,August,2008,14.8,46-55
261,38,Male,Milwaukee,Current,4004.75,2000-05-03,2023-09-18,Withdrawal,1413.29,5418.04,Mortgage,8959.04,9.91,Closed,Visa,2937.41,Praise,Resolved,-1,2023,9,September,2000,23.4,36-45
262,49,Other,Tucson,Savings,8281.42,2016-06-25,2023-05-16,Deposit,1811.78,6469.64,Personal,7793.59,8.77,Rejected,AMEX,4239.71,Suggestion,Pending,1,2023,5,May,2016,6.9,46-55
263,47,Other,San Jose,Current,8541.37,2011-12-17,2023-09-11,Deposit,4837.05,3704.32,Mortgage,28359.23,1.03,Rejected,Visa,3412.68,Praise,Resolved,-1,2023,9,September,2011,11.7,46-55
264,50,Other,Seattle,Savings,554.69,2000-12-19,2023-11-05,Withdrawal,1796.72,-1242.03,Personal,3250.86,2.58,Closed,Visa,3189.8,Suggestion,Resolved,1,2023,11,November,2000,22.9,46-55
265,23,Other,Las Vegas,Current,2171.37,2005-11-14,2023-04-15,Transfer,2784.37,-613.0,Auto,46912.64,9.22,Rejected,MasterCard,335.96,Complaint,Resolved,1,2023,4,April,2005,17.4,18-25
266,22,Female,Dallas,Savings,2111.39,2002-12-20,2023-10-10,Deposit,3848.52,5959.91,Mortgage,4030.0,5.86,Rejected,Visa,713.68,Complaint,Resolved,1,2023,10,October,2002,20.8,18-25
267,32,Female,Milwaukee,Savings,8301.46,2003-01-22,2023-11-13,Deposit,2197.34,10498.8,Mortgage,20171.28,7.84,Rejected,Visa,472.18,Complaint,Resolved,1,2023,11,November,2003,20.8,26-35
268,60,Other,Jacksonville,Current,4617.29,2002-08-19,2023-11-17,Withdrawal,1869.31,2747.98,Mortgage,44804.52,5.53,Closed,MasterCard,954.37,Suggestion,Pending,1,2023,11,November,2002,21.2,56-65
269,69,Female,Los Angeles,Savings,3747.11,2002-01-27,2023-03-25,Deposit,2482.99,6230.1,Mortgage,47470.54,8.07,Closed,MasterCard,3869.91,Complaint,Resolved,1,2023,3,March,2002,21.2,65+
270,42,Male,Kansas City,Savings,9570.4,2021-05-30,2023-07-18,Deposit,3899.8,13470.2,Auto,23799.25,2.19,Approved,MasterCard,3101.83,Complaint,Resolved,1,2023,7,July,2021,2.1,36-45
271,30,Female,Charlotte,Savings,9261.04,2004-11-23,2023-02-14,Withdrawal,1567.69,7693.35,Auto,24933.15,7.64,Approved,AMEX,2211.73,Complaint,Resolved,1,2023,2,February,2004,18.2,26-35
272,23,Male,Chicago,Current,4457.06,2003-08-12,2023-07-08,Deposit,1760.53,6217.59,Mortgage,32172.68,8.83,Approved,Visa,57.96,Praise,Resolved,1,2023,7,July,2003,19.9,18-25
273,54,Female,Milwaukee,Savings,1370.49,2001-11-12,2023-02-19,Transfer,953.81,2324.3,Auto,20974.3,3.39,Approved,AMEX,3340.55,Suggestion,Resolved,1,2023,2,February,2001,21.3,46-55
274,19,Female,Philadelphia,Savings,1792.93,2016-09-03,2023-10-31,Transfer,3511.07,-1718.14,Personal,16908.4,4.32,Closed,Visa,2696.95,Complaint,Resolved,1,2023,10,October,2016,7.2,18-25
275,34,Male,Chicago,Current,1209.63,2002-01-19,2023-07-20,Transfer,4498.26,5707.89,Auto,37231.92,6.32,Rejected,MasterCard,414.14,Praise,Resolved,1,2023,7,July,2002,21.5,26-35
276,41,Male,Austin,Current,6836.99,2022-02-22,2023-06-24,Withdrawal,936.84,7773.83,Personal,30172.56,8.81,Closed,AMEX,3503.75,Praise,Pending,1,2023,6,June,2022,1.3,36-45
277,29,Other,Charlotte,Savings,5591.4,2006-06-04,2023-05-22,Withdrawal,182.6,5774.0,Mortgage,24601.88,9.17,Closed,MasterCard,1349.12,Complaint,Pending,1,2023,5,May,2006,17.0,26-35
278,61,Female,Louisville,Current,5610.78,2001-12-08,2023-10-02,Transfer,1912.54,3698.24,Personal,5938.58,5.81,Closed,MasterCard,2420.03,Praise,Resolved,1,2023,10,October,2001,21.8,56-65
279,31,Male,Jacksonville,Current,1073.94,2010-11-11,2023-07-09,Withdrawal,2056.67,-982.73,Personal,4374.22,6.92,Approved,MasterCard,1593.86,Complaint,Pending,1,2023,7,July,2010,12.7,26-35
280,24,Other,Kansas City,Current,7953.42,2007-06-08,2023-05-14,Withdrawal,3232.86,11186.28,Auto,26029.95,8.86,Rejected,MasterCard,1612.87,Suggestion,Resolved,1,2023,5,May,2007,15.9,18-25
281,43,Male,San Antonio,Savings,5402.17,2019-04-06,2023-04-11,Withdrawal,437.1,5839.27,Mortgage,31352.15,3.08,Rejected,AMEX,295.14,Complaint,Resolved,1,2023,4,April,2019,4.0,36-45
282,49,Other,Charlotte,Current,1000.6,2021-05-22,2023-12-12,Transfer,4109.28,-3108.68,Auto,33218.07,8.43,Closed,MasterCard,238.78,Praise,Resolved,1,2023,12,December,2021,2.6,46-55
283,46,Other,Seattle,Current,7496.59,2021-12-28,2023-09-26,Withdrawal,2874.19,10370.78,Auto,44849.62,3.36,Approved,MasterCard,3888.99,Complaint,Resolved,1,2023,9,September,2021,1.7,46-55
284,63,Male,Seattle,Current,9814.85,2001-04-24,2023-12-23,Withdrawal,2734.39,7080.46,Mortgage,40995.02,6.23,Closed,MasterCard,16.42,Suggestion,Pending,-1,2023,12,December,2001,22.7,56-65
285,56,Male,Las Vegas,Savings,4467.69,2018-03-31,2023-10-29,Transfer,1588.65,2879.04,Mortgage,7897.35,9.41,Rejected,Visa,1438.06,Praise,Pending,1,2023,10,October,2018,5.6,56-65
286,26,Female,Los Angeles,Current,1244.98,2019-09-28,2023-02-02,Transfer,1832.68,3077.66,Auto,39927.12,5.6,Rejected,Visa,4756.37,Praise,Pending,1,2023,2,February,2019,3.3,26-35
287,31,Female,Omaha,Savings,1103.85,2003-01-24,2023-04-26,Withdrawal,286.58,1390.43,Auto,34138.85,1.84,Closed,AMEX,3993.9,Complaint,Pending,1,2023,4,April,2003,20.3,26-35
288,34,Other,Oklahoma City,Current,356.21,2012-08-24,2023-04-07,Withdrawal,3771.24,-3415.03,Personal,41573.42,9.06,Rejected,MasterCard,2591.96,Complaint,Pending,1,2023,4,April,2012,10.6,26-35
289,66,Male,Fresno,Savings,7726.94,2004-02-03,2023-02-10,Deposit,3027.64,10754.58,Personal,42324.38,6.26,Approved,MasterCard,3710.94,Praise,Resolved,1,2023,2,February,2004,19.0,65+
290,42,Female,Detroit,Current,6970.61,2007-05-23,2023-11-25,Transfer,4882.38,11852.99,Auto,17931.1,1.64,Rejected,AMEX,4718.94,Praise,Pending,1,2023,11,November,2007,16.5,36-45
291,47,Other,San Antonio,Current,5883.97,2010-07-17,2023-07-26,Deposit,1774.27,4109.7,Auto,13900.17,1.09,Closed,AMEX,4699.36,Suggestion,Pending,1,2023,7,July,2010,13.0,46-55
292,62,Female,Kansas City,Savings,7679.73,2010-10-12,2023-01-29,Deposit,3334.56,4345.17,Auto,28079.07,3.35,Rejected,Visa,2229.14,Complaint,Resolved,1,2023,1,January,2010,12.3,56-65
293,46,Other,Baltimore,Savings,9993.05,2017-08-05,2023-09-20,Deposit,4598.53,5394.52,Auto,15631.78,2.08,Closed,Visa,1612.06,Suggestion,Pending,1,2023,9,September,2017,6.1,46-55
294,46,Female,Phoenix,Current,4078.29,2012-09-02,2023-04-05,Deposit,3561.29,7639.58,Auto,18134.58,6.66,Closed,AMEX,3740.67,Praise,Resolved,1,2023,4,April,2012,10.6,46-55
295,35,Male,Austin,Current,7087.52,2022-04-12,2023-07-01,Transfer,211.15,6876.37,Mortgage,4388.84,6.37,Approved,MasterCard,2050.93,Complaint,Pending,1,2023,7,July,2022,1.2,26-35
296,48,Other,New York,Current,3833.9,2018-11-27,2023-01-11,Transfer,3164.86,6998.76,Auto,49576.82,8.57,Closed,MasterCard,774.01,Praise,Resolved,1,2023,1,January,2018,4.1,46-55
297,36,Other,Fresno,Savings,3585.37,2008-08-14,2023-02-11,Transfer,2731.5,6316.87,Auto,16155.55,5.62,Closed,MasterCard,968.8,Praise,Pending,1,2023,2,February,2008,14.5,36-45
298,34,Female,New York,Current,8524.11,2021-08-30,2023-09-18,Deposit,2501.57,11025.68,Personal,39223.59,3.28,Rejected,MasterCard,2715.58,Praise,Pending,1,2023,9,September,2021,2.1,26-35
299,23,Female,Denver,Current,5790.16,2015-11-05,2023-01-02,Transfer,2769.69,8559.85,Mortgage,49664.76,1.45,Rejected,Visa,2545.9,Suggestion,Resolved,1,2023,1,January,2015,7.2,18-25
300,29,Female,Los Angeles,Current,1294.07,2005-04-23,2023-02-12,Transfer,2308.22,3602.29,Personal,48487.17,1.09,Rejected,MasterCard,2316.68,Suggestion,Resolved,1,2023,2,February,2005,17.8,26-35
301,55,Male,Nashville,Savings,4094.81,2014-01-10,2023-01-04,Transfer,3462.24,7557.05,Auto,32060.27,9.33,Approved,AMEX,1850.26,Praise,Resolved,1,2023,1,January,2014,9.0,46-55
302,20,Female,Oklahoma City,Current,7985.89,2011-06-11,2023-12-03,Withdrawal,84.42,7901.47,Auto,27394.41,2.3,Approved,MasterCard,1625.51,Complaint,Pending,1,2023,12,December,2011,12.5,18-25
303,64,Female,El Paso,Savings,9405.98,2002-03-02,2023-04-05,Deposit,950.91,10356.89,Auto,16154.55,5.49,Rejected,Visa,941.17,Suggestion,Pending,1,2023,4,April,2002,21.1,56-65
304,52,Male,Nashville,Savings,6182.84,2013-01-04,2023-02-28,Transfer,1833.27,4349.57,Auto,43213.83,8.15,Approved,MasterCard,3409.23,Praise,Resolved,1,2023,2,February,2013,10.1,46-55
305,64,Female,Las Vegas,Current,4002.72,2011-05-15,2023-01-30,Transfer,2268.81,6271.53,Auto,17561.76,9.36,Rejected,MasterCard,2515.52,Praise,Pending,1,2023,1,January,2011,11.7,56-65
306,50,Male,Houston,Savings,2594.63,2004-06-23,2023-03-29,Deposit,661.13,1933.5,Mortgage,6229.47,2.82,Approved,Visa,1846.73,Praise,Resolved,1,2023,3,March,2004,18.8,46-55
307,46,Male,Fort Worth,Savings,4278.03,2012-04-23,2023-11-26,Deposit,4102.53,8380.56,Mortgage,15410.82,3.09,Closed,Visa,3886.96,Praise,Pending,1,2023,11,November,2012,11.6,46-55
308,20,Female,Washington,Current,5699.98,2002-08-09,2023-08-08,Transfer,4647.66,10347.64,Mortgage,16439.77,2.62,Rejected,Visa,3162.06,Suggestion,Resolved,1,2023,8,August,2002,21.0,18-25
309,22,Male,Oklahoma City,Current,143.73,2016-08-23,2023-05-08,Withdrawal,3758.57,3902.3,Mortgage,36205.78,2.43,Rejected,MasterCard,3778.11,Suggestion,Pending,1,2023,5,May,2016,6.7,18-25
310,31,Female,Seattle,Current,2759.91,2001-06-05,2023-06-20,Transfer,4644.8,7404.71,Mortgage,9307.56,5.09,Approved,AMEX,3222.2,Praise,Resolved,1,2023,6,June,2001,22.0,26-35
311,53,Male,New York,Savings,6748.01,2016-08-09,2023-12-18,Withdrawal,3718.67,10466.68,Personal,16526.3,6.72,Approved,AMEX,3125.05,Suggestion,Pending,1,2023,12,December,2016,7.4,46-55
312,45,Other,Baltimore,Savings,6764.97,2005-05-28,2023-08-13,Deposit,2210.87,4554.1,Personal,4752.73,7.36,Closed,Visa,2059.07,Suggestion,Pending,1,2023,8,August,2005,18.2,36-45
313,58,Female,Tucson,Savings,6564.77,2017-07-23,2023-10-01,Deposit,1971.73,8536.5,Mortgage,42571.66,3.94,Approved,AMEX,1405.2,Complaint,Resolved,1,2023,10,October,2017,6.2,56-65
314,49,Other,Las Vegas,Current,9504.43,2005-02-25,2023-06-14,Withdrawal,840.33,10344.76,Auto,36514.0,6.61,Rejected,Visa,1155.45,Praise,Resolved,-1,2023,6,June,2005,18.3,46-55
315,35,Other,Columbus,Savings,5728.6,2014-12-14,2023-06-07,Deposit,441.37,5287.23,Auto,22436.86,1.02,Closed,AMEX,4493.32,Complaint,Resolved,-1,2023,6,June,2014,8.5,26-35
316,59,Other,Mesa,Current,2770.31,2017-03-15,2023-07-16,Withdrawal,1105.9,1664.41,Auto,22070.75,8.99,Rejected,MasterCard,1004.28,Suggestion,Pending,1,2023,7,July,2017,6.3,56-65
317,57,Other,Phoenix,Current,8134.97,2013-12-15,2023-11-11,Transfer,2665.36,5469.61,Mortgage,9152.22,8.83,Approved,AMEX,3364.06,Suggestion,Pending,1,2023,11,November,2013,9.9,56-65
318,30,Female,Austin,Savings,3954.84,2017-07-17,2023-01-30,Transfer,683.39,4638.23,Mortgage,19839.18,5.9,Rejected,AMEX,946.97,Praise,Resolved,1,2023,1,January,2017,5.5,26-35
319,19,Male,Las Vegas,Savings,2468.98,2012-06-10,2023-07-15,Deposit,4756.31,7225.29,Auto,45434.43,3.19,Closed,MasterCard,4694.62,Suggestion,Pending,1,2023,7,July,2012,11.1,18-25
320,69,Female,Milwaukee,Savings,5611.82,2020-03-30,2023-06-18,Deposit,1100.33,4511.49,Personal,7794.24,9.75,Rejected,AMEX,980.17,Suggestion,Resolved,1,2023,6,June,2020,3.2,65+
321,42,Female,San Jose,Current,2961.44,2008-07-28,2023-11-03,Deposit,4169.82,-1208.38,Personal,38486.39,8.3,Approved,Visa,4274.29,Suggestion,Pending,1,2023,11,November,2008,15.3,36-45
322,37,Male,Indianapolis,Savings,4021.98,2014-03-02,2023-12-10,Withdrawal,4095.91,8117.89,Personal,3311.62,1.15,Rejected,Visa,4675.61,Praise,Pending,1,2023,12,December,2014,9.8,36-45
323,24,Other,Las Vegas,Current,6962.26,2011-03-19,2023-03-08,Deposit,714.61,7676.87,Personal,16272.3,5.23,Rejected,AMEX,1034.48,Praise,Pending,1,2023,3,March,2011,12.0,18-25
324,28,Male,San Jose,Savings,9959.89,2011-10-31,2023-07-03,Transfer,3556.61,13516.5,Auto,42499.94,1.92,Closed,Visa,4435.27,Suggestion,Pending,1,2023,7,July,2011,11.7,26-35
325,22,Other,Las Vegas,Current,6482.84,2017-02-19,2023-08-26,Transfer,4122.33,10605.17,Personal,22804.2,2.19,Approved,Visa,547.3,Suggestion,Resolved,1,2023,8,August,2017,6.5,18-25
326,46,Female,Detroit,Savings,2837.15,2014-12-12,2023-07-21,Transfer,4422.59,7259.74,Mortgage,35432.01,1.01,Closed,MasterCard,3499.94,Suggestion,Pending,1,2023,7,July,2014,8.6,46-55
327,35,Male,Los Angeles,Savings,995.61,2014-04-23,2023-04-19,Withdrawal,4770.36,-3774.75,Mortgage,6073.55,7.19,Closed,MasterCard,2534.42,Complaint,Resolved,1,2023,4,April,2014,9.0,26-35
328,25,Male,Indianapolis,Current,3683.48,2015-06-09,2023-08-06,Transfer,4651.22,8334.7,Mortgage,34487.86,3.27,Closed,Visa,4805.58,Suggestion,Pending,1,2023,8,August,2015,8.2,18-25
329,44,Other,Kansas City,Savings,291.18,2018-04-12,2023-03-17,Transfer,1562.57,-1271.39,Personal,41132.01,3.74,Approved,AMEX,2404.73,Praise,Resolved,1,2023,3,March,2018,4.9,36-45
330,59,Male,New York,Savings,4701.07,2021-09-18,2023-11-17,Deposit,1345.6,6046.67,Mortgage,40457.05,1.42,Rejected,MasterCard,342.16,Suggestion,Pending,1,2023,11,November,2021,2.2,56-65
331,19,Female,Austin,Current,6633.84,2017-09-22,2023-01-02,Transfer,1993.68,8627.52,Mortgage,22504.62,1.07,Approved,AMEX,631.19,Suggestion,Pending,1,2023,1,January,2017,5.3,18-25
332,52,Male,Sacramento,Savings,5166.78,2012-09-25,2023-01-11,Deposit,2330.38,7497.16,Mortgage,45302.92,8.13,Rejected,MasterCard,1607.23,Praise,Pending,1,2023,1,January,2012,10.3,46-55
333,43,Male,Memphis,Savings,8666.29,2014-08-04,2023-03-17,Transfer,1177.09,9843.38,Mortgage,29173.77,6.95,Closed,Visa,2344.87,Complaint,Pending,1,2023,3,March,2014,8.6,36-45
334,40,Female,Atlanta,Current,4991.1,2021-10-29,2023-04-02,Transfer,439.56,5430.66,Auto,41075.72,4.44,Rejected,MasterCard,4789.63,Suggestion,Resolved,1,2023,4,April,2021,1.4,36-45
335,22,Other,San Francisco,Savings,4677.56,2006-10-11,2023-04-07,Deposit,3286.37,1391.19,Personal,11459.51,1.63,Approved,AMEX,2421.5,Praise,Resolved,1,2023,4,April,2006,16.5,18-25
336,33,Male,Colorado Springs,Savings,3165.8,2008-08-02,2023-06-19,Deposit,879.46,2286.34,Personal,11301.79,7.98,Approved,Visa,4650.09,Suggestion,Resolved,1,2023,6,June,2008,14.9,26-35
337,59,Other,Louisville,Current,8392.38,2018-03-28,2023-09-16,Transfer,4575.35,3817.03,Personal,37963.75,9.34,Approved,MasterCard,4566.73,Suggestion,Pending,-1,2023,9,September,2018,5.5,56-65
338,28,Male,Memphis,Savings,9045.63,2006-05-30,2023-10-24,Withdrawal,1445.55,7600.08,Auto,32685.12,5.75,Rejected,Visa,843.63,Suggestion,Pending,-1,2023,10,October,2006,17.4,26-35
339,36,Female,Chicago,Savings,9781.4,2000-08-08,2023-11-01,Withdrawal,996.45,8784.95,Personal,34139.18,2.25,Rejected,AMEX,4596.41,Praise,Pending,1,2023,11,November,2000,23.2,36-45
340,33,Other,Jacksonville,Current,9813.97,2017-12-27,2023-03-24,Deposit,978.85,8835.12,Auto,12591.94,6.87,Approved,AMEX,1275.91,Suggestion,Pending,1,2023,3,March,2017,5.2,26-35
341,49,Male,Columbus,Savings,9806.19,2006-06-18,2023-03-23,Deposit,1454.45,8351.74,Mortgage,20581.51,1.64,Approved,AMEX,4184.03,Praise,Resolved,1,2023,3,March,2006,16.8,46-55
342,29,Other,Fort Worth,Savings,7148.39,2015-12-22,2023-10-20,Transfer,3064.71,10213.1,Auto,13660.6,2.49,Rejected,Visa,4876.42,Suggestion,Pending,1,2023,10,October,2015,7.8,26-35
343,19,Male,Baltimore,Savings,5670.26,2015-04-15,2023-12-14,Withdrawal,4891.8,10562.06,Personal,4338.17,5.24,Closed,Visa,359.88,Praise,Resolved,1,2023,12,December,2015,8.7,18-25
344,60,Female,Albuquerque,Current,1806.21,2009-12-27,2023-08-11,Withdrawal,2436.48,-630.27,Auto,10993.12,3.24,Approved,MasterCard,3407.06,Complaint,Resolved,1,2023,8,August,2009,13.6,56-65
345,39,Female,Albuquerque,Savings,7693.93,2000-09-08,2023-09-20,Transfer,3002.39,4691.54,Auto,49763.05,9.37,Rejected,AMEX,2131.26,Suggestion,Resolved,-1,2023,9,September,2000,23.0,36-45
346,43,Male,Albuquerque,Savings,7375.31,2018-09-21,2023-02-07,Withdrawal,4214.57,11589.88,Mortgage,12468.06,8.28,Approved,Visa,2275.69,Praise,Pending,1,2023,2,February,2018,4.4,36-45
347,50,Male,Detroit,Current,8439.78,2014-04-28,2023-05-13,Transfer,1676.85,6762.93,Auto,8805.37,3.49,Closed,Visa,2793.84,Suggestion,Resolved,-1,2023,5,May,2014,9.0,46-55
348,41,Other,New York,Current,4678.27,2004-11-22,2023-03-02,Transfer,907.58,5585.85,Auto,35146.96,9.67,Closed,Visa,4727.19,Praise,Resolved,1,2023,3,March,2004,18.3,36-45
349,22,Male,Los Angeles,Savings,8934.97,2000-10-06,2023-03-24,Deposit,2173.8,6761.17,Auto,30505.08,4.4,Closed,MasterCard,3160.63,Praise,Resolved,1,2023,3,March,2000,22.5,18-25
350,38,Other,San Francisco,Savings,7214.88,2012-01-07,2023-07-24,Transfer,1600.28,8815.16,Auto,37554.64,6.12,Rejected,MasterCard,4959.12,Praise,Resolved,1,2023,7,July,2012,11.5,36-45
351,63,Male,Baltimore,Current,1794.14,2015-06-05,2023-01-28,Withdrawal,4331.99,6126.13,Personal,33029.98,6.08,Closed,AMEX,4826.23,Complaint,Resolved,1,2023,1,January,2015,7.6,56-65
352,35,Female,Colorado Springs,Current,2148.34,2017-04-12,2023-07-04,Withdrawal,4889.92,-2741.58,Mortgage,11926.68,6.85,Approved,AMEX,4281.53,Complaint,Resolved,1,2023,7,July,2017,6.2,26-35
353,56,Other,San Antonio,Current,8161.23,2005-10-02,2023-05-10,Transfer,3444.7,4716.53,Auto,25544.4,3.19,Closed,Visa,3495.69,Suggestion,Resolved,1,2023,5,May,2005,17.6,56-65
354,22,Other,Portland,Savings,4314.36,2009-12-28,2023-03-11,Deposit,3272.27,7586.63,Mortgage,9655.5,9.3,Approved,AMEX,1159.11,Praise,Resolved,1,2023,3,March,2009,13.2,18-25
355,25,Female,Dallas,Current,2565.23,2018-10-22,2023-07-26,Withdrawal,3573.96,-1008.73,Mortgage,13423.36,3.39,Approved,Visa,2864.88,Suggestion,Resolved,1,2023,7,July,2018,4.8,18-25
356,38,Other,Washington,Savings,4283.51,2015-09-20,2023-06-05,Deposit,2343.65,1939.86,Personal,49358.96,6.98,Approved,Visa,1169.05,Complaint,Resolved,-1,2023,6,June,2015,7.7,36-45
357,64,Female,Fresno,Savings,1697.64,2000-01-24,2023-02-06,Transfer,3147.68,4845.32,Auto,36705.32,7.89,Approved,Visa,4771.23,Suggestion,Resolved,1,2023,2,February,2000,23.0,56-65
358,22,Female,New York,Savings,8928.19,2019-11-18,2023-08-05,Transfer,365.59,9293.78,Auto,39359.67,8.93,Approved,AMEX,4794.0,Complaint,Pending,1,2023,8,August,2019,3.7,18-25
359,30,Female,Dallas,Current,808.24,2010-10-17,2023-04-06,Withdrawal,2472.31,-1664.07,Personal,2472.9,5.11,Closed,Visa,1662.92,Complaint,Resolved,1,2023,4,April,2010,12.5,26-35
360,36,Male,Oklahoma City,Current,3597.09,2002-11-29,2023-09-06,Withdrawal,1668.51,5265.6,Personal,19724.56,7.41,Rejected,Visa,240.54,Suggestion,Pending,1,2023,9,September,2002,20.8,36-45
361,46,Female,Denver,Current,5613.59,2006-10-19,2023-07-02,Deposit,275.37,5338.22,Personal,28207.19,1.77,Closed,MasterCard,4138.9,Praise,Resolved,1,2023,7,July,2006,16.7,46-55
362,19,Other,Mesa,Current,8749.09,2021-02-15,2023-04-11,Transfer,2728.43,11477.52,Mortgage,8334.03,8.0,Closed,MasterCard,1760.46,Praise,Pending,1,2023,4,April,2021,2.1,18-25
363,54,Male,Omaha,Savings,7837.33,2013-12-27,2023-08-16,Deposit,1807.68,6029.65,Auto,42578.77,7.8,Rejected,Visa,1597.56,Praise,Pending,1,2023,8,August,2013,9.6,46-55
364,43,Female,Houston,Savings,321.99,2003-05-19,2023-12-04,Withdrawal,2957.16,-2635.17,Auto,7840.41,4.7,Closed,AMEX,2899.75,Complaint,Pending,1,2023,12,December,2003,20.5,36-45
365,46,Female,Dallas,Current,8269.96,2020-11-17,2023-01-03,Withdrawal,2570.77,5699.19,Auto,32188.77,3.82,Rejected,AMEX,2.38,Suggestion,Pending,1,2023,1,January,2020,2.1,46-55
366,22,Female,Washington,Savings,6417.39,2006-04-10,2023-03-12,Deposit,1388.34,7805.73,Personal,28106.17,4.42,Approved,MasterCard,1874.86,Praise,Resolved,1,2023,3,March,2006,16.9,18-25
367,49,Other,Seattle,Current,1420.15,2011-08-09,2023-04-07,Transfer,2704.52,4124.67,Mortgage,42616.35,1.82,Closed,MasterCard,2081.83,Complaint,Pending,1,2023,4,April,2011,11.7,46-55
368,55,Male,Fort Worth,Savings,6213.03,2004-11-19,2023-03-26,Withdrawal,1900.08,8113.11,Mortgage,16278.73,6.74,Approved,Visa,4853.94,Praise,Pending,1,2023,3,March,2004,18.3,46-55
369,65,Male,Colorado Springs,Savings,8197.15,2010-12-06,2023-08-27,Transfer,4606.37,12803.52,Personal,14920.1,9.22,Approved,AMEX,791.94,Complaint,Resolved,1,2023,8,August,2010,12.7,56-65
370,19,Male,Dallas,Current,6060.91,2012-05-25,2023-06-25,Withdrawal,1884.41,4176.5,Auto,42474.24,6.99,Rejected,MasterCard,753.08,Suggestion,Resolved,1,2023,6,June,2012,11.1,18-25
371,22,Other,Philadelphia,Savings,9991.55,2009-12-29,2023-10-20,Transfer,210.35,9781.2,Auto,11848.89,6.22,Closed,AMEX,3096.8,Complaint,Resolved,1,2023,10,October,2009,13.8,18-25
372,64,Female,Denver,Savings,5119.33,2020-04-07,2023-05-11,Withdrawal,3820.23,8939.56,Mortgage,37556.03,9.92,Approved,MasterCard,390.94,Complaint,Pending,1,2023,5,May,2020,3.1,56-65
373,50,Male,San Antonio,Savings,6764.0,2007-08-11,2023-06-26,Transfer,4818.78,1945.22,Mortgage,10366.15,5.88,Approved,AMEX,3105.37,Suggestion,Pending,1,2023,6,June,2007,15.9,46-55
374,68,Female,Indianapolis,Current,796.7,2009-11-24,2023-04-11,Transfer,855.23,1651.93,Auto,43909.08,4.11,Approved,MasterCard,2037.22,Suggestion,Resolved,1,2023,4,April,2009,13.4,65+
375,52,Other,Phoenix,Savings,8150.66,2017-05-17,2023-08-05,Withdrawal,4864.19,3286.47,Personal,42114.11,7.34,Rejected,Visa,13.14,Suggestion,Resolved,1,2023,8,August,2017,6.2,46-55
376,36,Male,Indianapolis,Savings,6278.62,2005-06-19,2023-07-07,Transfer,3089.8,9368.42,Personal,39585.69,5.69,Rejected,AMEX,2203.22,Complaint,Pending,1,2023,7,July,2005,18.0,36-45
377,32,Other,New York,Savings,5656.3,2021-12-31,2023-09-03,Transfer,4238.46,1417.84,Mortgage,25082.09,9.75,Approved,AMEX,3693.8,Suggestion,Resolved,1,2023,9,September,2021,1.7,26-35
378,52,Male,Atlanta,Current,7117.21,2016-09-22,2023-12-19,Withdrawal,2369.75,9486.96,Personal,2658.12,9.08,Closed,AMEX,663.01,Complaint,Pending,1,2023,12,December,2016,7.2,46-55
379,25,Male,Colorado Springs,Savings,5649.05,2000-04-19,2023-09-26,Deposit,3116.38,8765.43,Personal,7490.79,9.52,Rejected,AMEX,917.79,Praise,Pending,1,2023,9,September,2000,23.4,18-25
380,64,Female,Denver,Current,7687.87,2001-02-15,2023-06-30,Withdrawal,4206.88,3480.99,Auto,23373.65,1.01,Approved,Visa,1172.33,Praise,Resolved,1,2023,6,June,2001,22.4,56-65
381,18,Other,Atlanta,Current,5876.8,2000-03-11,2023-11-02,Deposit,4914.17,962.63,Auto,3138.73,4.01,Approved,AMEX,1949.43,Suggestion,Pending,1,2023,11,November,2000,23.6,18-25
382,55,Male,San Francisco,Savings,5248.53,2010-03-16,2023-06-03,Withdrawal,932.14,6180.67,Personal,4110.15,6.64,Rejected,AMEX,4745.81,Complaint,Pending,1,2023,6,June,2010,13.2,46-55
383,39,Male,Detroit,Savings,1436.69,2001-12-18,2023-06-30,Deposit,4494.75,-3058.06,Mortgage,7149.69,3.77,Approved,MasterCard,352.76,Suggestion,Pending,1,2023,6,June,2001,21.5,36-45
384,34,Other,Washington,Savings,4771.12,2014-12-29,2023-02-26,Deposit,3339.69,8110.81,Auto,13781.49,6.91,Closed,MasterCard,4108.37,Complaint,Pending,1,2023,2,February,2014,8.2,26-35
385,33,Female,San Diego,Savings,5428.52,2018-08-27,2023-02-15,Withdrawal,4734.84,10163.36,Auto,37716.82,7.43,Rejected,AMEX,4003.66,Praise,Resolved,1,2023,2,February,2018,4.5,26-35
386,62,Other,Tucson,Savings,6283.28,2001-12-19,2023-12-16,Transfer,1597.35,7880.63,Auto,3351.14,6.61,Rejected,Visa,2328.44,Praise,Pending,1,2023,12,December,2001,22.0,56-65
387,18,Male,Los Angeles,Savings,4613.33,2021-03-07,2023-03-27,Withdrawal,1220.54,5833.87,Mortgage,49198.33,5.12,Closed,Visa,680.19,Suggestion,Resolved,1,2023,3,March,2021,2.1,18-25
388,20,Other,Baltimore,Current,1551.77,2021-03-06,2023-08-23,Deposit,1833.96,-282.19,Auto,14417.65,7.27,Approved,AMEX,3060.75,Praise,Pending,1,2023,8,August,2021,2.5,18-25
389,23,Female,Oklahoma City,Savings,1588.59,2022-10-10,2023-03-23,Deposit,4423.65,-2835.06,Auto,16689.69,8.02,Rejected,MasterCard,3616.69,Praise,Pending,1,2023,3,March,2022,0.4,18-25
390,69,Female,Seattle,Savings,7237.78,2019-10-30,2023-06-27,Deposit,2303.57,4934.21,Personal,13146.36,7.26,Closed,MasterCard,776.24,Suggestion,Resolved,1,2023,6,June,2019,3.7,65+
391,20,Female,Jacksonville,Current,6648.33,2006-05-14,2023-11-22,Withdrawal,4757.86,1890.47,Mortgage,30517.15,8.31,Closed,MasterCard,3494.73,Suggestion,Resolved,1,2023,11,November,2006,17.5,18-25
392,64,Female,Las Vegas,Savings,2669.04,2006-09-01,2023-04-03,Deposit,1219.28,3888.32,Personal,1951.9,9.53,Approved,Visa,4602.65,Praise,Resolved,1,2023,4,April,2006,16.6,56-65
393,47,Female,Houston,Savings,4513.99,2007-09-19,2023-07-17,Transfer,1110.51,5624.5,Personal,5584.91,1.92,Rejected,AMEX,947.46,Praise,Pending,1,2023,7,July,2007,15.8,46-55
394,64,Female,Atlanta,Current,3138.88,2001-06-19,2023-06-11,Transfer,3395.24,6534.12,Personal,5840.09,9.16,Rejected,Visa,628.36,Suggestion,Pending,1,2023,6,June,2001,22.0,56-65
395,28,Female,Houston,Current,1892.13,2017-08-30,2023-08-14,Transfer,1465.4,426.73,Personal,33562.09,3.46,Closed,Visa,3334.37,Complaint,Pending,1,2023,8,August,2017,6.0,26-35
396,44,Male,San Jose,Savings,3329.02,2021-03-17,2023-07-12,Withdrawal,654.48,2674.54,Personal,17146.57,6.07,Closed,MasterCard,2405.58,Suggestion,Resolved,1,2023,7,July,2021,2.3,36-45
397,39,Other,Boston,Current,2700.62,2014-02-28,2023-05-26,Transfer,1885.93,4586.55,Personal,22437.22,9.48,Rejected,Visa,4269.68,Suggestion,Resolved,1,2023,5,May,2014,9.2,36-45
398,23,Female,San Jose,Current,916.03,2009-07-22,2023-09-11,Withdrawal,1338.17,-422.14,Auto,47548.69,6.58,Approved,Visa,2579.6,Suggestion,Pending,1,2023,9,September,2009,14.1,18-25
399,55,Other,Seattle,Current,5094.42,2010-08-06,2023-10-10,Deposit,2070.78,3023.64,Mortgage,10802.1,1.76,Approved,AMEX,4104.52,Suggestion,Pending,1,2023,10,October,2010,13.2,46-55
400,58,Other,Las Vegas,Current,4563.75,2004-11-14,2023-01-10,Withdrawal,940.69,3623.06,Personal,4439.64,5.49,Approved,MasterCard,1975.56,Complaint,Pending,1,2023,1,January,2004,18.2,56-65
401,63,Male,Los Angeles,Savings,7174.62,2008-08-13,2023-05-10,Transfer,4785.34,11959.96,Mortgage,22629.74,9.05,Closed,Visa,980.61,Praise,Pending,1,2023,5,May,2008,14.7,56-65
402,48,Other,Tucson,Current,6241.03,2002-06-24,2023-11-11,Withdrawal,4010.23,10251.26,Mortgage,9039.59,4.71,Closed,AMEX,1877.34,Complaint,Resolved,1,2023,11,November,2002,21.4,46-55
403,60,Other,Denver,Savings,3499.44,2005-11-01,2023-04-01,Withdrawal,4206.1,-706.66,Auto,8088.2,8.63,Approved,Visa,1797.71,Suggestion,Pending,-1,2023,4,April,2005,17.4,56-65
404,23,Female,Dallas,Savings,5013.41,2019-01-08,2023-03-04,Withdrawal,1495.98,6509.39,Mortgage,21096.47,8.15,Rejected,AMEX,1497.48,Suggestion,Resolved,1,2023,3,March,2019,4.2,18-25
405,67,Female,Louisville,Current,5407.22,2009-08-17,2023-01-15,Withdrawal,4285.23,9692.45,Mortgage,33812.91,9.16,Closed,MasterCard,1170.96,Complaint,Resolved,1,2023,1,January,2009,13.4,65+
406,37,Other,Sacramento,Savings,9183.73,2012-02-19,2023-08-30,Deposit,2958.01,12141.74,Mortgage,12899.74,3.37,Closed,AMEX,1932.89,Complaint,Pending,1,2023,8,August,2012,11.5,36-45
407,64,Female,Colorado Springs,Current,9818.77,2016-05-27,2023-07-12,Withdrawal,293.09,10111.86,Mortgage,43922.23,5.47,Rejected,Visa,4858.16,Praise,Pending,1,2023,7,July,2016,7.1,56-65
408,58,Male,Jacksonville,Current,8173.87,2000-04-10,2023-12-27,Withdrawal,774.77,7399.1,Auto,18759.95,4.02,Closed,AMEX,2458.37,Complaint,Pending,1,2023,12,December,2000,23.7,56-65
409,28,Other,New York,Current,5664.84,2016-08-04,2023-08-04,Withdrawal,2235.35,3429.49,Auto,46768.36,5.81,Closed,Visa,694.1,Complaint,Resolved,1,2023,8,August,2016,7.0,26-35
410,19,Other,Nashville,Current,9288.26,2005-11-17,2023-09-19,Deposit,1974.99,11263.25,Personal,25127.37,1.17,Approved,Visa,1175.85,Complaint,Pending,1,2023,9,September,2005,17.8,18-25
411,48,Male,Dallas,Savings,1863.32,2006-01-29,2023-08-09,Deposit,3978.44,5841.76,Mortgage,36610.16,3.18,Approved,AMEX,1764.83,Suggestion,Resolved,1,2023,8,August,2006,17.5,46-55
412,55,Male,Charlotte,Savings,6995.31,2000-01-28,2023-05-14,Deposit,4369.61,11364.92,Mortgage,42601.83,9.77,Rejected,Visa,942.07,Suggestion,Resolved,1,2023,5,May,2000,23.3,46-55
413,43,Male,Sacramento,Current,4658.63,2013-04-14,2023-10-21,Withdrawal,4326.0,8984.63,Auto,26956.27,6.43,Approved,MasterCard,3708.79,Suggestion,Resolved,1,2023,10,October,2013,10.5,36-45
414,44,Male,Phoenix,Current,1533.01,2009-02-18,2023-10-31,Withdrawal,1882.69,-349.68,Auto,42665.85,2.56,Closed,AMEX,3953.28,Praise,Pending,1,2023,10,October,2009,14.7,36-45
415,63,Other,Washington,Savings,844.58,2006-06-20,2023-01-15,Deposit,3182.52,-2337.94,Auto,19521.11,5.57,Approved,Visa,4012.93,Praise,Resolved,1,2023,1,January,2006,16.6,56-65
416,63,Female,El Paso,Savings,4859.34,2011-04-26,2023-11-24,Withdrawal,2490.49,2368.85,Mortgage,18806.8,7.28,Approved,AMEX,4578.81,Praise,Pending,1,2023,11,November,2011,12.6,56-65
417,48,Female,San Antonio,Current,2465.8,2010-01-24,2023-01-29,Withdrawal,4445.71,6911.51,Auto,39909.11,6.43,Closed,MasterCard,4293.73,Suggestion,Pending,1,2023,1,January,2010,13.0,46-55
418,41,Female,El Paso,Current,2580.01,2006-07-03,2023-09-15,Deposit,4445.97,7025.98,Mortgage,12822.22,5.52,Closed,AMEX,2903.74,Complaint,Pending,1,2023,9,September,2006,17.2,36-45
419,30,Female,Boston,Current,3270.15,2000-02-17,2023-11-27,Deposit,278.82,2991.33,Auto,36134.89,7.07,Closed,AMEX,2496.65,Praise,Resolved,1,2023,11,November,2000,23.8,26-35
420,42,Male,Portland,Savings,7211.81,2019-04-29,2023-07-20,Transfer,2864.98,4346.83,Mortgage,4777.26,2.5,Approved,Visa,4003.2,Praise,Pending,1,2023,7,July,2019,4.2,36-45
421,54,Female,Philadelphia,Current,1724.49,2022-06-11,2023-03-29,Deposit,2522.3,-797.81,Personal,32145.63,4.94,Approved,AMEX,4827.52,Complaint,Resolved,1,2023,3,March,2022,0.8,46-55
422,58,Female,Fresno,Current,7203.8,2015-02-24,2023-06-11,Deposit,3854.26,11058.06,Auto,47153.58,7.75,Approved,AMEX,152.65,Complaint,Pending,1,2023,6,June,2015,8.3,56-65
423,42,Other,Dallas,Savings,7848.83,2020-10-24,2023-01-24,Deposit,987.08,8835.91,Personal,23366.83,6.22,Rejected,Visa,1801.67,Suggestion,Pending,1,2023,1,January,2020,2.3,36-45
424,46,Other,Tucson,Current,5985.35,2003-09-24,2023-08-29,Deposit,3478.04,9463.39,Auto,21382.29,9.16,Approved,MasterCard,3340.07,Complaint,Pending,1,2023,8,August,2003,19.9,46-55
425,48,Female,Philadelphia,Current,2550.82,2009-02-22,2023-04-12,Withdrawal,3695.66,6246.48,Auto,27486.5,4.99,Rejected,AMEX,1787.3,Praise,Pending,1,2023,4,April,2009,14.1,46-55
426,60,Male,Atlanta,Savings,610.17,2002-03-27,2023-10-08,Deposit,143.46,466.71,Mortgage,36258.74,2.19,Closed,MasterCard,3814.19,Praise,Pending,1,2023,10,October,2002,21.5,56-65
427,56,Female,Milwaukee,Savings,4138.66,2000-01-08,2023-04-27,Withdrawal,2162.03,6300.69,Personal,18582.98,1.44,Closed,MasterCard,3958.99,Suggestion,Pending,1,2023,4,April,2000,23.3,56-65
428,19,Male,Fresno,Savings,8489.71,2013-05-04,2023-02-02,Withdrawal,4894.94,13384.65,Mortgage,1006.37,5.3,Rejected,Visa,3414.35,Suggestion,Pending,1,2023,2,February,2013,9.7,18-25
429,29,Other,Memphis,Savings,1108.52,2006-12-07,2023-12-30,Deposit,1510.02,-401.5,Mortgage,25602.15,4.94,Closed,AMEX,792.06,Complaint,Resolved,1,2023,12,December,2006,17.1,26-35
430,22,Male,Columbus,Current,7473.82,2007-07-22,2023-09-11,Deposit,4423.82,3050.0,Mortgage,21544.63,3.31,Closed,Visa,4662.43,Suggestion,Pending,1,2023,9,September,2007,16.1,18-25
431,44,Female,Mesa,Savings,4732.11,2000-11-24,2023-10-26,Transfer,2938.58,7670.69,Mortgage,27102.45,6.31,Rejected,MasterCard,1640.72,Praise,Resolved,1,2023,10,October,2000,22.9,36-45
432,51,Other,Mesa,Savings,8998.45,2013-05-07,2023-01-17,Withdrawal,1489.76,7508.69,Auto,36050.3,3.25,Rejected,Visa,4887.67,Suggestion,Resolved,1,2023,1,January,2013,9.7,46-55
433,31,Female,Charlotte,Current,3626.36,2006-07-13,2023-01-07,Deposit,4181.58,-555.22,Mortgage,14886.16,2.95,Approved,AMEX,1759.92,Suggestion,Resolved,1,2023,1,January,2006,16.5,26-35
434,24,Female,San Diego,Savings,7077.01,2010-11-24,2023-01-27,Withdrawal,4953.4,2123.61,Auto,25757.72,6.6,Approved,Visa,803.87,Suggestion,Pending,1,2023,1,January,2010,12.2,18-25
435,54,Male,Detroit,Savings,7427.18,2006-10-02,2023-02-05,Transfer,3712.61,3714.57,Auto,13416.05,9.5,Rejected,MasterCard,1441.71,Suggestion,Pending,1,2023,2,February,2006,16.3,46-55
436,53,Female,Mesa,Savings,2067.54,2014-08-04,2023-09-28,Deposit,315.86,2383.4,Mortgage,23507.99,2.82,Rejected,MasterCard,4072.57,Complaint,Pending,1,2023,9,September,2014,9.1,46-55
437,27,Female,Nashville,Current,1665.65,2003-04-09,2023-03-11,Transfer,271.53,1394.12,Auto,17882.42,2.65,Rejected,AMEX,1540.8,Complaint,Resolved,1,2023,3,March,2003,19.9,26-35
438,46,Other,Louisville,Savings,1018.04,2000-04-10,2023-07-04,Withdrawal,2462.86,-1444.82,Personal,19083.02,5.67,Rejected,AMEX,2989.76,Complaint,Resolved,1,2023,7,July,2000,23.2,46-55
439,33,Male,Houston,Current,7045.67,2006-09-27,2023-08-16,Transfer,40.27,7005.4,Personal,29388.69,2.07,Rejected,MasterCard,3479.35,Praise,Pending,1,2023,8,August,2006,16.9,26-35
440,55,Male,Indianapolis,Savings,5526.69,2018-05-21,2023-03-10,Transfer,3382.98,2143.71,Personal,34790.94,3.65,Approved,MasterCard,1521.94,Praise,Resolved,1,2023,3,March,2018,4.8,46-55
441,38,Other,Washington,Current,958.52,2000-11-18,2023-02-22,Withdrawal,91.35,1049.87,Personal,1620.27,9.92,Rejected,AMEX,3318.97,Suggestion,Resolved,1,2023,2,February,2000,22.3,36-45
442,55,Other,Fort Worth,Current,3152.51,2021-06-11,2023-08-25,Withdrawal,4865.59,-1713.08,Auto,43955.42,8.57,Closed,Visa,772.36,Praise,Pending,1,2023,8,August,2021,2.2,46-55
443,58,Male,Indianapolis,Savings,1509.23,2009-12-28,2023-07-16,Withdrawal,4404.36,5913.59,Auto,18852.44,7.36,Approved,AMEX,3151.51,Suggestion,Pending,1,2023,7,July,2009,13.5,56-65
444,50,Other,Omaha,Current,1017.54,2013-04-08,2023-01-02,Withdrawal,4078.74,5096.28,Personal,32536.91,1.23,Closed,Visa,3274.27,Suggestion,Pending,1,2023,1,January,2013,9.7,46-55
445,46,Male,Kansas City,Savings,3057.83,2015-10-04,2023-04-17,Withdrawal,4063.94,-1006.11,Personal,6997.23,3.39,Approved,Visa,163.56,Suggestion,Resolved,1,2023,4,April,2015,7.5,46-55
446,65,Other,Atlanta,Savings,1053.33,2001-08-29,2023-05-26,Withdrawal,4173.53,5226.86,Personal,29001.35,6.13,Closed,AMEX,1470.5,Praise,Resolved,1,2023,5,May,2001,21.7,56-65
447,34,Male,Memphis,Current,2675.84,2011-11-14,2023-06-09,Transfer,2176.94,498.9,Personal,34244.52,7.39,Closed,AMEX,30.38,Praise,Resolved,1,2023,6,June,2011,11.6,26-35
448,30,Male,Seattle,Current,5571.92,2002-04-18,2023-08-27,Withdrawal,3961.36,1610.56,Auto,8714.46,7.02,Rejected,AMEX,3962.21,Suggestion,Resolved,1,2023,8,August,2002,21.4,26-35
449,23,Other,Jacksonville,Current,5652.95,2003-01-26,2023-05-06,Withdrawal,1842.08,3810.87,Personal,45695.59,2.67,Rejected,Visa,2233.05,Complaint,Pending,1,2023,5,May,2003,20.3,18-25
450,19,Female,Colorado Springs,Current,1763.22,2010-11-09,2023-06-06,Withdrawal,4243.45,-2480.23,Personal,38115.85,5.2,Approved,Visa,2134.02,Complaint,Pending,1,2023,6,June,2010,12.6,18-25
451,25,Female,Seattle,Current,1991.03,2009-02-23,2023-11-01,Withdrawal,3093.65,5084.68,Mortgage,27162.06,2.79,Approved,AMEX,2284.42,Suggestion,Resolved,1,2023,11,November,2009,14.7,18-25
452,49,Other,New York,Current,8564.22,2003-08-29,2023-07-27,Deposit,1798.14,6766.08,Mortgage,9137.24,9.31,Rejected,Visa,2021.44,Suggestion,Pending,1,2023,7,July,2003,19.9,46-55
453,53,Male,Colorado Springs,Current,1752.66,2003-06-13,2023-07-22,Transfer,3729.91,-1977.25,Auto,43412.02,6.02,Closed,Visa,823.22,Complaint,Pending,1,2023,7,July,2003,20.1,46-55
454,26,Other,Nashville,Current,552.84,2019-09-10,2023-11-12,Transfer,1221.69,-668.85,Personal,4362.67,4.51,Approved,Visa,3309.87,Complaint,Resolved,1,2023,11,November,2019,4.2,26-35
455,40,Female,New York,Savings,2523.73,2001-10-06,2023-05-07,Deposit,4823.67,-2299.94,Personal,6643.41,9.26,Approved,AMEX,4586.65,Praise,Resolved,1,2023,5,May,2001,21.6,36-45
456,24,Male,Charlotte,Savings,5806.62,2001-08-19,2023-10-11,Transfer,3327.08,9133.7,Mortgage,35210.54,9.14,Rejected,MasterCard,4933.48,Complaint,Resolved,1,2023,10,October,2001,22.1,18-25
457,48,Male,Houston,Current,171.52,2017-06-29,2023-12-08,Transfer,2012.0,-1840.48,Personal,13439.18,5.54,Rejected,AMEX,3984.32,Suggestion,Resolved,1,2023,12,December,2017,6.4,46-55
458,38,Male,Oklahoma City,Current,9851.37,2007-09-11,2023-06-04,Withdrawal,2758.13,12609.5,Personal,23506.58,7.18,Approved,Visa,1943.64,Complaint,Resolved,1,2023,6,June,2007,15.7,36-45
459,18,Female,Jacksonville,Savings,2380.86,2012-06-02,2023-05-16,Transfer,3690.47,-1309.61,Personal,27406.6,3.87,Closed,Visa,2813.65,Complaint,Resolved,-1,2023,5,May,2012,11.0,18-25
460,63,Female,El Paso,Current,2457.36,2018-07-14,2023-05-31,Deposit,3988.64,6446.0,Mortgage,23453.47,3.77,Approved,Visa,63.5,Praise,Pending,-1,2023,5,May,2018,4.9,56-65
461,19,Male,Fresno,Current,7412.31,2001-04-12,2023-02-01,Transfer,4875.04,2537.27,Mortgage,5110.79,5.95,Rejected,AMEX,1779.99,Praise,Pending,1,2023,2,February,2001,21.8,18-25
462,57,Male,Tucson,Current,2556.97,2007-08-18,2023-01-15,Deposit,1052.7,1504.27,Personal,37136.25,8.62,Approved,Visa,3356.63,Complaint,Resolved,1,2023,1,January,2007,15.4,56-65
463,28,Female,Fresno,Savings,4021.9,2007-09-09,2023-12-13,Deposit,2527.15,1494.75,Personal,12759.52,6.37,Approved,Visa,4472.48,Praise,Resolved,1,2023,12,December,2007,16.3,26-35
464,54,Female,Colorado Springs,Savings,5484.8,2015-11-07,2023-05-08,Transfer,466.37,5951.17,Personal,37188.05,5.13,Closed,MasterCard,552.55,Complaint,Resolved,1,2023,5,May,2015,7.5,46-55
465,35,Male,Jacksonville,Savings,316.54,2000-07-30,2023-04-06,Withdrawal,420.55,737.09,Personal,43399.25,6.98,Approved,MasterCard,458.55,Praise,Pending,1,2023,4,April,2000,22.7,26-35
466,61,Other,Oklahoma City,Savings,8389.2,2002-02-08,2023-11-09,Deposit,530.62,7858.58,Auto,27282.32,8.31,Closed,Visa,771.56,Suggestion,Resolved,1,2023,11,November,2002,21.7,56-65
467,41,Other,New York,Current,5169.3,2020-08-14,2023-10-30,Transfer,1304.92,6474.22,Mortgage,35612.45,8.09,Rejected,AMEX,723.13,Suggestion,Pending,1,2023,10,October,2020,3.2,36-45
468,69,Other,San Jose,Current,3197.9,2008-12-02,2023-04-11,Transfer,3484.71,6682.61,Auto,2809.95,4.34,Rejected,Visa,3922.59,Suggestion,Resolved,1,2023,4,April,2008,14.4,65+
469,36,Female,New York,Savings,4057.89,2000-09-16,2023-04-28,Withdrawal,4307.06,8364.95,Auto,2800.66,9.42,Approved,Visa,3558.27,Complaint,Resolved,1,2023,4,April,2000,22.6,36-45
470,22,Other,Phoenix,Savings,652.66,2004-10-20,2023-01-10,Withdrawal,2185.62,2838.28,Auto,10660.95,1.14,Rejected,Visa,4522.46,Suggestion,Resolved,1,2023,1,January,2004,18.2,18-25
471,46,Other,Indianapolis,Savings,7208.01,2000-02-15,2023-04-27,Transfer,2780.46,4427.55,Auto,18560.78,5.06,Rejected,MasterCard,1469.85,Praise,Resolved,1,2023,4,April,2000,23.2,46-55
472,56,Female,Charlotte,Current,5441.09,2002-05-26,2023-12-14,Withdrawal,1039.77,4401.32,Personal,9956.41,9.17,Approved,AMEX,3397.97,Complaint,Pending,1,2023,12,December,2002,21.6,56-65
473,19,Other,Louisville,Savings,9148.52,2022-04-29,2023-06-29,Deposit,3957.5,5191.02,Personal,32113.05,7.26,Approved,AMEX,1822.83,Complaint,Resolved,1,2023,6,June,2022,1.2,18-25
474,34,Male,Milwaukee,Savings,4695.45,2007-12-27,2023-08-12,Transfer,4442.89,9138.34,Personal,14567.49,7.34,Approved,MasterCard,687.5,Suggestion,Pending,1,2023,8,August,2007,15.6,26-35
475,62,Female,El Paso,Current,8301.18,2005-05-09,2023-08-12,Withdrawal,2433.13,10734.31,Personal,42441.8,2.41,Rejected,MasterCard,3930.19,Praise,Pending,1,2023,8,August,2005,18.3,56-65
476,28,Male,San Francisco,Current,1964.45,2006-03-24,2023-09-05,Transfer,812.76,2777.21,Mortgage,28469.59,6.24,Closed,MasterCard,3125.74,Suggestion,Resolved,1,2023,9,September,2006,17.5,26-35
477,54,Other,Fresno,Savings,659.44,2021-03-06,2023-09-11,Withdrawal,35.46,694.9,Mortgage,19525.9,9.7,Rejected,MasterCard,3516.03,Complaint,Pending,1,2023,9,September,2021,2.5,46-55
478,30,Male,San Jose,Savings,9489.56,2004-10-05,2023-11-15,Deposit,2686.69,6802.87,Personal,44760.83,2.9,Rejected,MasterCard,814.66,Complaint,Resolved,1,2023,11,November,2004,19.1,26-35
479,46,Female,Columbus,Current,2643.89,2015-07-07,2023-11-22,Transfer,2493.2,150.69,Personal,41589.79,3.94,Closed,AMEX,3225.41,Complaint,Resolved,1,2023,11,November,2015,8.4,46-55
480,49,Other,Austin,Current,8352.48,2008-09-25,2023-05-17,Withdrawal,4629.79,12982.27,Personal,41181.72,4.5,Closed,AMEX,1546.55,Suggestion,Resolved,1,2023,5,May,2008,14.6,46-55
481,62,Female,Louisville,Savings,2647.6,2000-11-29,2023-08-18,Deposit,192.06,2839.66,Personal,36689.21,4.24,Closed,MasterCard,1257.76,Suggestion,Resolved,1,2023,8,August,2000,22.7,56-65
482,57,Other,Albuquerque,Current,1642.83,2004-03-10,2023-12-16,Deposit,753.27,889.56,Personal,31096.5,6.64,Closed,MasterCard,3248.52,Complaint,Resolved,1,2023,12,December,2004,19.8,56-65
483,60,Female,Sacramento,Savings,7352.06,2001-07-09,2023-02-10,Withdrawal,996.46,8348.52,Mortgage,18974.35,3.11,Rejected,AMEX,121.57,Praise,Pending,-1,2023,2,February,2001,21.6,56-65
484,25,Female,Milwaukee,Savings,7806.22,2013-03-16,2023-02-09,Transfer,2740.15,10546.37,Mortgage,21707.42,5.55,Closed,AMEX,4521.29,Suggestion,Pending,1,2023,2,February,2013,9.9,18-25
485,27,Male,San Francisco,Current,8451.77,2011-01-16,2023-09-29,Withdrawal,1430.83,9882.6,Personal,32709.08,4.6,Rejected,AMEX,812.82,Praise,Resolved,1,2023,9,September,2011,12.7,26-35
486,42,Female,Dallas,Savings,8662.2,2003-03-09,2023-09-09,Withdrawal,1036.34,9698.54,Mortgage,9470.7,6.8,Rejected,MasterCard,2096.31,Praise,Resolved,1,2023,9,September,2003,20.5,36-45
487,28,Female,Jacksonville,Current,4883.0,2016-07-03,2023-01-25,Deposit,2576.93,7459.93,Mortgage,41562.92,3.18,Approved,AMEX,2719.28,Suggestion,Resolved,1,2023,1,January,2016,6.6,26-35
488,45,Male,San Diego,Current,4062.15,2005-07-13,2023-05-18,Withdrawal,212.86,4275.01,Auto,46994.84,5.98,Approved,AMEX,4174.37,Praise,Resolved,1,2023,5,May,2005,17.8,36-45
489,50,Other,Nashville,Savings,7534.59,2021-01-15,2023-01-09,Withdrawal,4876.46,2658.13,Personal,5801.44,7.66,Closed,MasterCard,1115.97,Complaint,Pending,1,2023,1,January,2021,2.0,46-55
490,56,Other,San Jose,Current,5736.92,2016-06-28,2023-10-23,Transfer,4306.48,10043.4,Personal,2100.33,7.24,Rejected,MasterCard,4614.41,Praise,Resolved,1,2023,10,October,2016,7.3,56-65
491,43,Female,Phoenix,Current,9656.31,2020-05-19,2023-02-26,Withdrawal,1367.09,8289.22,Mortgage,7992.31,8.51,Approved,MasterCard,1482.58,Suggestion,Resolved,1,2023,2,February,2020,2.8,36-45
492,25,Male,Philadelphia,Savings,3820.78,2010-02-03,2023-10-29,Transfer,1687.49,2133.29,Mortgage,38235.23,9.61,Closed,Visa,2689.48,Praise,Resolved,1,2023,10,October,2010,13.7,18-25
493,55,Other,Baltimore,Savings,524.47,2005-04-24,2023-04-29,Withdrawal,1237.03,1761.5,Mortgage,6283.5,8.69,Closed,AMEX,845.61,Complaint,Pending,-1,2023,4,April,2005,18.0,46-55
494,43,Male,Milwaukee,Current,5934.12,2012-01-14,2023-09-20,Deposit,4642.71,10576.83,Mortgage,19240.23,9.44,Approved,Visa,3111.87,Praise,Resolved,1,2023,9,September,2012,11.7,36-45
495,49,Female,San Francisco,Savings,3599.35,2008-05-29,2023-06-20,Withdrawal,3269.45,329.9,Personal,4093.06,1.16,Rejected,Visa,783.61,Suggestion,Pending,1,2023,6,June,2008,15.1,46-55
496,63,Male,Austin,Savings,3492.47,2019-03-18,2023-12-26,Transfer,2610.68,881.79,Mortgage,22195.3,6.66,Approved,MasterCard,420.77,Praise,Pending,1,2023,12,December,2019,4.8,56-65
497,45,Female,Oklahoma City,Current,5688.74,2009-07-31,2023-07-23,Transfer,2547.91,8236.65,Mortgage,30589.09,3.41,Closed,AMEX,2458.24,Praise,Pending,1,2023,7,July,2009,14.0,36-45
498,69,Other,Dallas,Current,9225.63,2011-08-24,2023-02-26,Withdrawal,837.94,10063.57,Personal,31796.97,8.28,Closed,AMEX,3487.96,Complaint,Pending,1,2023,2,February,2011,11.5,65+
499,24,Other,Los Angeles,Savings,2742.89,2021-05-27,2023-05-25,Withdrawal,4813.61,-2070.72,Mortgage,26426.85,8.37,Approved,MasterCard,933.34,Complaint,Pending,1,2023,5,May,2021,2.0,18-25
500,52,Other,Atlanta,Current,3857.97,2016-06-30,2023-01-25,Withdrawal,4573.84,-715.87,Auto,46967.29,1.43,Approved,AMEX,273.65,Complaint,Resolved,1,2023,1,January,2016,6.6,46-55
501,19,Other,New York,Savings,8923.37,2020-09-28,2023-04-21,Transfer,4762.58,13685.95,Personal,27025.69,6.36,Closed,Visa,212.45,Suggestion,Pending,1,2023,4,April,2020,2.6,18-25
502,39,Male,Houston,Savings,8962.67,2018-02-02,2023-02-24,Transfer,1461.75,10424.42,Mortgage,43102.66,8.66,Closed,AMEX,7.32,Complaint,Pending,1,2023,2,February,2018,5.1,36-45
503,67,Male,Mesa,Savings,2422.43,2021-03-24,2023-05-27,Deposit,2388.48,33.95,Mortgage,49658.26,6.29,Approved,AMEX,1168.65,Complaint,Pending,1,2023,5,May,2021,2.2,65+
504,39,Male,Boston,Savings,7092.67,2019-03-24,2023-02-01,Withdrawal,2599.44,9692.11,Personal,12257.52,4.83,Closed,MasterCard,4332.59,Suggestion,Resolved,1,2023,2,February,2019,3.9,36-45
505,20,Female,Chicago,Current,4214.05,2011-04-02,2023-03-28,Transfer,2453.48,6667.53,Mortgage,14011.24,1.69,Closed,Visa,2260.52,Complaint,Resolved,1,2023,3,March,2011,12.0,18-25
506,63,Other,Dallas,Current,9366.41,2008-12-11,2023-06-09,Transfer,105.76,9472.17,Auto,26571.61,7.57,Approved,Visa,4615.91,Suggestion,Resolved,1,2023,6,June,2008,14.5,56-65
507,67,Other,Washington,Current,7349.23,2019-05-13,2023-03-13,Transfer,4167.41,11516.64,Auto,9936.54,1.67,Approved,MasterCard,1246.97,Complaint,Resolved,1,2023,3,March,2019,3.8,65+
508,62,Other,El Paso,Current,4994.1,2014-05-21,2023-01-22,Transfer,3735.26,8729.36,Personal,28642.13,6.38,Closed,MasterCard,4916.85,Praise,Resolved,1,2023,1,January,2014,8.7,56-65
509,25,Male,Fort Worth,Current,8192.37,2011-07-05,2023-08-26,Deposit,2379.24,5813.13,Auto,34535.11,9.26,Closed,AMEX,4124.28,Suggestion,Resolved,1,2023,8,August,2011,12.1,18-25
510,21,Male,Jacksonville,Savings,9979.0,2016-02-16,2023-07-02,Transfer,1344.34,8634.66,Personal,3959.48,4.77,Rejected,MasterCard,3919.21,Complaint,Pending,1,2023,7,July,2016,7.4,18-25
511,32,Other,Fresno,Savings,4525.73,2012-12-09,2023-05-16,Transfer,3178.53,1347.2,Auto,34388.35,7.93,Rejected,AMEX,2977.93,Complaint,Pending,1,2023,5,May,2012,10.4,26-35
512,61,Female,Jacksonville,Savings,3797.77,2017-03-29,2023-02-15,Withdrawal,700.08,3097.69,Personal,8813.88,8.2,Rejected,AMEX,979.55,Complaint,Resolved,1,2023,2,February,2017,5.9,56-65
513,63,Male,Baltimore,Current,6109.66,2012-02-29,2023-01-05,Deposit,4986.42,11096.08,Mortgage,15666.61,1.09,Approved,MasterCard,4758.33,Suggestion,Resolved,1,2023,1,January,2012,10.9,56-65
514,69,Other,Washington,Savings,6862.52,2002-11-14,2023-01-12,Deposit,635.45,6227.07,Mortgage,37201.68,9.23,Closed,MasterCard,4051.82,Praise,Pending,1,2023,1,January,2002,20.2,65+
515,56,Other,Philadelphia,Current,7074.04,2005-05-13,2023-01-27,Deposit,301.69,7375.73,Personal,9015.91,2.7,Approved,AMEX,4161.96,Complaint,Pending,1,2023,1,January,2005,17.7,56-65
516,29,Other,Los Angeles,Current,4788.47,2010-02-15,2023-03-25,Withdrawal,3065.92,1722.55,Auto,27052.47,3.54,Rejected,Visa,4430.65,Complaint,Resolved,1,2023,3,March,2010,13.1,26-35
517,46,Female,Baltimore,Savings,3389.7,2015-07-16,2023-02-05,Deposit,2322.42,5712.12,Personal,29869.59,8.84,Rejected,Visa,1289.22,Complaint,Resolved,1,2023,2,February,2015,7.6,46-55
518,26,Other,Los Angeles,Savings,8237.05,2021-08-09,2023-02-21,Transfer,3597.81,11834.86,Mortgage,9053.54,7.18,Approved,AMEX,4347.56,Suggestion,Resolved,1,2023,2,February,2021,1.5,26-35
519,59,Male,Albuquerque,Current,9586.78,2004-01-18,2023-05-10,Deposit,648.56,10235.34,Personal,14464.29,4.35,Closed,MasterCard,2451.65,Complaint,Resolved,1,2023,5,May,2004,19.3,56-65
520,57,Female,Indianapolis,Current,8653.42,2004-12-25,2023-03-15,Transfer,1825.09,10478.51,Mortgage,30716.73,1.79,Rejected,Visa,3266.68,Praise,Pending,1,2023,3,March,2004,18.2,56-65
521,37,Female,Fort Worth,Savings,6855.31,2010-10-05,2023-09-05,Deposit,2510.16,4345.15,Personal,23598.73,4.48,Approved,MasterCard,4803.86,Suggestion,Pending,1,2023,9,September,2010,12.9,36-45
522,51,Other,New York,Current,3665.49,2014-09-09,2023-01-12,Deposit,2240.49,1425.0,Personal,33339.09,9.7,Closed,MasterCard,4493.3,Complaint,Pending,1,2023,1,January,2014,8.3,46-55
523,43,Male,San Diego,Savings,6262.58,2018-01-29,2023-02-24,Transfer,2919.34,9181.92,Auto,42881.13,1.94,Closed,MasterCard,1248.43,Praise,Pending,1,2023,2,February,2018,5.1,36-45
524,65,Male,San Jose,Savings,1101.48,2015-11-04,2023-12-02,Withdrawal,517.73,1619.21,Mortgage,7616.67,8.62,Rejected,Visa,3668.92,Praise,Resolved,-1,2023,12,December,2015,8.1,56-65
525,38,Other,Charlotte,Current,5385.74,2010-02-18,2023-09-11,Withdrawal,2523.59,7909.33,Personal,4461.0,3.93,Closed,Visa,4147.01,Praise,Resolved,1,2023,9,September,2010,13.6,36-45
526,40,Other,San Diego,Savings,7834.05,2010-09-14,2023-06-08,Withdrawal,2778.29,10612.34,Personal,33669.6,6.89,Closed,MasterCard,2206.79,Complaint,Pending,1,2023,6,June,2010,12.7,36-45
527,35,Male,Jacksonville,Current,2585.49,2022-12-31,2023-04-01,Transfer,4406.3,6991.79,Auto,38761.54,6.68,Rejected,AMEX,534.75,Complaint,Resolved,1,2023,4,April,2022,0.2,26-35
528,69,Female,Phoenix,Current,5065.19,2005-02-27,2023-06-09,Transfer,2859.67,7924.86,Personal,23016.04,3.93,Approved,MasterCard,1570.82,Complaint,Pending,1,2023,6,June,2005,18.3,65+
529,41,Female,Denver,Savings,825.42,2012-04-29,2023-11-16,Deposit,2741.0,-1915.58,Personal,20301.56,1.49,Approved,MasterCard,3670.94,Praise,Pending,1,2023,11,November,2012,11.5,36-45
530,59,Other,Kansas City,Savings,8401.12,2005-10-29,2023-04-14,Deposit,4062.27,4338.85,Personal,30241.82,2.34,Rejected,AMEX,2935.92,Praise,Pending,1,2023,4,April,2005,17.5,56-65
531,46,Other,Austin,Current,3567.3,2020-07-11,2023-04-01,Transfer,334.34,3901.64,Auto,28021.24,6.09,Closed,Visa,3857.96,Praise,Pending,1,2023,4,April,2020,2.7,46-55
532,55,Male,Oklahoma City,Savings,5863.86,2022-09-20,2023-11-11,Deposit,3243.33,2620.53,Auto,25018.36,9.54,Rejected,AMEX,4482.73,Suggestion,Pending,1,2023,11,November,2022,1.1,46-55
533,55,Male,Oklahoma City,Current,3847.49,2011-01-12,2023-10-08,Deposit,4060.9,-213.41,Auto,41116.55,9.33,Closed,AMEX,1629.95,Praise,Resolved,-1,2023,10,October,2011,12.7,46-55
534,69,Male,Nashville,Current,6016.24,2003-11-26,2023-12-26,Withdrawal,482.03,5534.21,Personal,9501.52,2.02,Rejected,AMEX,3439.77,Complaint,Pending,1,2023,12,December,2003,20.1,65+
535,30,Male,Seattle,Savings,7467.56,2012-08-10,2023-03-09,Transfer,4059.75,3407.81,Personal,34379.24,8.88,Rejected,MasterCard,484.57,Suggestion,Resolved,1,2023,3,March,2012,10.6,26-35
536,49,Other,Jacksonville,Savings,3335.46,2005-10-30,2023-06-21,Withdrawal,3937.91,-602.45,Personal,37325.65,3.1,Approved,Visa,3322.58,Suggestion,Resolved,1,2023,6,June,2005,17.6,46-55
537,36,Other,Fresno,Savings,5240.69,2011-02-08,2023-06-20,Deposit,14.71,5225.98,Auto,45163.8,9.19,Rejected,Visa,178.7,Praise,Pending,1,2023,6,June,2011,12.4,36-45
538,34,Male,Detroit,Savings,7969.26,2000-08-28,2023-05-23,Deposit,1238.32,6730.94,Personal,47309.91,7.83,Approved,AMEX,1260.02,Suggestion,Resolved,1,2023,5,May,2000,22.7,26-35
539,19,Other,Baltimore,Savings,6909.73,2022-11-17,2023-08-13,Withdrawal,764.78,7674.51,Personal,25885.42,9.65,Rejected,Visa,2240.79,Praise,Pending,1,2023,8,August,2022,0.7,18-25
540,35,Other,Dallas,Savings,665.02,2004-02-05,2023-07-16,Transfer,2561.58,3226.6,Personal,22248.36,4.98,Approved,AMEX,4225.95,Praise,Resolved,1,2023,7,July,2004,19.4,26-35
541,56,Male,Milwaukee,Current,5730.71,2000-10-30,2023-07-17,Deposit,4570.89,1159.82,Personal,25691.52,7.58,Closed,AMEX,742.96,Complaint,Resolved,-1,2023,7,July,2000,22.7,56-65
542,44,Female,Houston,Current,3825.7,2013-01-26,2023-06-22,Transfer,3017.51,6843.21,Mortgage,36896.38,7.62,Closed,MasterCard,3899.47,Praise,Pending,1,2023,6,June,2013,10.4,36-45
543,31,Female,Philadelphia,Current,7116.92,2002-06-30,2023-06-02,Withdrawal,3013.0,10129.92,Auto,1841.4,5.47,Closed,Visa,2822.9,Praise,Pending,1,2023,6,June,2002,20.9,26-35
544,32,Male,Columbus,Savings,265.01,2013-12-11,2023-06-02,Deposit,623.01,-358.0,Personal,9533.05,9.77,Rejected,AMEX,2285.51,Praise,Pending,1,2023,6,June,2013,9.5,26-35
545,25,Female,Houston,Savings,3372.91,2016-07-22,2023-01-10,Withdrawal,3335.23,6708.14,Personal,45475.65,3.19,Approved,Visa,3211.17,Complaint,Pending,1,2023,1,January,2016,6.5,18-25
546,26,Other,Detroit,Savings,956.28,2007-07-24,2023-07-09,Transfer,4442.72,5399.0,Auto,10576.3,9.88,Approved,Visa,1723.01,Complaint,Pending,1,2023,7,July,2007,16.0,26-35
547,38,Female,Colorado Springs,Current,9212.87,2001-08-28,2023-01-12,Deposit,2152.44,7060.43,Personal,12195.68,8.31,Rejected,Visa,4972.93,Complaint,Pending,1,2023,1,January,2001,21.4,36-45
548,60,Male,San Francisco,Savings,8777.35,2002-11-04,2023-01-29,Transfer,3412.02,5365.33,Personal,47033.75,6.54,Approved,AMEX,552.54,Suggestion,Pending,1,2023,1,January,2002,20.2,56-65
549,52,Male,Denver,Savings,9684.08,2001-02-10,2023-02-12,Transfer,1481.71,8202.37,Personal,15419.74,1.68,Rejected,MasterCard,692.89,Praise,Pending,1,2023,2,February,2001,22.0,46-55
550,69,Female,Philadelphia,Savings,6470.34,2002-12-07,2023-03-29,Deposit,1351.81,7822.15,Mortgage,15231.69,3.33,Approved,AMEX,4420.15,Praise,Pending,1,2023,3,March,2002,20.3,65+
551,31,Female,Memphis,Current,8089.78,2021-06-09,2023-12-10,Withdrawal,933.61,9023.39,Mortgage,46261.73,8.57,Rejected,MasterCard,1095.62,Complaint,Resolved,1,2023,12,December,2021,2.5,26-35
552,44,Other,Austin,Current,6157.5,2011-07-11,2023-04-21,Deposit,1215.1,4942.4,Auto,19379.02,7.55,Approved,Visa,305.44,Suggestion,Resolved,1,2023,4,April,2011,11.8,36-45
553,25,Female,Indianapolis,Current,4971.23,2018-01-24,2023-03-10,Transfer,1720.36,3250.87,Auto,25203.16,9.66,Closed,Visa,4455.17,Complaint,Resolved,1,2023,3,March,2018,5.1,18-25
554,52,Female,Baltimore,Savings,8354.82,2012-08-26,2023-04-29,Transfer,2837.97,11192.79,Personal,28459.96,4.57,Approved,Visa,312.07,Praise,Pending,1,2023,4,April,2012,10.7,46-55
555,35,Female,Boston,Savings,7784.05,2016-09-01,2023-09-24,Transfer,3905.47,11689.52,Personal,43545.84,9.05,Rejected,Visa,4298.77,Praise,Resolved,1,2023,9,September,2016,7.1,26-35
556,31,Other,Omaha,Current,7359.44,2012-03-01,2023-12-29,Deposit,1454.92,8814.36,Personal,4801.0,8.76,Approved,MasterCard,2652.8,Complaint,Resolved,1,2023,12,December,2012,11.8,26-35
557,69,Female,Austin,Current,8949.72,2003-12-23,2023-09-04,Transfer,848.88,8100.84,Personal,13781.96,9.7,Approved,AMEX,2671.7,Praise,Pending,1,2023,9,September,2003,19.7,65+
558,25,Other,San Antonio,Current,9294.57,2006-09-19,2023-11-15,Deposit,2254.32,11548.89,Mortgage,29763.4,3.45,Approved,MasterCard,654.37,Suggestion,Resolved,1,2023,11,November,2006,17.2,18-25
559,66,Other,Detroit,Savings,4508.34,2015-01-21,2023-01-22,Deposit,3949.68,8458.02,Personal,22296.03,5.45,Rejected,AMEX,3151.82,Praise,Pending,1,2023,1,January,2015,8.0,65+
560,25,Male,Washington,Savings,2899.93,2014-03-08,2023-11-22,Transfer,1952.77,947.16,Auto,14635.76,1.73,Rejected,Visa,1851.53,Praise,Pending,1,2023,11,November,2014,9.7,18-25
561,54,Male,Boston,Current,5166.68,2018-04-09,2023-07-11,Transfer,4567.24,9733.92,Auto,21072.47,6.32,Approved,Visa,1812.88,Suggestion,Pending,1,2023,7,July,2018,5.3,46-55
562,61,Other,Denver,Current,1021.36,2008-03-06,2023-03-31,Transfer,1247.09,-225.73,Mortgage,48345.89,7.59,Rejected,AMEX,3485.35,Complaint,Resolved,1,2023,3,March,2008,15.1,56-65
563,19,Other,Milwaukee,Savings,9387.79,2007-08-21,2023-05-14,Withdrawal,3793.99,13181.78,Auto,2030.6,3.14,Rejected,Visa,4338.96,Complaint,Resolved,1,2023,5,May,2007,15.7,18-25
564,34,Other,Detroit,Current,9840.15,2000-07-19,2023-12-18,Withdrawal,2344.11,12184.26,Auto,8201.75,2.53,Closed,MasterCard,3656.88,Praise,Resolved,1,2023,12,December,2000,23.4,26-35
565,30,Male,Mesa,Current,6561.78,2021-06-04,2023-10-26,Withdrawal,544.56,7106.34,Auto,1914.1,6.76,Approved,AMEX,3409.51,Complaint,Resolved,1,2023,10,October,2021,2.4,26-35
566,31,Other,El Paso,Current,7487.0,2016-12-22,2023-05-05,Transfer,1412.55,8899.55,Mortgage,30076.44,4.54,Closed,AMEX,4430.62,Suggestion,Resolved,1,2023,5,May,2016,6.4,26-35
567,58,Male,San Jose,Current,3304.35,2007-07-23,2023-12-21,Transfer,4292.53,7596.88,Mortgage,1633.91,4.84,Rejected,AMEX,4501.25,Complaint,Pending,1,2023,12,December,2007,16.4,56-65
568,58,Male,Boston,Savings,8676.05,2014-04-22,2023-07-09,Withdrawal,39.38,8715.43,Personal,23246.78,5.24,Approved,MasterCard,3681.76,Praise,Pending,1,2023,7,July,2014,9.2,56-65
569,26,Other,Los Angeles,Savings,9013.0,2013-06-22,2023-11-19,Deposit,3784.15,5228.85,Auto,43100.61,5.6,Rejected,AMEX,4101.55,Complaint,Resolved,1,2023,11,November,2013,10.4,26-35
570,44,Other,Los Angeles,Savings,861.33,2010-03-02,2023-03-23,Withdrawal,4058.92,-3197.59,Auto,5763.04,2.76,Closed,AMEX,1206.57,Suggestion,Pending,1,2023,3,March,2010,13.1,36-45
571,37,Other,Indianapolis,Current,1401.29,2015-06-23,2023-08-15,Withdrawal,607.99,2009.28,Auto,18893.53,6.2,Closed,Visa,3406.19,Suggestion,Resolved,1,2023,8,August,2015,8.1,36-45
572,55,Male,Dallas,Current,2682.44,2008-07-13,2023-06-29,Deposit,4811.33,-2128.89,Personal,19521.9,1.62,Closed,AMEX,2446.0,Praise,Resolved,1,2023,6,June,2008,15.0,46-55
573,29,Female,Louisville,Savings,7066.38,2009-11-26,2023-12-22,Withdrawal,4362.73,11429.11,Mortgage,18750.46,2.02,Rejected,MasterCard,4245.37,Suggestion,Resolved,1,2023,12,December,2009,14.1,26-35
574,59,Other,San Jose,Current,1915.31,2014-03-18,2023-11-20,Withdrawal,900.87,1014.44,Personal,36645.64,7.4,Approved,MasterCard,4804.91,Praise,Resolved,1,2023,11,November,2014,9.7,56-65
575,39,Female,Sacramento,Savings,2278.79,2007-12-04,2023-11-09,Withdrawal,1214.87,1063.92,Personal,1216.07,7.58,Approved,Visa,1336.51,Complaint,Resolved,1,2023,11,November,2007,15.9,36-45
576,54,Female,San Jose,Current,3880.45,2012-08-24,2023-06-01,Deposit,4094.1,-213.65,Auto,39218.29,3.4,Closed,MasterCard,3356.83,Complaint,Pending,1,2023,6,June,2012,10.8,46-55
577,67,Female,Milwaukee,Current,6155.2,2019-12-17,2023-06-03,Deposit,2736.4,3418.8,Personal,42113.03,2.66,Approved,Visa,4274.26,Suggestion,Pending,1,2023,6,June,2019,3.5,65+
578,56,Female,Nashville,Current,9765.46,2014-03-16,2023-11-01,Withdrawal,4613.61,5151.85,Auto,22141.71,1.49,Approved,Visa,3408.15,Suggestion,Pending,1,2023,11,November,2014,9.6,56-65
579,48,Female,Albuquerque,Savings,7860.56,2013-08-06,2023-08-09,Transfer,4895.91,2964.65,Mortgage,44470.69,4.77,Closed,MasterCard,3440.56,Complaint,Pending,1,2023,8,August,2013,10.0,46-55
580,30,Male,Fresno,Savings,5627.2,2020-08-23,2023-10-21,Withdrawal,1723.77,3903.43,Personal,19670.91,5.58,Approved,AMEX,4087.53,Complaint,Pending,1,2023,10,October,2020,3.2,26-35
581,18,Male,San Diego,Current,588.92,2011-06-25,2023-02-05,Deposit,493.89,95.03,Auto,35041.42,9.1,Closed,MasterCard,3512.82,Complaint,Pending,1,2023,2,February,2011,11.6,18-25
582,55,Male,Los Angeles,Current,5216.72,2014-11-24,2023-05-02,Deposit,3520.54,8737.26,Personal,20052.42,1.02,Rejected,MasterCard,4135.2,Suggestion,Pending,1,2023,5,May,2014,8.4,46-55
583,57,Female,Kansas City,Savings,2120.44,2012-08-09,2023-07-01,Deposit,4616.37,-2495.93,Auto,2854.33,4.65,Rejected,MasterCard,4955.93,Praise,Resolved,1,2023,7,July,2012,10.9,56-65
584,26,Male,Albuquerque,Savings,3070.68,2002-07-31,2023-04-06,Transfer,832.74,2237.94,Personal,5087.89,4.77,Rejected,Visa,2720.12,Suggestion,Pending,1,2023,4,April,2002,20.7,26-35
585,56,Other,Omaha,Savings,2583.52,2012-03-29,2023-04-14,Transfer,4927.07,7510.59,Auto,22660.42,8.98,Closed,Visa,3329.66,Complaint,Pending,1,2023,4,April,2012,11.0,56-65
586,27,Female,Louisville,Current,3539.74,2010-04-01,2023-03-23,Transfer,987.39,4527.13,Auto,49514.71,2.76,Approved,MasterCard,3076.12,Complaint,Resolved,1,2023,3,March,2010,13.0,26-35
587,46,Other,Atlanta,Savings,716.37,2017-03-15,2023-01-24,Withdrawal,440.52,1156.89,Auto,9700.29,1.6,Closed,MasterCard,1409.69,Complaint,Pending,1,2023,1,January,2017,5.9,46-55
588,57,Female,New York,Current,5810.69,2010-07-03,2023-06-17,Deposit,2483.53,3327.16,Auto,44883.52,4.43,Rejected,Visa,4166.08,Complaint,Resolved,1,2023,6,June,2010,13.0,56-65
589,47,Female,Jacksonville,Savings,552.96,2006-08-25,2023-12-04,Withdrawal,4029.81,4582.77,Mortgage,46050.32,6.51,Approved,MasterCard,1931.5,Complaint,Resolved,1,2023,12,December,2006,17.3,46-55
590,19,Female,Houston,Current,6639.78,2009-12-03,2023-04-13,Withdrawal,1778.33,4861.45,Mortgage,21072.79,8.72,Approved,MasterCard,4773.75,Praise,Resolved,1,2023,4,April,2009,13.4,18-25
591,35,Female,Sacramento,Savings,7334.94,2020-03-27,2023-09-21,Transfer,1665.89,9000.83,Mortgage,23629.45,3.42,Approved,Visa,4135.05,Praise,Pending,1,2023,9,September,2020,3.5,26-35
592,45,Other,Jacksonville,Savings,4912.03,2021-09-14,2023-08-19,Withdrawal,993.59,3918.44,Mortgage,25638.2,3.26,Approved,MasterCard,775.14,Suggestion,Resolved,1,2023,8,August,2021,1.9,36-45
593,64,Female,Austin,Savings,7834.45,2005-03-24,2023-07-01,Transfer,4930.54,2903.91,Auto,38749.94,3.93,Rejected,Visa,299.1,Praise,Resolved,1,2023,7,July,2005,18.3,56-65
594,49,Female,Columbus,Savings,9677.17,2007-04-28,2023-04-25,Transfer,1715.91,11393.08,Mortgage,7062.49,2.06,Closed,AMEX,700.82,Complaint,Resolved,1,2023,4,April,2007,16.0,46-55
595,41,Male,Kansas City,Savings,3466.52,2009-02-06,2023-09-24,Deposit,3335.69,6802.21,Mortgage,17103.23,9.79,Approved,AMEX,3893.22,Complaint,Resolved,1,2023,9,September,2009,14.6,36-45
596,55,Female,Fort Worth,Savings,6227.18,2015-12-21,2023-12-29,Deposit,670.58,6897.76,Personal,9364.41,5.87,Approved,Visa,3645.8,Praise,Resolved,1,2023,12,December,2015,8.0,46-55
597,31,Female,San Francisco,Savings,3304.94,2007-02-15,2023-08-15,Withdrawal,2254.29,5559.23,Auto,44042.29,3.45,Approved,MasterCard,3011.38,Suggestion,Resolved,1,2023,8,August,2007,16.5,26-35
598,42,Female,Indianapolis,Current,4489.52,2015-11-15,2023-08-04,Withdrawal,3981.17,508.35,Personal,4455.39,4.26,Rejected,AMEX,906.72,Praise,Resolved,1,2023,8,August,2015,7.7,36-45
599,42,Female,Sacramento,Current,306.17,2000-06-03,2023-12-17,Deposit,4852.01,5158.18,Mortgage,37637.5,8.79,Rejected,MasterCard,2248.84,Complaint,Pending,1,2023,12,December,2000,23.5,36-45
600,49,Female,Los Angeles,Current,836.06,2007-04-28,2023-10-25,Withdrawal,894.9,-58.84,Mortgage,22547.32,7.06,Closed,MasterCard,2676.03,Praise,Pending,1,2023,10,October,2007,16.5,46-55
601,44,Female,Austin,Savings,7995.53,2012-04-30,2023-09-19,Deposit,482.3,8477.83,Mortgage,36015.6,5.98,Closed,MasterCard,4852.56,Praise,Pending,1,2023,9,September,2012,11.4,36-45
602,49,Other,Chicago,Current,1485.09,2004-03-07,2023-01-03,Deposit,4937.64,-3452.55,Mortgage,44604.87,7.52,Approved,Visa,1093.09,Complaint,Pending,1,2023,1,January,2004,18.8,46-55
603,48,Other,Memphis,Current,7021.6,2001-09-17,2023-11-26,Transfer,2775.37,9796.97,Auto,17643.45,7.8,Rejected,AMEX,1757.38,Praise,Pending,1,2023,11,November,2001,22.2,46-55
604,67,Female,Seattle,Current,7117.78,2001-11-16,2023-12-20,Deposit,1733.65,5384.13,Auto,12123.07,2.75,Approved,AMEX,3213.43,Suggestion,Pending,1,2023,12,December,2001,22.1,65+
605,41,Other,Oklahoma City,Savings,9962.64,2014-04-06,2023-11-17,Deposit,4801.79,14764.43,Mortgage,32860.71,2.43,Rejected,MasterCard,1052.52,Praise,Pending,1,2023,11,November,2014,9.6,36-45
606,52,Male,Columbus,Savings,6986.4,2002-05-19,2023-02-05,Transfer,1957.04,8943.44,Auto,49878.77,9.7,Rejected,MasterCard,895.49,Suggestion,Resolved,1,2023,2,February,2002,20.7,46-55
607,47,Male,Fresno,Savings,1374.58,2008-06-04,2023-07-03,Transfer,1167.7,2542.28,Mortgage,36745.91,2.67,Closed,Visa,2211.29,Complaint,Pending,1,2023,7,July,2008,15.1,46-55
608,50,Female,Milwaukee,Savings,6302.76,2002-06-23,2023-06-29,Transfer,4019.48,2283.28,Mortgage,39985.5,5.18,Closed,AMEX,2604.25,Praise,Resolved,1,2023,6,June,2002,21.0,46-55
609,50,Female,Omaha,Savings,5289.01,2005-07-15,2023-05-05,Transfer,1576.68,3712.33,Personal,31863.0,9.85,Rejected,AMEX,3441.48,Praise,Resolved,1,2023,5,May,2005,17.8,46-55
610,63,Other,Seattle,Current,9182.17,2003-05-27,2023-06-09,Deposit,1616.67,10798.84,Mortgage,19040.99,4.75,Approved,Visa,3801.43,Praise,Pending,1,2023,6,June,2003,20.0,56-65
611,44,Male,Baltimore,Current,6932.49,2007-06-04,2023-04-22,Deposit,2230.5,9162.99,Personal,33077.57,5.63,Rejected,MasterCard,4344.39,Suggestion,Resolved,1,2023,4,April,2007,15.9,36-45
612,50,Female,Boston,Savings,5232.94,2003-07-18,2023-05-14,Deposit,3467.87,8700.81,Personal,7298.96,8.19,Rejected,AMEX,1694.55,Suggestion,Pending,1,2023,5,May,2003,19.8,46-55
613,50,Male,Denver,Current,6279.72,2016-04-03,2023-12-01,Deposit,4210.4,2069.32,Auto,24952.08,4.06,Rejected,MasterCard,2520.53,Praise,Pending,1,2023,12,December,2016,7.7,46-55
614,21,Other,San Diego,Current,4490.25,2004-04-05,2023-07-21,Deposit,1138.6,5628.85,Personal,29079.85,4.88,Closed,MasterCard,4316.76,Complaint,Pending,1,2023,7,July,2004,19.3,18-25
615,47,Female,Louisville,Current,5133.23,2006-04-21,2023-06-01,Deposit,1818.81,6952.04,Auto,45430.75,3.99,Rejected,AMEX,2316.79,Complaint,Pending,1,2023,6,June,2006,17.1,46-55
616,61,Female,San Diego,Current,7251.22,2002-01-06,2023-11-24,Transfer,2485.88,4765.34,Auto,46066.25,3.59,Rejected,AMEX,691.09,Praise,Pending,1,2023,11,November,2002,21.9,56-65
617,32,Female,Milwaukee,Savings,875.63,2002-02-17,2023-12-03,Deposit,137.8,1013.43,Mortgage,3946.1,5.25,Closed,AMEX,2177.1,Praise,Pending,1,2023,12,December,2002,21.8,26-35
618,46,Male,Chicago,Savings,6191.82,2015-02-16,2023-03-18,Transfer,3488.56,2703.26,Personal,31962.18,7.71,Closed,AMEX,3849.33,Suggestion,Pending,1,2023,3,March,2015,8.1,46-55
619,45,Other,Chicago,Current,973.35,2015-12-21,2023-09-22,Transfer,2834.18,3807.53,Auto,40023.15,8.81,Rejected,AMEX,2347.01,Praise,Pending,1,2023,9,September,2015,7.8,36-45
620,49,Male,Washington,Savings,8565.26,2020-08-08,2023-09-11,Deposit,676.47,9241.73,Auto,27285.97,5.23,Rejected,MasterCard,1225.43,Complaint,Resolved,-1,2023,9,September,2020,3.1,46-55
621,53,Male,San Francisco,Current,9430.39,2013-02-05,2023-03-11,Transfer,660.34,10090.73,Personal,5687.84,3.89,Approved,AMEX,4707.14,Suggestion,Resolved,1,2023,3,March,2013,10.1,46-55
622,47,Female,Mesa,Savings,7824.01,2021-12-31,2023-01-23,Deposit,4476.96,3347.05,Mortgage,12403.74,9.2,Closed,Visa,1523.54,Suggestion,Resolved,1,2023,1,January,2021,1.1,46-55
623,59,Other,San Francisco,Current,7208.51,2012-12-19,2023-12-08,Withdrawal,3419.72,10628.23,Personal,16368.55,4.02,Rejected,Visa,2596.51,Praise,Resolved,1,2023,12,December,2012,11.0,56-65
624,60,Other,Columbus,Savings,9443.1,2021-11-26,2023-08-01,Transfer,1946.42,11389.52,Personal,33477.17,7.98,Closed,Visa,1765.73,Suggestion,Pending,1,2023,8,August,2021,1.7,56-65
625,55,Female,Dallas,Current,2263.43,2018-01-16,2023-09-30,Withdrawal,1697.03,566.4,Personal,4213.35,7.74,Closed,AMEX,2084.76,Praise,Resolved,1,2023,9,September,2018,5.7,46-55
626,59,Other,Baltimore,Savings,2365.45,2018-08-08,2023-04-08,Transfer,1591.1,774.35,Mortgage,27931.39,1.45,Closed,Visa,3216.63,Praise,Resolved,1,2023,4,April,2018,4.7,56-65
627,29,Female,Nashville,Current,4862.05,2012-12-15,2023-05-03,Deposit,3276.75,1585.3,Mortgage,6337.79,2.6,Rejected,MasterCard,2406.05,Complaint,Resolved,1,2023,5,May,2012,10.4,26-35
628,20,Female,Fort Worth,Current,173.88,2001-06-05,2023-01-25,Deposit,901.95,1075.83,Mortgage,20360.87,6.16,Approved,AMEX,510.71,Suggestion,Resolved,1,2023,1,January,2001,21.6,18-25
629,32,Other,Atlanta,Current,9654.19,2015-08-07,2023-02-07,Deposit,4937.3,14591.49,Personal,21852.26,8.81,Closed,MasterCard,2543.13,Suggestion,Resolved,1,2023,2,February,2015,7.5,26-35
630,65,Other,Albuquerque,Current,419.3,2007-10-18,2023-09-16,Deposit,3438.41,3857.71,Mortgage,23140.05,6.35,Rejected,Visa,1490.46,Suggestion,Pending,1,2023,9,September,2007,15.9,56-65
631,27,Other,Austin,Current,6001.51,2011-04-04,2023-07-14,Transfer,644.33,5357.18,Personal,35832.6,7.68,Rejected,Visa,3154.95,Suggestion,Pending,1,2023,7,July,2011,12.3,26-35
632,39,Other,Oklahoma City,Savings,3604.34,2017-07-04,2023-09-27,Deposit,698.77,2905.57,Personal,4978.62,7.61,Approved,Visa,908.32,Complaint,Pending,1,2023,9,September,2017,6.2,36-45
633,40,Male,Sacramento,Savings,1119.36,2020-04-25,2023-09-23,Withdrawal,3244.98,4364.34,Mortgage,14143.87,5.45,Closed,AMEX,2909.92,Complaint,Resolved,1,2023,9,September,2020,3.4,36-45
634,28,Female,Austin,Current,343.69,2022-03-25,2023-03-07,Transfer,1922.04,-1578.35,Mortgage,32415.36,6.05,Closed,MasterCard,2250.11,Suggestion,Resolved,1,2023,3,March,2022,1.0,26-35
635,33,Female,San Diego,Current,2697.94,2018-06-24,2023-07-18,Withdrawal,3303.19,-605.25,Personal,47234.71,1.64,Approved,AMEX,4040.85,Suggestion,Pending,1,2023,7,July,2018,5.1,26-35
636,66,Female,Houston,Savings,1156.17,2001-06-02,2023-05-22,Deposit,3615.36,-2459.19,Auto,31419.08,9.35,Closed,AMEX,1695.25,Complaint,Resolved,1,2023,5,May,2001,22.0,65+
637,63,Female,Portland,Current,9409.25,2010-07-18,2023-08-29,Deposit,2694.22,12103.47,Mortgage,44284.94,7.07,Closed,MasterCard,500.28,Suggestion,Resolved,1,2023,8,August,2010,13.1,56-65
638,33,Male,Omaha,Savings,2523.14,2018-10-08,2023-07-28,Deposit,1290.2,1232.94,Mortgage,48451.89,2.39,Rejected,AMEX,426.23,Suggestion,Resolved,1,2023,7,July,2018,4.8,26-35
639,31,Other,Kansas City,Current,1031.91,2013-09-13,2023-05-06,Transfer,2760.29,3792.2,Personal,44311.31,3.2,Rejected,Visa,2252.02,Suggestion,Resolved,1,2023,5,May,2013,9.6,26-35
640,23,Other,Baltimore,Savings,7719.85,2015-03-07,2023-09-23,Withdrawal,2115.11,9834.96,Auto,48638.14,1.04,Rejected,Visa,2589.2,Suggestion,Resolved,1,2023,9,September,2015,8.5,18-25
641,59,Other,Portland,Current,4201.1,2009-03-14,2023-12-21,Deposit,4452.78,8653.88,Auto,39075.03,3.38,Rejected,Visa,1875.71,Praise,Resolved,1,2023,12,December,2009,14.8,56-65
642,34,Female,Nashville,Current,8452.29,2016-07-27,2023-11-01,Deposit,3703.65,4748.64,Personal,44470.66,3.85,Rejected,AMEX,3937.58,Complaint,Pending,1,2023,11,November,2016,7.3,26-35
643,48,Male,Oklahoma City,Current,8400.47,2018-07-03,2023-06-25,Deposit,3098.73,5301.74,Personal,25081.13,7.15,Approved,AMEX,3326.42,Complaint,Pending,1,2023,6,June,2018,5.0,46-55
644,59,Male,Houston,Current,9924.57,2002-09-14,2023-02-16,Transfer,208.22,10132.79,Auto,17926.51,5.29,Rejected,Visa,2827.11,Complaint,Pending,1,2023,2,February,2002,20.4,56-65
645,27,Other,Austin,Current,8057.9,2022-06-21,2023-03-01,Transfer,4950.95,13008.85,Auto,49985.82,8.59,Rejected,AMEX,3055.72,Praise,Pending,1,2023,3,March,2022,0.7,26-35
646,63,Female,San Jose,Current,2220.1,2020-07-09,2023-10-08,Deposit,2835.69,-615.59,Personal,5790.24,1.78,Approved,Visa,3817.01,Praise,Pending,-1,2023,10,October,2020,3.2,56-65
647,37,Other,Dallas,Savings,5905.84,2019-06-02,2023-05-15,Withdrawal,1302.3,7208.14,Mortgage,47951.73,7.36,Approved,Visa,3039.71,Praise,Resolved,1,2023,5,May,2019,4.0,36-45
648,66,Female,Houston,Current,5309.88,2012-02-14,2023-11-29,Deposit,2961.71,2348.17,Auto,22112.84,8.87,Approved,AMEX,1113.73,Complaint,Resolved,1,2023,11,November,2012,11.8,65+
649,26,Other,Fort Worth,Savings,5131.08,2000-03-19,2023-05-01,Transfer,4091.3,1039.78,Auto,2096.78,4.79,Closed,MasterCard,2030.72,Suggestion,Pending,1,2023,5,May,2000,23.1,26-35
650,32,Other,Dallas,Current,3038.39,2004-12-23,2023-06-16,Deposit,2697.4,340.99,Auto,40347.81,3.6,Closed,MasterCard,680.78,Suggestion,Pending,1,2023,6,June,2004,18.5,26-35
651,56,Male,San Jose,Savings,2180.39,2001-03-07,2023-02-12,Withdrawal,3886.68,-1706.29,Auto,22766.62,5.01,Approved,Visa,4356.42,Praise,Resolved,1,2023,2,February,2001,21.9,56-65
652,19,Female,Detroit,Current,7197.26,2011-11-29,2023-02-15,Transfer,2071.06,5126.2,Personal,40135.62,8.1,Rejected,Visa,1093.01,Complaint,Pending,1,2023,2,February,2011,11.2,18-25
653,21,Male,Kansas City,Savings,1107.44,2012-02-18,2023-08-05,Withdrawal,2953.91,4061.35,Mortgage,3196.01,9.27,Rejected,AMEX,3001.28,Complaint,Resolved,1,2023,8,August,2012,11.5,18-25
654,69,Male,San Jose,Savings,591.2,2011-10-13,2023-10-26,Withdrawal,2117.03,2708.23,Auto,48733.18,1.59,Approved,AMEX,267.82,Complaint,Pending,1,2023,10,October,2011,12.0,65+
655,41,Other,Colorado Springs,Current,3874.31,2022-09-27,2023-10-12,Deposit,2643.7,6518.01,Mortgage,33880.86,5.76,Closed,AMEX,1588.89,Praise,Pending,1,2023,10,October,2022,1.0,36-45
656,35,Female,Louisville,Current,7464.86,2014-02-07,2023-12-05,Transfer,845.87,6618.99,Personal,3351.81,6.76,Rejected,Visa,4475.02,Praise,Pending,1,2023,12,December,2014,9.8,26-35
657,28,Female,Denver,Current,8698.48,2013-09-25,2023-04-13,Transfer,2997.22,11695.7,Personal,1227.69,1.16,Rejected,Visa,3970.99,Suggestion,Pending,1,2023,4,April,2013,9.5,26-35
658,54,Other,Las Vegas,Current,5447.26,2005-05-16,2023-03-27,Transfer,4894.97,10342.23,Personal,30106.08,2.63,Approved,AMEX,465.16,Praise,Pending,1,2023,3,March,2005,17.9,46-55
659,43,Other,Denver,Savings,8415.33,2008-05-23,2023-07-13,Withdrawal,3826.43,4588.9,Mortgage,48848.47,1.56,Closed,MasterCard,2790.32,Complaint,Pending,1,2023,7,July,2008,15.1,36-45
660,25,Other,San Jose,Current,350.38,2010-10-23,2023-08-02,Transfer,1607.04,1957.42,Auto,26675.97,3.61,Closed,MasterCard,1920.25,Complaint,Pending,1,2023,8,August,2010,12.8,18-25
661,39,Female,San Jose,Current,4608.16,2021-01-01,2023-12-21,Withdrawal,4320.66,287.5,Personal,18340.82,2.85,Rejected,MasterCard,675.57,Praise,Resolved,1,2023,12,December,2021,3.0,36-45
662,69,Other,Louisville,Savings,1420.55,2019-06-16,2023-08-14,Transfer,4479.67,-3059.12,Auto,47007.37,5.38,Approved,Visa,4091.47,Praise,Pending,1,2023,8,August,2019,4.2,65+
663,22,Other,Los Angeles,Current,5868.9,2002-07-17,2023-07-16,Deposit,892.26,4976.64,Mortgage,49213.73,6.9,Rejected,AMEX,4349.54,Suggestion,Pending,-1,2023,7,July,2002,21.0,18-25
664,19,Male,Jacksonville,Current,9217.78,2014-11-05,2023-06-04,Withdrawal,275.14,8942.64,Personal,39439.76,8.58,Rejected,MasterCard,2522.87,Praise,Pending,1,2023,6,June,2014,8.6,18-25
665,22,Other,Washington,Savings,171.19,2007-12-25,2023-12-04,Deposit,2866.65,-2695.46,Personal,36177.82,3.74,Approved,AMEX,949.74,Complaint,Pending,1,2023,12,December,2007,15.9,18-25
666,52,Other,San Jose,Current,6715.39,2014-10-01,2023-01-03,Deposit,2384.66,9100.05,Auto,1101.12,1.45,Closed,MasterCard,2097.58,Suggestion,Resolved,1,2023,1,January,2014,8.3,46-55
667,49,Female,Dallas,Current,7944.26,2000-07-16,2023-11-08,Deposit,3576.28,11520.54,Personal,16370.45,1.03,Approved,AMEX,162.55,Suggestion,Pending,1,2023,11,November,2000,23.3,46-55
668,61,Other,Tucson,Savings,7470.36,2012-01-15,2023-11-16,Deposit,1472.36,5998.0,Mortgage,46333.64,8.6,Closed,MasterCard,3513.14,Complaint,Pending,1,2023,11,November,2012,11.8,56-65
669,36,Female,Columbus,Current,295.71,2012-04-27,2023-10-04,Withdrawal,1907.26,-1611.55,Mortgage,19038.65,8.9,Approved,Visa,4516.31,Complaint,Resolved,1,2023,10,October,2012,11.4,36-45
670,56,Male,Oklahoma City,Current,1821.45,2018-10-18,2023-01-24,Transfer,1326.62,494.83,Personal,17394.4,1.91,Approved,Visa,78.44,Complaint,Pending,1,2023,1,January,2018,4.3,56-65
671,68,Male,Charlotte,Current,1034.55,2002-04-25,2023-05-28,Withdrawal,1467.77,2502.32,Personal,27321.85,1.09,Closed,Visa,3273.97,Suggestion,Pending,-1,2023,5,May,2002,21.1,65+
672,21,Female,Albuquerque,Savings,946.0,2017-03-22,2023-11-04,Deposit,56.34,889.66,Auto,22941.53,8.2,Approved,MasterCard,444.71,Praise,Pending,1,2023,11,November,2017,6.6,18-25
673,40,Other,Tucson,Current,7328.82,2004-10-13,2023-01-13,Deposit,2558.67,4770.15,Mortgage,43081.1,6.77,Approved,Visa,1157.1,Suggestion,Pending,1,2023,1,January,2004,18.3,36-45
674,63,Female,San Francisco,Savings,4305.41,2015-01-29,2023-08-06,Transfer,2371.04,1934.37,Auto,5003.11,6.01,Closed,AMEX,2676.55,Suggestion,Pending,1,2023,8,August,2015,8.5,56-65
675,36,Other,Las Vegas,Savings,7275.73,2013-08-05,2023-06-20,Deposit,1785.81,5489.92,Mortgage,33278.72,5.8,Approved,Visa,1599.52,Suggestion,Pending,1,2023,6,June,2013,9.9,36-45
676,43,Other,Baltimore,Current,3671.45,2000-12-11,2023-12-16,Withdrawal,2705.55,965.9,Mortgage,35162.32,7.96,Approved,Visa,29.43,Praise,Resolved,1,2023,12,December,2000,23.0,36-45
677,67,Other,San Jose,Savings,1258.79,2000-06-04,2023-03-19,Withdrawal,1964.88,3223.67,Mortgage,44125.53,3.64,Closed,Visa,4913.77,Suggestion,Resolved,1,2023,3,March,2000,22.8,65+
678,43,Female,Indianapolis,Current,7212.68,2015-03-24,2023-08-27,Withdrawal,2168.48,9381.16,Mortgage,21373.44,4.5,Closed,AMEX,855.93,Praise,Pending,1,2023,8,August,2015,8.4,36-45
679,24,Male,Los Angeles,Current,6297.97,2020-03-05,2023-09-02,Withdrawal,19.9,6317.87,Mortgage,15455.26,1.7,Rejected,Visa,2636.7,Praise,Pending,1,2023,9,September,2020,3.5,18-25
680,49,Female,San Francisco,Current,1218.46,2013-10-11,2023-04-12,Deposit,340.87,1559.33,Personal,31701.48,6.1,Closed,AMEX,2578.19,Praise,Pending,1,2023,4,April,2013,9.5,46-55
681,64,Other,Albuquerque,Savings,9251.21,2022-10-25,2023-01-30,Transfer,762.01,8489.2,Mortgage,36521.33,9.65,Approved,MasterCard,4747.53,Complaint,Resolved,1,2023,1,January,2022,0.3,56-65
682,50,Female,San Diego,Current,3158.32,2000-04-13,2023-09-28,Withdrawal,928.26,4086.58,Personal,9377.98,3.55,Closed,MasterCard,3853.01,Complaint,Resolved,1,2023,9,September,2000,23.5,46-55
683,61,Male,Chicago,Savings,6581.83,2003-05-23,2023-07-22,Deposit,2266.44,8848.27,Personal,8750.02,9.36,Closed,AMEX,2778.8,Complaint,Resolved,1,2023,7,July,2003,20.2,56-65
684,43,Female,Fort Worth,Savings,416.61,2020-06-20,2023-07-31,Withdrawal,4375.81,-3959.2,Auto,13916.55,7.56,Approved,Visa,3682.02,Suggestion,Resolved,1,2023,7,July,2020,3.1,36-45
685,41,Male,Oklahoma City,Savings,4486.12,2011-07-05,2023-06-02,Transfer,2036.11,2450.01,Personal,13147.95,3.1,Closed,MasterCard,4232.71,Suggestion,Resolved,1,2023,6,June,2011,11.9,36-45
686,68,Male,Indianapolis,Current,9647.21,2009-09-01,2023-06-15,Deposit,3139.69,6507.52,Auto,37782.05,6.97,Approved,AMEX,1617.12,Complaint,Pending,1,2023,6,June,2009,13.8,65+
687,40,Other,Columbus,Savings,8876.44,2010-08-11,2023-02-12,Withdrawal,138.76,9015.2,Mortgage,27004.43,4.3,Rejected,AMEX,605.86,Suggestion,Resolved,1,2023,2,February,2010,12.5,36-45
688,55,Male,Indianapolis,Savings,2291.34,2022-03-21,2023-02-09,Transfer,4275.68,6567.02,Personal,27841.75,2.1,Rejected,MasterCard,4055.77,Praise,Pending,1,2023,2,February,2022,0.9,46-55
689,43,Female,Tucson,Savings,8803.39,2003-06-06,2023-05-31,Deposit,574.54,8228.85,Personal,1720.41,1.83,Approved,MasterCard,956.79,Suggestion,Pending,1,2023,5,May,2003,20.0,36-45
690,62,Female,Baltimore,Savings,3001.39,2019-05-20,2023-02-13,Deposit,1428.6,4429.99,Auto,49718.62,1.16,Rejected,AMEX,1705.88,Suggestion,Resolved,1,2023,2,February,2019,3.7,56-65
691,48,Other,Fort Worth,Savings,8537.12,2019-06-19,2023-03-22,Withdrawal,4085.51,12622.63,Auto,41659.71,8.18,Closed,AMEX,4406.79,Complaint,Pending,1,2023,3,March,2019,3.8,46-55
692,23,Female,Charlotte,Savings,7319.35,2022-12-30,2023-09-14,Deposit,1331.74,5987.61,Auto,22739.56,8.96,Approved,Visa,3325.55,Suggestion,Resolved,1,2023,9,September,2022,0.7,18-25
693,62,Other,Seattle,Current,3585.32,2015-06-11,2023-04-13,Deposit,1297.42,2287.9,Personal,4277.23,5.34,Rejected,Visa,434.69,Suggestion,Pending,-1,2023,4,April,2015,7.8,56-65
694,48,Female,Louisville,Savings,9116.83,2004-10-28,2023-12-04,Withdrawal,3018.9,6097.93,Mortgage,35020.11,5.68,Closed,MasterCard,1216.61,Praise,Pending,1,2023,12,December,2004,19.1,46-55
695,64,Female,El Paso,Current,4904.27,2003-11-29,2023-02-10,Withdrawal,4517.19,387.08,Auto,27217.26,7.22,Closed,MasterCard,776.54,Suggestion,Pending,1,2023,2,February,2003,19.2,56-65
696,65,Male,Columbus,Current,3245.17,2011-09-16,2023-11-14,Deposit,1076.11,2169.06,Auto,34199.41,7.31,Rejected,MasterCard,159.05,Suggestion,Resolved,1,2023,11,November,2011,12.2,56-65
697,57,Male,Baltimore,Current,2868.89,2021-12-01,2023-07-07,Withdrawal,3107.88,5976.77,Mortgage,34201.3,3.92,Closed,Visa,1084.44,Suggestion,Pending,1,2023,7,July,2021,1.6,56-65
698,62,Male,Tucson,Savings,9396.76,2001-10-02,2023-07-27,Withdrawal,3004.94,12401.7,Mortgage,8581.98,2.43,Rejected,AMEX,3237.98,Praise,Resolved,1,2023,7,July,2001,21.8,56-65
699,62,Female,Charlotte,Current,7609.95,2004-12-27,2023-04-18,Deposit,3301.02,10910.97,Mortgage,17111.68,4.87,Closed,AMEX,69.76,Suggestion,Pending,1,2023,4,April,2004,18.3,56-65
700,69,Other,San Antonio,Current,3564.0,2015-11-22,2023-11-25,Withdrawal,4734.38,8298.38,Mortgage,1870.24,7.27,Closed,MasterCard,4812.11,Complaint,Resolved,1,2023,11,November,2015,8.0,65+
701,69,Other,Charlotte,Savings,2616.27,2008-05-06,2023-11-30,Transfer,837.75,3454.02,Mortgage,49130.88,8.24,Closed,AMEX,1167.95,Suggestion,Resolved,1,2023,11,November,2008,15.6,65+
702,29,Other,Kansas City,Savings,2195.01,2008-11-01,2023-07-13,Deposit,3275.24,-1080.23,Auto,40516.81,1.8,Approved,Visa,1459.12,Praise,Pending,1,2023,7,July,2008,14.7,26-35
703,68,Male,Austin,Current,2520.48,2005-04-03,2023-02-26,Deposit,920.08,3440.56,Auto,46511.62,6.29,Closed,AMEX,174.08,Complaint,Resolved,1,2023,2,February,2005,17.9,65+
704,34,Female,Memphis,Current,1198.7,2015-11-17,2023-05-01,Transfer,1578.36,2777.06,Mortgage,3162.4,1.49,Approved,Visa,348.12,Praise,Pending,1,2023,5,May,2015,7.5,26-35
705,43,Male,Milwaukee,Current,4898.88,2011-03-23,2023-10-25,Withdrawal,1955.91,6854.79,Personal,25517.0,8.42,Rejected,Visa,4993.68,Praise,Resolved,1,2023,10,October,2011,12.6,36-45
706,20,Female,Boston,Savings,506.61,2016-10-20,2023-03-26,Withdrawal,4178.6,-3671.99,Personal,37624.25,7.0,Rejected,Visa,1671.1,Complaint,Resolved,1,2023,3,March,2016,6.4,18-25
707,32,Female,Las Vegas,Savings,213.99,2017-05-12,2023-03-07,Withdrawal,278.01,492.0,Mortgage,6081.53,7.27,Approved,Visa,3398.56,Praise,Resolved,1,2023,3,March,2017,5.8,26-35
708,66,Female,Denver,Savings,6218.92,2020-09-15,2023-03-11,Deposit,3670.93,9889.85,Auto,39077.26,7.86,Rejected,Visa,3754.78,Complaint,Pending,1,2023,3,March,2020,2.5,65+
709,55,Male,Los Angeles,Current,975.95,2001-08-01,2023-08-21,Withdrawal,4563.83,5539.78,Auto,32727.61,5.46,Approved,Visa,2467.84,Praise,Resolved,1,2023,8,August,2001,22.1,46-55
710,41,Female,Washington,Savings,8467.58,2013-09-13,2023-08-31,Withdrawal,405.42,8873.0,Mortgage,49262.81,3.69,Approved,MasterCard,2313.3,Complaint,Resolved,1,2023,8,August,2013,10.0,36-45
711,68,Male,Oklahoma City,Savings,1156.61,2007-02-13,2023-09-24,Deposit,3955.74,5112.35,Personal,7902.42,8.07,Closed,Visa,1679.68,Complaint,Pending,1,2023,9,September,2007,16.6,65+
712,47,Male,Tucson,Savings,5472.42,2015-10-31,2023-01-04,Deposit,547.13,6019.55,Personal,31834.59,8.0,Approved,AMEX,3509.58,Praise,Pending,1,2023,1,January,2015,7.2,46-55
713,61,Female,San Diego,Current,6787.49,2011-09-10,2023-03-20,Withdrawal,4814.64,1972.85,Mortgage,47409.58,2.21,Approved,AMEX,2627.22,Suggestion,Pending,1,2023,3,March,2011,11.5,56-65
714,53,Female,Boston,Savings,2368.64,2005-07-23,2023-08-06,Transfer,4078.67,-1710.03,Auto,37439.8,9.12,Rejected,MasterCard,2134.51,Complaint,Pending,1,2023,8,August,2005,18.0,46-55
715,61,Female,Dallas,Current,8893.82,2016-01-16,2023-08-24,Deposit,3477.97,5415.85,Mortgage,17471.25,2.99,Rejected,MasterCard,758.39,Suggestion,Pending,1,2023,8,August,2016,7.6,56-65
716,44,Male,Fresno,Current,4865.73,2008-07-04,2023-03-20,Transfer,2754.8,7620.53,Auto,6843.29,3.76,Closed,Visa,3338.22,Complaint,Pending,1,2023,3,March,2008,14.7,36-45
717,39,Female,El Paso,Savings,3221.66,2019-08-30,2023-06-26,Transfer,4604.88,-1383.22,Personal,48224.56,2.94,Closed,AMEX,2184.71,Complaint,Resolved,1,2023,6,June,2019,3.8,36-45
718,19,Female,Phoenix,Savings,9021.17,2006-02-06,2023-08-30,Deposit,604.17,8417.0,Mortgage,4523.28,9.69,Rejected,Visa,521.48,Praise,Pending,1,2023,8,August,2006,17.6,18-25
719,24,Other,Boston,Savings,8597.57,2008-12-08,2023-06-14,Transfer,617.7,9215.27,Personal,48783.25,3.7,Closed,Visa,1714.68,Complaint,Resolved,1,2023,6,June,2008,14.5,18-25
720,33,Other,San Diego,Current,7125.31,2004-09-30,2023-10-03,Withdrawal,4114.22,3011.09,Mortgage,15872.07,9.74,Closed,Visa,228.31,Praise,Resolved,1,2023,10,October,2004,19.0,26-35
721,41,Other,Indianapolis,Current,2975.78,2013-07-14,2023-12-18,Transfer,2416.78,559.0,Mortgage,43155.24,6.74,Closed,MasterCard,616.25,Suggestion,Resolved,1,2023,12,December,2013,10.4,36-45
722,47,Female,Charlotte,Current,3963.04,2013-10-02,2023-11-25,Withdrawal,4226.83,8189.87,Auto,28161.28,2.59,Rejected,Visa,4967.86,Complaint,Pending,1,2023,11,November,2013,10.1,46-55
723,61,Male,New York,Current,6928.36,2011-04-02,2023-06-27,Deposit,1959.4,8887.76,Mortgage,45716.94,5.98,Closed,Visa,3956.88,Suggestion,Pending,1,2023,6,June,2011,12.2,56-65
724,65,Other,Washington,Savings,1934.31,2005-10-27,2023-06-08,Withdrawal,2264.78,-330.47,Personal,21904.33,8.94,Approved,MasterCard,4938.76,Complaint,Pending,1,2023,6,June,2005,17.6,56-65
725,63,Male,Chicago,Savings,5001.61,2010-10-30,2023-10-27,Deposit,1667.07,3334.54,Personal,42640.39,6.06,Rejected,AMEX,4702.46,Suggestion,Resolved,1,2023,10,October,2010,13.0,56-65
726,18,Other,Kansas City,Current,7403.45,2022-06-06,2023-01-31,Transfer,4754.18,12157.63,Mortgage,12680.87,2.19,Approved,AMEX,4788.71,Suggestion,Resolved,-1,2023,1,January,2022,0.7,18-25
727,44,Other,Columbus,Current,6611.36,2013-12-01,2023-11-27,Deposit,2330.1,8941.46,Personal,23870.33,3.58,Rejected,MasterCard,2393.83,Praise,Pending,1,2023,11,November,2013,10.0,36-45
728,26,Male,Mesa,Current,7227.34,2018-12-22,2023-02-10,Withdrawal,3777.93,3449.41,Auto,42468.82,3.02,Closed,Visa,3385.51,Praise,Pending,1,2023,2,February,2018,4.1,26-35
729,24,Other,Seattle,Current,8930.0,2018-02-04,2023-01-04,Deposit,3482.58,5447.42,Mortgage,6799.72,2.13,Approved,Visa,61.78,Praise,Pending,-1,2023,1,January,2018,4.9,18-25
730,22,Male,Seattle,Savings,9686.04,2021-01-08,2023-09-27,Transfer,1183.08,10869.12,Auto,36703.08,3.95,Rejected,AMEX,1899.25,Praise,Resolved,1,2023,9,September,2021,2.7,18-25
731,47,Female,Chicago,Savings,4638.0,2001-12-08,2023-06-23,Transfer,4570.77,67.23,Personal,22406.72,6.95,Rejected,Visa,3376.87,Complaint,Resolved,1,2023,6,June,2001,21.5,46-55
732,59,Female,Jacksonville,Savings,693.82,2007-10-02,2023-11-06,Withdrawal,2727.96,3421.78,Mortgage,26147.53,4.44,Approved,Visa,769.5,Praise,Resolved,1,2023,11,November,2007,16.1,56-65
733,44,Male,Colorado Springs,Savings,8360.07,2010-01-09,2023-04-02,Withdrawal,4280.47,4079.6,Auto,29372.56,4.99,Rejected,Visa,4475.66,Praise,Pending,1,2023,4,April,2010,13.2,36-45
734,27,Male,New York,Current,1267.86,2011-04-02,2023-03-30,Deposit,4162.62,5430.48,Mortgage,14507.34,3.89,Approved,MasterCard,535.83,Complaint,Resolved,1,2023,3,March,2011,12.0,26-35
735,42,Female,Portland,Current,2272.5,2005-09-21,2023-03-28,Withdrawal,302.76,2575.26,Mortgage,5722.22,9.95,Rejected,Visa,4189.57,Suggestion,Pending,1,2023,3,March,2005,17.5,36-45
736,35,Male,Portland,Savings,6566.36,2003-01-03,2023-02-02,Deposit,3102.67,9669.03,Personal,1914.31,6.28,Approved,Visa,3076.2,Complaint,Resolved,1,2023,2,February,2003,20.1,26-35
737,24,Female,Austin,Savings,7482.78,2005-05-04,2023-05-17,Withdrawal,3947.03,3535.75,Auto,22115.18,8.5,Closed,MasterCard,4298.86,Suggestion,Pending,1,2023,5,May,2005,18.0,18-25
738,48,Female,Phoenix,Savings,6977.01,2009-04-01,2023-06-15,Transfer,4533.43,2443.58,Personal,14174.67,4.97,Approved,AMEX,1119.73,Praise,Pending,1,2023,6,June,2009,14.2,46-55
739,49,Male,San Antonio,Savings,4441.07,2010-06-21,2023-03-30,Transfer,2536.42,1904.65,Mortgage,32013.57,2.52,Closed,MasterCard,3186.71,Complaint,Resolved,1,2023,3,March,2010,12.8,46-55
740,67,Other,Denver,Savings,9188.86,2007-11-22,2023-03-23,Withdrawal,3756.06,12944.92,Personal,36080.96,8.62,Closed,MasterCard,1114.41,Praise,Resolved,1,2023,3,March,2007,15.3,65+
741,62,Male,Memphis,Savings,8338.74,2017-01-14,2023-02-12,Deposit,4848.46,3490.28,Mortgage,25683.49,7.87,Closed,MasterCard,1307.16,Complaint,Resolved,1,2023,2,February,2017,6.1,56-65
742,28,Female,Charlotte,Current,6670.46,2005-07-03,2023-05-15,Transfer,4140.93,10811.39,Mortgage,31329.1,3.97,Approved,Visa,567.94,Suggestion,Pending,1,2023,5,May,2005,17.9,26-35
743,27,Other,Sacramento,Current,4466.65,2001-05-08,2023-12-10,Deposit,4273.57,193.08,Mortgage,28476.56,6.46,Closed,AMEX,4271.37,Complaint,Pending,1,2023,12,December,2001,22.6,26-35
744,39,Other,Atlanta,Savings,4691.88,2022-03-19,2023-10-23,Transfer,2042.34,2649.54,Auto,1224.32,1.84,Rejected,Visa,4010.68,Praise,Pending,1,2023,10,October,2022,1.6,36-45
745,48,Female,Fort Worth,Savings,1842.07,2005-01-25,2023-12-07,Withdrawal,467.53,1374.54,Auto,42243.39,1.24,Approved,MasterCard,1407.91,Suggestion,Resolved,1,2023,12,December,2005,18.9,46-55
746,58,Other,Baltimore,Current,7819.08,2014-09-22,2023-04-29,Withdrawal,4830.48,2988.6,Mortgage,3918.56,8.34,Approved,Visa,898.57,Suggestion,Pending,1,2023,4,April,2014,8.6,56-65
747,64,Other,Oklahoma City,Current,8673.04,2018-03-14,2023-11-14,Withdrawal,3482.13,12155.17,Mortgage,21106.68,9.48,Approved,AMEX,3991.82,Complaint,Resolved,1,2023,11,November,2018,5.7,56-65
748,31,Male,Atlanta,Savings,8290.09,2020-07-09,2023-07-02,Transfer,864.11,9154.2,Personal,6439.91,4.1,Rejected,AMEX,2317.35,Praise,Resolved,1,2023,7,July,2020,3.0,26-35
749,20,Female,Chicago,Current,5516.27,2013-07-14,2023-02-04,Withdrawal,4869.42,10385.69,Personal,33453.38,6.38,Approved,MasterCard,1639.56,Praise,Resolved,-1,2023,2,February,2013,9.6,18-25
750,41,Other,Dallas,Current,8395.62,2012-09-10,2023-06-20,Withdrawal,3581.77,4813.85,Personal,16953.8,7.46,Closed,MasterCard,3407.18,Praise,Resolved,1,2023,6,June,2012,10.8,36-45
751,31,Female,Colorado Springs,Current,7925.05,2020-03-24,2023-01-11,Withdrawal,460.94,8385.99,Mortgage,4486.46,7.71,Rejected,Visa,1924.72,Suggestion,Pending,1,2023,1,January,2020,2.8,26-35
752,33,Male,Detroit,Current,8340.36,2018-06-25,2023-12-01,Deposit,862.36,7478.0,Personal,3222.29,5.33,Closed,Visa,3640.25,Suggestion,Resolved,1,2023,12,December,2018,5.4,26-35
753,45,Male,Los Angeles,Current,9821.14,2013-04-03,2023-03-20,Withdrawal,4328.4,5492.74,Personal,12619.95,6.52,Approved,MasterCard,1046.8,Suggestion,Resolved,1,2023,3,March,2013,10.0,36-45
754,52,Male,El Paso,Current,8119.0,2015-11-09,2023-05-13,Deposit,4769.62,12888.62,Auto,33695.97,6.91,Closed,MasterCard,2839.89,Suggestion,Resolved,1,2023,5,May,2015,7.5,46-55
755,57,Other,El Paso,Current,2779.83,2006-07-28,2023-06-17,Deposit,1830.49,4610.32,Auto,36192.85,1.93,Closed,MasterCard,4374.39,Praise,Pending,1,2023,6,June,2006,16.9,56-65
756,19,Male,Nashville,Current,8226.54,2020-07-31,2023-08-24,Transfer,2072.18,10298.72,Auto,7293.09,6.81,Rejected,AMEX,4057.02,Suggestion,Pending,1,2023,8,August,2020,3.1,18-25
757,51,Female,Indianapolis,Current,3818.79,2022-09-07,2023-10-29,Withdrawal,1983.32,5802.11,Auto,7816.5,5.6,Rejected,MasterCard,4717.71,Complaint,Pending,1,2023,10,October,2022,1.1,46-55
758,35,Male,Dallas,Current,5210.3,2009-04-21,2023-01-21,Transfer,4178.43,1031.87,Mortgage,30068.12,4.41,Rejected,AMEX,105.45,Complaint,Resolved,1,2023,1,January,2009,13.8,26-35
759,24,Other,San Jose,Savings,7984.36,2010-12-24,2023-05-17,Withdrawal,2271.75,10256.11,Mortgage,47906.05,3.36,Approved,Visa,4642.5,Praise,Pending,-1,2023,5,May,2010,12.4,18-25
760,66,Male,Louisville,Savings,3235.52,2011-05-11,2023-11-23,Deposit,1882.53,1352.99,Personal,28092.64,6.74,Rejected,MasterCard,1202.2,Praise,Resolved,1,2023,11,November,2011,12.5,65+
761,55,Other,Portland,Current,358.22,2010-11-12,2023-06-04,Transfer,3113.12,-2754.9,Auto,35875.36,2.5,Rejected,MasterCard,4722.16,Suggestion,Pending,1,2023,6,June,2010,12.6,46-55
762,59,Female,San Francisco,Savings,7209.63,2007-05-01,2023-09-30,Deposit,2457.76,4751.87,Mortgage,29195.38,8.3,Rejected,AMEX,1276.11,Suggestion,Pending,1,2023,9,September,2007,16.4,56-65
763,24,Male,Kansas City,Savings,9031.52,2006-08-02,2023-03-07,Withdrawal,2671.78,6359.74,Auto,6136.95,2.55,Closed,MasterCard,936.02,Complaint,Pending,1,2023,3,March,2006,16.6,18-25
764,21,Male,Mesa,Current,9286.1,2020-12-07,2023-08-20,Transfer,2041.0,7245.1,Personal,47376.74,7.94,Approved,MasterCard,3138.65,Suggestion,Pending,1,2023,8,August,2020,2.7,18-25
765,60,Female,New York,Savings,8009.21,2003-06-29,2023-01-26,Withdrawal,2307.97,10317.18,Mortgage,4527.26,8.36,Rejected,AMEX,3633.41,Complaint,Resolved,1,2023,1,January,2003,19.6,56-65
766,33,Female,Seattle,Current,9357.91,2020-01-11,2023-12-31,Transfer,189.52,9168.39,Auto,38233.64,9.46,Rejected,Visa,4810.51,Suggestion,Resolved,1,2023,12,December,2020,4.0,26-35
767,66,Other,Dallas,Savings,8224.5,2003-02-15,2023-07-19,Withdrawal,4629.65,12854.15,Personal,48988.26,5.17,Approved,AMEX,1505.81,Complaint,Pending,1,2023,7,July,2003,20.4,65+
768,23,Male,San Jose,Savings,397.98,2004-04-15,2023-06-22,Deposit,162.56,560.54,Auto,16630.86,1.57,Closed,AMEX,2260.28,Complaint,Pending,1,2023,6,June,2004,19.2,18-25
769,37,Male,Omaha,Savings,3561.59,2020-03-16,2023-07-02,Deposit,3866.33,-304.74,Personal,9409.88,7.1,Rejected,Visa,3023.73,Praise,Pending,1,2023,7,July,2020,3.3,36-45
770,48,Male,Charlotte,Current,3427.45,2017-03-29,2023-02-09,Transfer,1498.36,4925.81,Auto,28742.54,3.54,Rejected,MasterCard,4119.06,Complaint,Resolved,1,2023,2,February,2017,5.9,46-55
771,36,Male,Houston,Savings,2269.73,2020-11-05,2023-09-29,Withdrawal,570.15,2839.88,Auto,39958.26,1.83,Closed,Visa,3907.78,Praise,Pending,1,2023,9,September,2020,2.9,36-45
772,69,Female,Tucson,Current,7999.58,2014-11-15,2023-07-31,Withdrawal,3052.37,4947.21,Personal,47524.28,8.7,Closed,MasterCard,4719.03,Complaint,Pending,1,2023,7,July,2014,8.7,65+
773,39,Male,Las Vegas,Savings,5248.89,2012-06-02,2023-08-12,Deposit,3537.69,8786.58,Auto,34990.04,2.26,Closed,MasterCard,2709.92,Praise,Resolved,1,2023,8,August,2012,11.2,36-45
774,38,Male,Mesa,Savings,8379.26,2014-06-09,2023-06-09,Transfer,3154.71,5224.55,Personal,17457.78,5.56,Closed,MasterCard,4108.47,Praise,Resolved,1,2023,6,June,2014,9.0,36-45
775,35,Male,Jacksonville,Current,6053.36,2010-07-23,2023-02-04,Withdrawal,2884.66,8938.02,Personal,25222.96,8.1,Rejected,Visa,4017.03,Suggestion,Pending,1,2023,2,February,2010,12.5,26-35
776,49,Other,Mesa,Savings,5947.03,2007-12-14,2023-11-16,Withdrawal,2685.57,8632.6,Auto,38298.83,2.79,Rejected,MasterCard,1034.72,Praise,Resolved,1,2023,11,November,2007,15.9,46-55
777,64,Other,Oklahoma City,Current,3903.07,2016-05-24,2023-05-01,Deposit,2709.88,6612.95,Personal,39608.69,9.07,Closed,MasterCard,1721.54,Praise,Pending,-1,2023,5,May,2016,6.9,56-65
778,51,Other,Austin,Current,7917.07,2017-03-30,2023-10-13,Withdrawal,4328.45,12245.52,Mortgage,4647.43,3.98,Closed,MasterCard,999.22,Complaint,Pending,1,2023,10,October,2017,6.5,46-55
779,68,Female,Fort Worth,Current,6862.61,2015-06-27,2023-06-19,Deposit,459.87,6402.74,Personal,31073.24,4.57,Closed,AMEX,210.95,Suggestion,Resolved,1,2023,6,June,2015,8.0,65+
780,44,Female,Seattle,Current,3453.64,2010-05-21,2023-12-02,Transfer,795.27,4248.91,Personal,48401.13,2.18,Rejected,Visa,4251.05,Praise,Resolved,1,2023,12,December,2010,13.5,36-45
781,55,Female,Baltimore,Savings,9936.38,2004-07-18,2023-08-19,Withdrawal,4065.13,14001.51,Auto,39477.58,6.8,Approved,AMEX,4509.59,Praise,Resolved,1,2023,8,August,2004,19.1,46-55
782,61,Male,Atlanta,Current,4681.61,2021-07-01,2023-04-10,Withdrawal,1522.17,3159.44,Mortgage,1358.82,5.46,Rejected,MasterCard,2104.72,Suggestion,Pending,1,2023,4,April,2021,1.8,56-65
783,47,Male,Oklahoma City,Current,3234.24,2016-09-06,2023-08-21,Deposit,3860.09,-625.85,Personal,12022.14,9.77,Closed,AMEX,1824.47,Complaint,Resolved,1,2023,8,August,2016,7.0,46-55
784,50,Female,Boston,Current,6909.15,2017-09-05,2023-01-02,Deposit,1769.95,8679.1,Auto,22805.43,7.28,Approved,AMEX,2353.58,Suggestion,Pending,1,2023,1,January,2017,5.3,46-55
785,44,Other,Fort Worth,Savings,2305.79,2004-06-06,2023-01-16,Withdrawal,4627.8,6933.59,Auto,35607.2,7.83,Approved,MasterCard,3142.06,Praise,Resolved,1,2023,1,January,2004,18.6,36-45
786,40,Male,Nashville,Savings,8323.38,2001-08-16,2023-08-09,Deposit,1413.86,6909.52,Personal,28207.09,2.79,Closed,MasterCard,4936.26,Praise,Pending,1,2023,8,August,2001,22.0,36-45
787,60,Other,Boston,Current,6835.6,2005-09-01,2023-09-20,Deposit,2140.21,4695.39,Mortgage,4789.07,7.41,Approved,AMEX,4358.0,Suggestion,Resolved,1,2023,9,September,2005,18.1,56-65
788,36,Male,Austin,Savings,8713.65,2001-10-09,2023-07-02,Transfer,802.62,7911.03,Mortgage,37175.16,6.02,Approved,AMEX,812.67,Complaint,Pending,1,2023,7,July,2001,21.7,36-45
789,48,Male,Dallas,Savings,3357.61,2003-08-22,2023-01-23,Deposit,3336.76,20.85,Auto,42096.97,4.63,Closed,MasterCard,4385.71,Complaint,Pending,1,2023,1,January,2003,19.4,46-55
790,21,Other,Boston,Current,8558.81,2003-11-24,2023-09-04,Withdrawal,2020.38,10579.19,Personal,11082.13,8.04,Rejected,AMEX,2424.0,Praise,Pending,1,2023,9,September,2003,19.8,18-25
791,36,Female,Sacramento,Current,5059.22,2016-03-27,2023-09-14,Deposit,4706.61,352.61,Personal,4303.76,9.81,Approved,MasterCard,4025.58,Suggestion,Resolved,1,2023,9,September,2016,7.5,36-45
792,55,Other,Albuquerque,Savings,685.65,2019-03-27,2023-04-26,Withdrawal,88.58,597.07,Mortgage,39756.92,1.85,Closed,Visa,4225.51,Complaint,Pending,1,2023,4,April,2019,4.1,46-55
793,57,Female,Columbus,Savings,2022.28,2003-05-19,2023-03-10,Withdrawal,1944.38,3966.66,Mortgage,32381.87,8.1,Rejected,Visa,1891.01,Complaint,Resolved,1,2023,3,March,2003,19.8,56-65
794,39,Female,New York,Savings,2254.73,2015-07-18,2023-05-21,Deposit,127.91,2126.82,Mortgage,40371.7,9.28,Rejected,AMEX,140.52,Praise,Pending,1,2023,5,May,2015,7.8,36-45
795,26,Male,San Francisco,Savings,7703.11,2003-12-27,2023-02-21,Withdrawal,1651.92,6051.19,Personal,28763.24,3.84,Approved,Visa,1824.11,Praise,Pending,1,2023,2,February,2003,19.2,26-35
796,48,Male,Boston,Current,2110.94,2015-01-01,2023-04-06,Transfer,1907.42,4018.36,Personal,21998.36,4.27,Closed,Visa,149.9,Complaint,Pending,1,2023,4,April,2015,8.3,46-55
797,27,Male,San Diego,Savings,5662.98,2007-10-01,2023-02-24,Transfer,1298.1,4364.88,Auto,48190.81,8.15,Rejected,MasterCard,2570.1,Complaint,Pending,1,2023,2,February,2007,15.4,26-35
798,27,Female,Phoenix,Savings,6560.17,2010-03-21,2023-10-12,Withdrawal,1285.1,5275.07,Mortgage,39218.03,9.58,Rejected,MasterCard,4745.81,Praise,Resolved,1,2023,10,October,2010,13.6,26-35
799,47,Female,Phoenix,Savings,7761.19,2021-03-25,2023-05-26,Transfer,1307.7,6453.49,Auto,21183.9,9.45,Rejected,MasterCard,4425.55,Praise,Pending,1,2023,5,May,2021,2.2,46-55
800,27,Other,Sacramento,Current,7860.41,2020-03-24,2023-10-10,Deposit,1338.62,6521.79,Auto,45468.39,1.5,Rejected,AMEX,1917.39,Praise,Pending,1,2023,10,October,2020,3.5,26-35
801,53,Male,Denver,Savings,7204.28,2018-11-01,2023-02-19,Deposit,1418.61,8622.89,Mortgage,49681.46,8.84,Closed,Visa,3782.78,Suggestion,Resolved,1,2023,2,February,2018,4.3,46-55
802,35,Male,El Paso,Current,2210.52,2019-08-22,2023-10-25,Deposit,4257.98,-2047.46,Personal,16103.59,6.28,Closed,MasterCard,3654.78,Complaint,Resolved,1,2023,10,October,2019,4.2,26-35
803,61,Female,Dallas,Current,5480.35,2002-12-14,2023-07-14,Withdrawal,204.88,5275.47,Personal,44731.36,4.79,Rejected,AMEX,2888.44,Suggestion,Pending,1,2023,7,July,2002,20.6,56-65
804,60,Male,Baltimore,Current,2972.68,2019-08-31,2023-08-10,Deposit,4944.66,-1971.98,Personal,3224.48,8.61,Rejected,MasterCard,3522.74,Suggestion,Resolved,1,2023,8,August,2019,3.9,56-65
805,65,Female,Indianapolis,Savings,7773.47,2012-08-23,2023-05-18,Deposit,1414.8,9188.27,Personal,11503.1,8.2,Approved,AMEX,4516.8,Complaint,Resolved,1,2023,5,May,2012,10.7,56-65
806,36,Other,Tucson,Savings,7506.12,2015-01-24,2023-01-09,Withdrawal,149.45,7655.57,Mortgage,8884.7,5.58,Closed,MasterCard,1406.27,Suggestion,Pending,1,2023,1,January,2015,8.0,36-45
807,60,Other,Los Angeles,Current,2373.51,2015-01-17,2023-01-03,Transfer,884.04,1489.47,Mortgage,18473.09,4.7,Closed,Visa,878.49,Praise,Resolved,1,2023,1,January,2015,8.0,56-65
808,40,Male,Columbus,Savings,6449.29,2013-06-15,2023-12-08,Deposit,4709.91,11159.2,Mortgage,28568.51,5.25,Rejected,Visa,1608.51,Praise,Resolved,1,2023,12,December,2013,10.5,36-45
809,21,Other,New York,Current,678.44,2015-11-14,2023-02-07,Withdrawal,4987.64,5666.08,Personal,36279.01,3.87,Approved,Visa,3055.03,Suggestion,Resolved,1,2023,2,February,2015,7.2,18-25
810,29,Male,Detroit,Current,7708.63,2020-02-17,2023-03-11,Transfer,1241.3,6467.33,Mortgage,45237.39,7.12,Closed,Visa,2412.7,Suggestion,Resolved,1,2023,3,March,2020,3.1,26-35
811,66,Male,Boston,Savings,7824.0,2000-03-28,2023-03-10,Transfer,1134.99,6689.01,Auto,8768.83,9.03,Approved,Visa,3361.4,Praise,Pending,1,2023,3,March,2000,22.9,65+
812,41,Female,Indianapolis,Current,3535.42,2016-01-31,2023-06-07,Transfer,4182.09,7717.51,Auto,29335.89,3.25,Rejected,MasterCard,2228.34,Suggestion,Pending,1,2023,6,June,2016,7.3,36-45
813,30,Female,Charlotte,Current,8081.94,2012-03-09,2023-09-27,Deposit,4571.92,3510.02,Personal,28179.97,8.43,Closed,AMEX,3255.95,Suggestion,Pending,1,2023,9,September,2012,11.6,26-35
814,21,Male,Detroit,Savings,8597.15,2002-12-24,2023-01-02,Transfer,3255.3,5341.85,Mortgage,23465.22,4.25,Approved,MasterCard,443.47,Praise,Pending,1,2023,1,January,2002,20.0,18-25
815,44,Other,Indianapolis,Current,1981.57,2001-10-15,2023-12-19,Transfer,4679.74,6661.31,Auto,35034.55,2.19,Closed,MasterCard,2170.14,Suggestion,Pending,1,2023,12,December,2001,22.2,36-45
816,55,Other,Columbus,Savings,3573.86,2008-07-06,2023-04-11,Transfer,4750.56,-1176.7,Personal,26154.69,1.36,Rejected,Visa,3228.26,Praise,Pending,1,2023,4,April,2008,14.8,46-55
817,56,Male,Memphis,Savings,2684.7,2003-10-29,2023-05-16,Deposit,3800.84,-1116.14,Personal,27959.38,5.31,Closed,AMEX,1456.4,Suggestion,Resolved,1,2023,5,May,2003,19.5,56-65
818,25,Male,Las Vegas,Current,3806.15,2013-01-12,2023-11-26,Withdrawal,1750.05,5556.2,Auto,45263.22,6.11,Rejected,Visa,1615.11,Suggestion,Pending,1,2023,11,November,2013,10.9,18-25
819,43,Other,Charlotte,Current,4524.35,2006-08-24,2023-08-01,Transfer,755.8,5280.15,Personal,43153.34,1.05,Approved,Visa,101.36,Praise,Pending,1,2023,8,August,2006,16.9,36-45
820,51,Other,Denver,Savings,5148.69,2005-09-15,2023-03-24,Withdrawal,2593.19,7741.88,Auto,29289.37,6.87,Approved,Visa,3933.46,Complaint,Resolved,1,2023,3,March,2005,17.5,46-55
821,26,Female,San Diego,Current,447.53,2008-03-18,2023-12-21,Transfer,1455.15,1902.68,Mortgage,8654.27,5.67,Approved,MasterCard,2427.9,Complaint,Pending,1,2023,12,December,2008,15.8,26-35
822,27,Female,Fresno,Savings,646.15,2012-02-16,2023-10-01,Transfer,601.32,1247.47,Personal,47976.37,9.98,Rejected,MasterCard,832.81,Complaint,Pending,1,2023,10,October,2012,11.6,26-35
823,68,Other,Los Angeles,Current,6586.82,2006-10-02,2023-05-21,Deposit,1976.04,4610.78,Auto,31512.3,1.94,Approved,AMEX,3151.49,Complaint,Pending,1,2023,5,May,2006,16.6,65+
824,18,Female,Portland,Savings,4483.14,2002-05-30,2023-10-29,Transfer,2404.03,6887.17,Mortgage,40566.26,7.35,Rejected,MasterCard,597.29,Complaint,Pending,1,2023,10,October,2002,21.4,18-25
825,65,Female,Jacksonville,Current,988.4,2021-10-07,2023-05-20,Transfer,3313.31,4301.71,Auto,3696.07,2.95,Approved,Visa,2324.79,Suggestion,Pending,1,2023,5,May,2021,1.6,56-65
826,67,Male,Sacramento,Savings,3923.68,2018-06-12,2023-10-23,Withdrawal,1113.49,2810.19,Personal,44944.44,2.86,Rejected,AMEX,673.53,Suggestion,Resolved,1,2023,10,October,2018,5.4,65+
827,25,Female,El Paso,Current,4807.4,2018-01-21,2023-03-29,Deposit,4343.78,9151.18,Auto,34981.28,1.17,Closed,AMEX,3383.15,Complaint,Pending,1,2023,3,March,2018,5.2,18-25
828,27,Female,San Diego,Current,6392.34,2013-10-15,2023-11-19,Withdrawal,935.35,7327.69,Mortgage,34585.82,1.06,Approved,AMEX,945.67,Suggestion,Resolved,1,2023,11,November,2013,10.1,26-35
829,60,Male,Louisville,Savings,1271.47,2005-08-08,2023-10-08,Withdrawal,4986.18,6257.65,Auto,6395.51,2.68,Closed,Visa,4769.07,Suggestion,Pending,1,2023,10,October,2005,18.2,56-65
830,66,Other,El Paso,Savings,9948.56,2006-01-03,2023-08-29,Withdrawal,2788.83,7159.73,Auto,35930.3,2.58,Rejected,Visa,3008.18,Complaint,Pending,1,2023,8,August,2006,17.7,65+
831,42,Female,Houston,Current,4799.58,2017-10-31,2023-04-22,Withdrawal,742.74,5542.32,Personal,4755.23,1.0,Rejected,AMEX,110.76,Praise,Resolved,1,2023,4,April,2017,5.5,36-45
832,48,Female,Columbus,Current,6839.83,2002-06-12,2023-10-28,Deposit,4173.62,11013.45,Personal,3735.47,7.45,Approved,AMEX,2098.99,Complaint,Resolved,1,2023,10,October,2002,21.4,46-55
833,56,Other,Memphis,Current,9091.36,2020-04-05,2023-05-21,Transfer,1276.12,7815.24,Mortgage,16942.05,5.53,Closed,MasterCard,802.31,Praise,Resolved,1,2023,5,May,2020,3.1,56-65
834,20,Female,New York,Current,415.05,2001-10-21,2023-06-01,Deposit,949.68,-534.63,Personal,2135.31,4.57,Rejected,Visa,3026.02,Praise,Pending,1,2023,6,June,2001,21.6,18-25
835,56,Other,Houston,Savings,6053.45,2000-05-03,2023-07-23,Transfer,682.62,6736.07,Mortgage,8821.64,1.93,Approved,MasterCard,3825.98,Praise,Resolved,1,2023,7,July,2000,23.2,56-65
836,55,Male,Albuquerque,Current,5449.52,2000-09-04,2023-09-15,Transfer,2758.96,8208.48,Mortgage,36580.21,4.01,Closed,Visa,1542.25,Praise,Resolved,1,2023,9,September,2000,23.0,46-55
837,52,Other,Tucson,Current,668.33,2003-11-06,2023-10-02,Withdrawal,4397.84,-3729.51,Mortgage,41911.35,5.24,Approved,Visa,3377.74,Praise,Pending,1,2023,10,October,2003,19.9,46-55
838,25,Other,Detroit,Savings,6960.97,2019-06-13,2023-08-02,Transfer,4486.58,11447.55,Auto,9796.55,9.98,Closed,AMEX,4356.2,Complaint,Pending,-1,2023,8,August,2019,4.1,18-25
839,18,Other,San Francisco,Current,2285.75,2003-02-03,2023-10-07,Deposit,3930.24,6215.99,Personal,41341.58,5.6,Rejected,Visa,4526.51,Suggestion,Resolved,1,2023,10,October,2003,20.7,18-25
840,22,Male,Colorado Springs,Savings,7048.63,2013-01-25,2023-07-08,Transfer,2911.42,9960.05,Auto,24545.97,1.18,Rejected,AMEX,614.51,Suggestion,Resolved,-1,2023,7,July,2013,10.4,18-25
841,68,Other,El Paso,Current,3690.03,2018-05-19,2023-05-13,Deposit,2654.12,6344.15,Auto,47936.84,2.87,Rejected,AMEX,1775.32,Suggestion,Resolved,1,2023,5,May,2018,5.0,65+
842,44,Other,Albuquerque,Savings,7724.25,2006-12-02,2023-03-21,Deposit,1875.12,5849.13,Auto,7826.14,4.19,Closed,MasterCard,1365.02,Praise,Pending,1,2023,3,March,2006,16.3,36-45
843,62,Male,Charlotte,Savings,9423.44,2019-03-27,2023-04-11,Deposit,229.89,9193.55,Auto,3624.67,5.1,Closed,AMEX,2852.91,Complaint,Pending,1,2023,4,April,2019,4.0,56-65
844,43,Female,San Jose,Current,8619.07,2001-04-13,2023-12-24,Transfer,4184.58,4434.49,Auto,42408.92,7.07,Approved,AMEX,4080.59,Praise,Resolved,1,2023,12,December,2001,22.7,36-45
845,60,Female,Los Angeles,Savings,4877.48,2017-10-27,2023-03-05,Withdrawal,4997.37,-119.89,Personal,18737.29,6.32,Rejected,MasterCard,3219.57,Praise,Pending,1,2023,3,March,2017,5.4,56-65
846,43,Other,Denver,Current,2330.2,2018-11-23,2023-01-12,Deposit,4605.03,6935.23,Personal,23401.34,5.58,Closed,Visa,4915.12,Praise,Resolved,1,2023,1,January,2018,4.1,36-45
847,28,Male,Las Vegas,Savings,9924.99,2013-09-30,2023-05-03,Withdrawal,4665.86,14590.85,Mortgage,26077.91,8.54,Rejected,Visa,197.53,Praise,Resolved,1,2023,5,May,2013,9.6,26-35
848,51,Male,Las Vegas,Savings,6629.04,2005-04-02,2023-12-31,Deposit,1672.78,8301.82,Personal,41433.17,2.77,Closed,Visa,995.23,Praise,Resolved,1,2023,12,December,2005,18.7,46-55
849,58,Other,Austin,Savings,4019.93,2020-06-07,2023-04-19,Transfer,505.54,3514.39,Auto,4724.02,1.7,Closed,AMEX,4256.83,Praise,Resolved,1,2023,4,April,2020,2.9,56-65
850,19,Other,Washington,Current,4867.09,2010-02-14,2023-07-06,Deposit,4359.2,507.89,Auto,28005.09,8.54,Closed,Visa,1963.33,Complaint,Pending,1,2023,7,July,2010,13.4,18-25
851,38,Female,Charlotte,Current,1367.75,2010-06-30,2023-12-18,Transfer,3821.41,5189.16,Mortgage,22097.84,5.16,Approved,MasterCard,3893.9,Complaint,Pending,1,2023,12,December,2010,13.5,36-45
852,68,Female,Jacksonville,Savings,5102.39,2012-03-08,2023-07-25,Transfer,1957.97,3144.42,Personal,17673.74,5.98,Rejected,Visa,4858.38,Suggestion,Resolved,1,2023,7,July,2012,11.4,65+
853,43,Other,Portland,Current,1814.33,2014-03-15,2023-02-16,Transfer,4169.55,-2355.22,Personal,18058.43,8.54,Closed,AMEX,2951.17,Suggestion,Resolved,1,2023,2,February,2014,8.9,36-45
854,29,Male,Dallas,Savings,3720.88,2017-03-24,2023-11-05,Transfer,702.29,4423.17,Mortgage,46586.7,9.51,Closed,MasterCard,3329.89,Praise,Resolved,-1,2023,11,November,2017,6.6,26-35
855,26,Other,Louisville,Savings,4968.49,2000-09-02,2023-04-09,Withdrawal,3258.91,8227.4,Auto,14137.51,5.97,Approved,MasterCard,1922.44,Complaint,Pending,1,2023,4,April,2000,22.6,26-35
856,58,Male,New York,Current,9483.21,2015-11-13,2023-11-25,Transfer,4767.39,14250.6,Auto,23276.34,8.31,Rejected,AMEX,4496.07,Complaint,Pending,1,2023,11,November,2015,8.0,56-65
857,40,Female,San Francisco,Savings,6284.46,2019-04-07,2023-08-22,Deposit,4552.99,10837.45,Auto,25147.32,5.9,Closed,AMEX,3351.62,Complaint,Resolved,-1,2023,8,August,2019,4.4,36-45
858,59,Other,Milwaukee,Current,3781.71,2014-07-09,2023-08-09,Withdrawal,3806.64,-24.93,Auto,36273.33,1.3,Rejected,Visa,3019.84,Suggestion,Pending,1,2023,8,August,2014,9.1,56-65
859,22,Male,Jacksonville,Savings,1219.58,2018-09-22,2023-03-19,Withdrawal,1340.25,-120.67,Auto,26430.34,9.6,Approved,AMEX,138.16,Complaint,Pending,1,2023,3,March,2018,4.5,18-25
860,26,Female,Atlanta,Current,7497.17,2000-11-30,2023-08-05,Withdrawal,521.79,8018.96,Personal,31440.4,8.36,Approved,AMEX,2473.08,Suggestion,Resolved,1,2023,8,August,2000,22.7,26-35
861,67,Other,Memphis,Savings,4721.84,2002-06-05,2023-06-23,Withdrawal,1630.43,6352.27,Mortgage,20542.71,7.78,Rejected,MasterCard,4975.47,Praise,Resolved,1,2023,6,June,2002,21.0,65+
862,27,Other,Seattle,Savings,774.74,2011-09-07,2023-04-16,Deposit,3090.59,3865.33,Mortgage,36212.22,4.98,Rejected,Visa,2246.13,Complaint,Pending,1,2023,4,April,2011,11.6,26-35
863,66,Female,Kansas City,Savings,6603.06,2002-05-24,2023-06-14,Transfer,1589.36,8192.42,Personal,23826.74,9.48,Rejected,Visa,4785.14,Suggestion,Resolved,1,2023,6,June,2002,21.1,65+
864,27,Other,Colorado Springs,Savings,3566.04,2007-01-10,2023-04-23,Deposit,2071.44,5637.48,Personal,11912.94,5.41,Rejected,MasterCard,4907.18,Complaint,Pending,1,2023,4,April,2007,16.3,26-35
865,31,Female,Philadelphia,Savings,4098.52,2003-08-23,2023-05-26,Transfer,2024.0,6122.52,Personal,41029.58,7.49,Closed,MasterCard,3231.91,Complaint,Pending,1,2023,5,May,2003,19.8,26-35
866,53,Male,Omaha,Current,8404.65,2004-11-08,2023-05-12,Withdrawal,1685.78,6718.87,Auto,38507.16,1.91,Approved,MasterCard,1500.49,Complaint,Pending,1,2023,5,May,2004,18.5,46-55
867,27,Other,Fort Worth,Current,1459.35,2022-02-25,2023-03-25,Withdrawal,4618.02,-3158.67,Mortgage,31747.02,2.97,Closed,Visa,977.35,Complaint,Pending,1,2023,3,March,2022,1.1,26-35
868,67,Female,Columbus,Savings,3469.71,2010-04-11,2023-01-01,Withdrawal,1606.56,1863.15,Personal,26575.41,4.82,Closed,AMEX,2730.63,Complaint,Resolved,1,2023,1,January,2010,12.7,65+
869,54,Female,Jacksonville,Savings,3700.31,2012-05-03,2023-09-10,Withdrawal,4967.7,8668.01,Personal,11216.31,6.23,Closed,Visa,524.8,Complaint,Resolved,1,2023,9,September,2012,11.4,46-55
870,58,Male,Oklahoma City,Current,132.96,2003-12-15,2023-01-24,Transfer,1054.58,1187.54,Mortgage,43549.35,8.25,Closed,Visa,2530.18,Praise,Pending,1,2023,1,January,2003,19.1,56-65
871,55,Other,Charlotte,Current,8468.76,2018-02-25,2023-10-25,Withdrawal,4364.4,4104.36,Personal,5762.42,3.17,Approved,Visa,3288.61,Praise,Pending,1,2023,10,October,2018,5.7,46-55
872,65,Female,Milwaukee,Savings,8369.59,2021-10-30,2023-07-07,Transfer,3664.36,12033.95,Auto,19776.0,7.97,Approved,AMEX,2194.95,Suggestion,Pending,1,2023,7,July,2021,1.7,56-65
873,39,Female,San Antonio,Savings,6652.18,2012-07-31,2023-04-21,Withdrawal,3347.34,3304.84,Personal,42775.49,9.01,Closed,MasterCard,752.24,Suggestion,Pending,1,2023,4,April,2012,10.7,36-45
874,40,Female,Jacksonville,Savings,8999.52,2001-07-21,2023-01-24,Deposit,2232.29,6767.23,Personal,30182.77,8.37,Closed,MasterCard,4027.61,Complaint,Pending,1,2023,1,January,2001,21.5,36-45
875,33,Other,Jacksonville,Savings,2801.58,2013-01-16,2023-02-25,Withdrawal,4084.77,-1283.19,Personal,22492.37,6.6,Approved,AMEX,2705.63,Complaint,Resolved,1,2023,2,February,2013,10.1,26-35
876,28,Other,Colorado Springs,Savings,2284.24,2018-03-03,2023-03-10,Transfer,2466.17,-181.93,Mortgage,39776.68,8.29,Approved,Visa,1351.88,Suggestion,Pending,1,2023,3,March,2018,5.0,26-35
877,64,Male,Louisville,Savings,778.36,2015-11-25,2023-01-18,Transfer,686.35,92.01,Auto,49486.19,8.9,Approved,Visa,78.45,Suggestion,Pending,1,2023,1,January,2015,7.1,56-65
878,68,Male,Baltimore,Current,5960.93,2000-02-15,2023-08-16,Deposit,1409.68,4551.25,Personal,10251.86,6.0,Approved,AMEX,2720.97,Complaint,Pending,1,2023,8,August,2000,23.5,65+
879,52,Male,Atlanta,Savings,5013.92,2007-09-07,2023-02-27,Transfer,920.32,4093.6,Auto,3485.92,8.29,Closed,Visa,3836.14,Complaint,Resolved,1,2023,2,February,2007,15.5,46-55
880,65,Other,Chicago,Savings,8122.92,2007-08-15,2023-06-12,Deposit,2852.37,10975.29,Auto,23686.41,4.79,Approved,Visa,1819.63,Suggestion,Resolved,1,2023,6,June,2007,15.8,56-65
881,37,Female,Charlotte,Current,4864.74,2019-07-06,2023-05-12,Withdrawal,3280.47,1584.27,Auto,15082.41,5.7,Closed,MasterCard,3305.09,Complaint,Resolved,1,2023,5,May,2019,3.8,36-45
882,54,Other,Nashville,Current,2112.04,2002-01-30,2023-08-07,Withdrawal,1686.31,3798.35,Auto,33670.83,1.47,Rejected,MasterCard,3978.41,Praise,Resolved,1,2023,8,August,2002,21.5,46-55
883,58,Other,Atlanta,Current,8115.01,2017-01-11,2023-11-27,Withdrawal,207.18,7907.83,Auto,25218.66,8.95,Closed,MasterCard,2348.58,Praise,Pending,1,2023,11,November,2017,6.9,56-65
884,22,Other,Fort Worth,Savings,4609.0,2016-10-11,2023-10-11,Transfer,3297.1,7906.1,Mortgage,25451.14,2.26,Approved,Visa,1350.78,Complaint,Resolved,1,2023,10,October,2016,7.0,18-25
885,53,Male,Houston,Current,9562.72,2004-02-21,2023-05-19,Withdrawal,319.18,9881.9,Mortgage,18394.12,3.49,Closed,MasterCard,2069.0,Complaint,Resolved,1,2023,5,May,2004,19.2,46-55
886,30,Female,Dallas,Savings,5391.27,2014-08-25,2023-01-03,Withdrawal,4828.71,10219.98,Auto,11322.98,3.86,Approved,MasterCard,3806.09,Praise,Pending,1,2023,1,January,2014,8.4,26-35
887,69,Other,Colorado Springs,Current,1255.72,2001-10-22,2023-12-22,Withdrawal,4437.52,5693.24,Mortgage,11459.26,2.04,Rejected,AMEX,1092.03,Praise,Resolved,1,2023,12,December,2001,22.2,65+
888,34,Male,Louisville,Current,8525.14,2017-02-10,2023-09-16,Withdrawal,4156.1,4369.04,Personal,19961.54,9.3,Approved,Visa,1275.93,Complaint,Pending,1,2023,9,September,2017,6.6,26-35
889,43,Other,El Paso,Current,8796.26,2001-11-28,2023-10-08,Withdrawal,1844.04,6952.22,Mortgage,34409.95,9.73,Approved,AMEX,1798.64,Praise,Resolved,1,2023,10,October,2001,21.9,36-45
890,69,Female,Omaha,Savings,4509.77,2021-10-23,2023-11-28,Transfer,3727.51,782.26,Mortgage,17520.31,8.79,Approved,Visa,3137.62,Praise,Resolved,1,2023,11,November,2021,2.1,65+
891,61,Male,Washington,Current,357.33,2002-04-04,2023-01-12,Transfer,238.8,596.13,Mortgage,16974.84,4.12,Approved,AMEX,1203.88,Praise,Resolved,1,2023,1,January,2002,20.8,56-65
892,69,Other,Las Vegas,Current,394.26,2002-09-05,2023-02-22,Transfer,457.28,851.54,Mortgage,21825.03,1.5,Closed,AMEX,2475.04,Praise,Resolved,1,2023,2,February,2002,20.5,65+
893,37,Male,Detroit,Current,3576.38,2014-12-14,2023-09-11,Transfer,2477.79,6054.17,Personal,49552.21,2.65,Approved,AMEX,3175.18,Complaint,Resolved,1,2023,9,September,2014,8.7,36-45
894,56,Female,Baltimore,Savings,7190.7,2004-09-20,2023-04-06,Withdrawal,2937.96,4252.74,Personal,5470.55,7.95,Rejected,MasterCard,2608.73,Complaint,Resolved,1,2023,4,April,2004,18.5,56-65
895,50,Female,Tucson,Savings,3377.41,2017-01-11,2023-08-20,Transfer,3837.08,-459.67,Mortgage,15437.97,3.57,Closed,MasterCard,33.63,Complaint,Pending,1,2023,8,August,2017,6.6,46-55
896,47,Male,Indianapolis,Savings,176.53,2017-02-27,2023-09-23,Deposit,1495.59,1672.12,Mortgage,15308.1,9.03,Approved,MasterCard,2501.06,Praise,Pending,1,2023,9,September,2017,6.6,46-55
897,33,Other,Washington,Savings,8500.85,2006-05-20,2023-04-22,Withdrawal,2717.6,5783.25,Personal,48750.54,8.52,Rejected,Visa,1778.63,Praise,Pending,1,2023,4,April,2006,16.9,26-35
898,24,Female,Seattle,Savings,9690.45,2019-02-18,2023-02-16,Withdrawal,322.09,9368.36,Auto,20951.72,3.13,Closed,AMEX,229.18,Praise,Resolved,1,2023,2,February,2019,4.0,18-25
899,47,Female,San Antonio,Current,3529.06,2010-06-26,2023-07-01,Deposit,2359.63,5888.69,Auto,28781.62,7.24,Closed,AMEX,4575.91,Suggestion,Resolved,1,2023,7,July,2010,13.0,46-55
900,19,Other,Detroit,Current,823.44,2018-06-26,2023-08-23,Transfer,3359.59,-2536.15,Personal,10708.42,4.98,Approved,Visa,3247.13,Suggestion,Pending,1,2023,8,August,2018,5.2,18-25
901,29,Male,San Diego,Savings,2984.98,2022-01-20,2023-09-11,Deposit,4948.31,-1963.33,Mortgage,1622.71,2.93,Rejected,Visa,4566.88,Complaint,Pending,1,2023,9,September,2022,1.6,26-35
902,60,Male,Philadelphia,Current,8010.16,2005-10-16,2023-01-07,Transfer,3842.12,4168.04,Mortgage,17624.2,6.31,Closed,MasterCard,1527.43,Praise,Resolved,1,2023,1,January,2005,17.2,56-65
903,57,Other,Baltimore,Current,5468.36,2005-10-26,2023-12-10,Deposit,4977.45,490.91,Personal,32312.62,8.54,Approved,AMEX,4620.6,Suggestion,Resolved,1,2023,12,December,2005,18.1,56-65
904,18,Female,Colorado Springs,Savings,3901.46,2008-10-22,2023-10-15,Withdrawal,2494.6,1406.86,Mortgage,34885.48,9.34,Approved,AMEX,2207.24,Suggestion,Pending,1,2023,10,October,2008,15.0,18-25
905,20,Female,El Paso,Savings,3408.85,2022-08-19,2023-10-06,Transfer,2170.43,1238.42,Personal,37939.92,1.53,Rejected,MasterCard,1616.66,Complaint,Pending,1,2023,10,October,2022,1.1,18-25
906,25,Other,Albuquerque,Savings,1242.41,2016-05-06,2023-11-02,Transfer,4172.69,-2930.28,Auto,43172.52,4.77,Approved,MasterCard,4208.11,Praise,Pending,1,2023,11,November,2016,7.5,18-25
907,43,Other,Washington,Current,3461.19,2016-06-23,2023-07-14,Transfer,2317.3,1143.89,Mortgage,6665.53,6.44,Rejected,MasterCard,218.81,Suggestion,Resolved,1,2023,7,July,2016,7.1,36-45
908,57,Male,Dallas,Savings,4754.07,2021-06-15,2023-01-25,Withdrawal,3783.13,970.94,Auto,5056.84,4.04,Closed,Visa,3658.22,Complaint,Resolved,1,2023,1,January,2021,1.6,56-65
909,28,Male,Milwaukee,Savings,6764.1,2016-02-07,2023-01-06,Transfer,4972.57,11736.67,Mortgage,39596.58,3.86,Closed,AMEX,4322.17,Praise,Resolved,1,2023,1,January,2016,6.9,26-35
910,38,Other,San Antonio,Savings,2694.58,2019-10-03,2023-12-19,Deposit,3625.73,-931.15,Personal,22351.82,7.95,Approved,Visa,4356.67,Complaint,Pending,1,2023,12,December,2019,4.2,36-45
911,22,Female,Dallas,Current,8984.05,2011-07-31,2023-05-23,Transfer,81.37,8902.68,Mortgage,47408.72,8.04,Rejected,AMEX,158.8,Suggestion,Resolved,1,2023,5,May,2011,11.8,18-25
912,57,Male,San Jose,Current,4899.52,2019-01-31,2023-07-10,Transfer,909.61,5809.13,Mortgage,47230.75,7.56,Closed,MasterCard,4408.16,Praise,Resolved,1,2023,7,July,2019,4.4,56-65
913,43,Other,Chicago,Current,4111.1,2008-06-17,2023-05-28,Withdrawal,1388.58,5499.68,Auto,7940.95,9.09,Rejected,Visa,3576.37,Suggestion,Resolved,1,2023,5,May,2008,14.9,36-45
914,38,Female,Sacramento,Savings,5980.14,2005-07-24,2023-06-20,Deposit,4112.46,10092.6,Auto,34870.01,5.45,Closed,AMEX,4227.42,Complaint,Pending,1,2023,6,June,2005,17.9,36-45
915,26,Male,Tucson,Current,1759.48,2009-04-29,2023-04-06,Deposit,4661.35,-2901.87,Mortgage,4288.26,8.09,Rejected,AMEX,3336.96,Suggestion,Resolved,1,2023,4,April,2009,13.9,26-35
916,34,Other,Nashville,Savings,1155.2,2010-12-04,2023-07-14,Deposit,3251.99,-2096.79,Auto,20767.09,1.1,Closed,Visa,3745.14,Suggestion,Pending,1,2023,7,July,2010,12.6,26-35
917,54,Other,Milwaukee,Savings,3530.75,2021-12-28,2023-09-17,Transfer,449.31,3081.44,Personal,42243.79,9.89,Rejected,AMEX,3087.61,Praise,Pending,1,2023,9,September,2021,1.7,46-55
918,68,Female,Fresno,Current,495.34,2004-06-17,2023-08-24,Transfer,2502.63,-2007.29,Mortgage,23587.02,9.27,Closed,Visa,2353.74,Suggestion,Pending,1,2023,8,August,2004,19.2,65+
919,68,Female,Albuquerque,Savings,3838.07,2010-02-24,2023-01-06,Withdrawal,4296.62,-458.55,Auto,2647.06,8.57,Approved,Visa,4643.25,Praise,Resolved,1,2023,1,January,2010,12.9,65+
920,19,Other,Sacramento,Current,6747.7,2017-03-08,2023-02-28,Withdrawal,1817.31,4930.39,Auto,12776.1,6.29,Rejected,MasterCard,552.38,Complaint,Pending,1,2023,2,February,2017,6.0,18-25
921,68,Female,Charlotte,Savings,8140.01,2022-08-11,2023-09-06,Transfer,335.72,8475.73,Mortgage,5232.15,5.9,Approved,MasterCard,318.75,Complaint,Pending,1,2023,9,September,2022,1.1,65+
922,64,Other,Albuquerque,Savings,5839.65,2000-05-29,2023-02-21,Deposit,3900.11,1939.54,Auto,21003.53,2.35,Closed,MasterCard,3327.14,Praise,Pending,1,2023,2,February,2000,22.7,56-65
923,57,Female,Philadelphia,Current,6944.16,2003-02-06,2023-10-02,Deposit,3289.03,3655.13,Personal,35138.25,1.49,Rejected,MasterCard,3367.99,Praise,Resolved,1,2023,10,October,2003,20.7,56-65
924,45,Female,Nashville,Savings,8347.98,2020-12-23,2023-05-02,Transfer,2340.19,6007.79,Personal,33357.51,3.3,Closed,Visa,4209.52,Complaint,Resolved,1,2023,5,May,2020,2.4,36-45
925,44,Male,Tucson,Current,7753.99,2012-11-23,2023-01-26,Deposit,4250.53,3503.46,Personal,36228.06,2.36,Closed,Visa,3242.71,Complaint,Pending,-1,2023,1,January,2012,10.2,36-45
926,57,Male,Albuquerque,Current,3267.82,2014-03-28,2023-10-31,Deposit,4250.06,7517.88,Mortgage,19806.98,6.05,Approved,MasterCard,437.93,Praise,Pending,1,2023,10,October,2014,9.6,56-65
927,18,Female,Denver,Savings,5776.88,2001-06-23,2023-08-05,Transfer,3507.79,2269.09,Auto,13998.7,3.99,Approved,Visa,4396.88,Praise,Pending,1,2023,8,August,2001,22.1,18-25
928,63,Other,Tucson,Savings,2722.05,2004-12-26,2023-07-02,Withdrawal,4712.17,7434.22,Personal,3789.68,4.49,Approved,MasterCard,495.63,Suggestion,Resolved,1,2023,7,July,2004,18.5,56-65
929,28,Female,Louisville,Savings,5805.7,2006-04-20,2023-03-30,Transfer,2275.18,8080.88,Mortgage,47137.19,1.24,Closed,AMEX,2247.17,Complaint,Pending,1,2023,3,March,2006,16.9,26-35
930,56,Male,Milwaukee,Savings,4317.41,2006-12-15,2023-02-07,Withdrawal,3647.36,7964.77,Mortgage,6795.73,5.94,Approved,MasterCard,3146.79,Praise,Resolved,1,2023,2,February,2006,16.1,56-65
931,35,Other,Nashville,Savings,3790.71,2007-03-03,2023-03-25,Deposit,4155.1,7945.81,Auto,9733.96,6.91,Approved,AMEX,3161.87,Suggestion,Resolved,1,2023,3,March,2007,16.1,26-35
932,44,Female,Fresno,Savings,1917.28,2020-03-08,2023-04-18,Withdrawal,3181.62,5098.9,Auto,2225.04,4.01,Rejected,AMEX,2240.53,Praise,Resolved,1,2023,4,April,2020,3.1,36-45
933,64,Female,Charlotte,Savings,5661.36,2007-10-20,2023-06-12,Withdrawal,2770.02,8431.38,Auto,16541.24,2.18,Rejected,Visa,1652.52,Complaint,Pending,1,2023,6,June,2007,15.6,56-65
934,27,Female,Columbus,Savings,7320.23,2021-08-11,2023-07-16,Transfer,3662.67,10982.9,Mortgage,41123.5,7.33,Approved,MasterCard,1505.69,Complaint,Resolved,1,2023,7,July,2021,1.9,26-35
935,53,Female,Denver,Savings,5755.67,2014-08-19,2023-09-10,Deposit,1778.98,3976.69,Auto,17280.09,2.16,Approved,AMEX,4867.37,Suggestion,Pending,1,2023,9,September,2014,9.1,46-55
936,38,Male,Charlotte,Savings,785.34,2017-12-30,2023-08-15,Deposit,1838.49,-1053.15,Personal,33633.15,8.35,Approved,MasterCard,1700.28,Praise,Resolved,1,2023,8,August,2017,5.6,36-45
937,45,Male,Philadelphia,Savings,9250.84,2015-04-30,2023-01-03,Deposit,4883.3,14134.14,Auto,48311.68,5.91,Approved,AMEX,2906.35,Complaint,Resolved,1,2023,1,January,2015,7.7,36-45
938,18,Male,Dallas,Current,154.36,2009-07-20,2023-10-24,Withdrawal,603.0,757.36,Auto,44734.0,3.14,Closed,Visa,2893.78,Suggestion,Resolved,1,2023,10,October,2009,14.3,18-25
939,31,Male,Atlanta,Savings,8862.07,2015-01-14,2023-06-09,Withdrawal,4211.57,13073.64,Personal,9818.64,9.09,Closed,Visa,2854.25,Complaint,Pending,1,2023,6,June,2015,8.4,26-35
940,37,Other,Oklahoma City,Savings,7684.13,2009-07-14,2023-10-19,Transfer,3945.84,3738.29,Personal,18601.16,2.28,Rejected,Visa,3106.09,Suggestion,Resolved,1,2023,10,October,2009,14.3,36-45
941,69,Other,Fresno,Savings,1055.92,2015-11-12,2023-01-30,Deposit,280.26,1336.18,Personal,37805.88,6.41,Approved,AMEX,1312.23,Suggestion,Resolved,1,2023,1,January,2015,7.2,65+
942,26,Other,Kansas City,Current,2441.99,2001-07-12,2023-04-26,Deposit,3520.48,5962.47,Personal,48905.27,6.56,Rejected,MasterCard,1692.92,Complaint,Pending,1,2023,4,April,2001,21.8,26-35
943,62,Female,Detroit,Savings,3554.78,2015-10-18,2023-06-16,Withdrawal,478.48,4033.26,Personal,36080.81,1.34,Closed,Visa,352.33,Praise,Pending,1,2023,6,June,2015,7.7,56-65
944,44,Other,Seattle,Current,9111.98,2006-05-20,2023-04-03,Withdrawal,1060.4,10172.38,Mortgage,13358.41,6.49,Approved,AMEX,2855.06,Complaint,Resolved,-1,2023,4,April,2006,16.9,36-45
945,66,Male,Louisville,Current,9801.27,2018-09-07,2023-08-06,Withdrawal,4791.49,5009.78,Personal,7508.31,7.25,Approved,MasterCard,1194.46,Complaint,Pending,1,2023,8,August,2018,4.9,65+
946,69,Male,Dallas,Savings,962.97,2013-12-06,2023-04-19,Deposit,1817.13,-854.16,Auto,25262.82,9.19,Closed,AMEX,857.17,Praise,Pending,-1,2023,4,April,2013,9.4,65+
947,21,Female,Albuquerque,Savings,4029.63,2004-09-20,2023-03-30,Deposit,293.44,4323.07,Mortgage,10454.62,7.38,Rejected,MasterCard,4166.94,Suggestion,Pending,1,2023,3,March,2004,18.5,18-25
948,54,Other,Philadelphia,Savings,1577.89,2004-05-05,2023-07-07,Transfer,2610.78,-1032.89,Auto,12153.13,5.36,Closed,AMEX,2909.46,Suggestion,Pending,1,2023,7,July,2004,19.2,46-55
949,35,Female,Columbus,Current,2856.52,2013-03-29,2023-07-03,Transfer,1040.0,1816.52,Personal,32087.16,8.68,Rejected,AMEX,2791.5,Suggestion,Pending,1,2023,7,July,2013,10.3,26-35
950,48,Female,Louisville,Current,9812.6,2007-08-24,2023-07-29,Deposit,2137.38,11949.98,Auto,26226.93,4.18,Approved,AMEX,780.0,Praise,Resolved,1,2023,7,July,2007,15.9,46-55
951,66,Other,Las Vegas,Current,9845.82,2018-01-14,2023-07-05,Transfer,517.27,10363.09,Auto,6913.97,8.7,Closed,Visa,2223.97,Praise,Resolved,1,2023,7,July,2018,5.5,65+
952,56,Female,San Jose,Savings,4774.17,2001-02-20,2023-10-09,Withdrawal,488.88,5263.05,Mortgage,8530.23,8.6,Closed,AMEX,2775.92,Complaint,Pending,1,2023,10,October,2001,22.6,56-65
953,27,Other,Fort Worth,Savings,1913.07,2018-01-31,2023-07-03,Transfer,2525.67,4438.74,Auto,1952.29,6.43,Closed,AMEX,2190.04,Complaint,Pending,1,2023,7,July,2018,5.4,26-35
954,26,Other,Denver,Current,5515.48,2002-03-14,2023-12-27,Withdrawal,1686.03,7201.51,Mortgage,11763.33,4.1,Approved,MasterCard,2669.32,Complaint,Pending,1,2023,12,December,2002,21.8,26-35
955,45,Female,Nashville,Current,3274.78,2008-01-29,2023-05-17,Transfer,784.8,4059.58,Auto,44478.34,6.32,Approved,AMEX,74.4,Suggestion,Pending,1,2023,5,May,2008,15.3,36-45
956,45,Male,Portland,Current,9295.43,2004-04-18,2023-10-15,Deposit,2906.05,12201.48,Auto,39858.63,9.15,Rejected,Visa,997.71,Suggestion,Resolved,1,2023,10,October,2004,19.5,36-45
957,30,Other,Denver,Current,8200.32,2008-11-06,2023-11-29,Withdrawal,320.34,7879.98,Personal,21324.31,6.73,Approved,Visa,1084.24,Complaint,Pending,1,2023,11,November,2008,15.1,26-35
958,35,Male,Las Vegas,Savings,3157.52,2008-04-20,2023-04-17,Transfer,3766.17,6923.69,Auto,37354.77,8.56,Approved,AMEX,1890.64,Suggestion,Resolved,1,2023,4,April,2008,15.0,26-35
959,29,Male,Detroit,Savings,281.26,2012-05-04,2023-03-29,Deposit,266.18,547.44,Mortgage,20941.49,4.1,Rejected,AMEX,4703.78,Praise,Pending,1,2023,3,March,2012,10.9,26-35
960,25,Other,Louisville,Current,9980.68,2012-12-04,2023-05-05,Withdrawal,4852.15,5128.53,Personal,39813.1,3.63,Closed,MasterCard,2706.0,Complaint,Resolved,-1,2023,5,May,2012,10.4,18-25
961,40,Male,Seattle,Savings,6865.11,2012-09-12,2023-07-16,Withdrawal,3680.77,3184.34,Personal,9915.35,3.3,Closed,AMEX,1281.79,Suggestion,Pending,1,2023,7,July,2012,10.8,36-45
962,67,Female,Mesa,Current,4314.7,2010-11-15,2023-04-20,Deposit,4487.09,8801.79,Personal,8473.35,5.42,Approved,Visa,3583.43,Suggestion,Pending,-1,2023,4,April,2010,12.4,65+
963,22,Female,Memphis,Current,2955.71,2020-11-20,2023-11-14,Deposit,2205.35,5161.06,Personal,4819.09,4.89,Closed,Visa,1094.07,Suggestion,Resolved,1,2023,11,November,2020,3.0,18-25
964,24,Male,San Francisco,Savings,143.8,2020-08-06,2023-02-17,Withdrawal,299.82,-156.02,Personal,12848.51,8.69,Rejected,AMEX,788.06,Suggestion,Pending,1,2023,2,February,2020,2.5,18-25
965,32,Female,Houston,Savings,1624.2,2006-03-15,2023-11-18,Deposit,1154.91,469.29,Auto,8169.5,2.01,Closed,MasterCard,1489.53,Complaint,Resolved,1,2023,11,November,2006,17.7,26-35
966,20,Other,Memphis,Savings,158.13,2009-12-27,2023-07-09,Transfer,4855.76,-4697.63,Personal,40133.43,5.99,Approved,AMEX,1463.87,Praise,Pending,1,2023,7,July,2009,13.5,18-25
967,35,Other,Houston,Current,6016.09,2021-08-12,2023-04-21,Transfer,3098.27,9114.36,Auto,12758.61,4.63,Rejected,AMEX,2106.68,Suggestion,Pending,-1,2023,4,April,2021,1.7,26-35
968,55,Male,Jacksonville,Current,6667.1,2001-02-24,2023-08-10,Withdrawal,1147.08,5520.02,Auto,26294.17,9.44,Closed,MasterCard,3571.62,Complaint,Resolved,1,2023,8,August,2001,22.5,46-55
969,43,Female,Boston,Savings,7691.28,2020-06-17,2023-03-10,Withdrawal,2419.26,5272.02,Auto,38053.66,8.1,Closed,AMEX,2894.68,Praise,Resolved,1,2023,3,March,2020,2.7,36-45
970,55,Male,Milwaukee,Savings,1951.29,2017-12-29,2023-07-03,Transfer,1594.03,3545.32,Mortgage,34176.65,4.9,Closed,MasterCard,2462.58,Suggestion,Resolved,1,2023,7,July,2017,5.5,46-55
971,69,Female,Chicago,Savings,1050.11,2000-11-10,2023-11-26,Deposit,2453.69,-1403.58,Auto,11024.89,6.77,Rejected,MasterCard,4742.46,Praise,Resolved,1,2023,11,November,2000,23.0,65+
972,50,Other,Los Angeles,Current,6539.55,2017-01-24,2023-06-13,Deposit,4184.75,10724.3,Auto,4776.52,7.71,Rejected,Visa,161.29,Praise,Resolved,1,2023,6,June,2017,6.4,46-55
973,38,Female,Boston,Current,5048.95,2006-10-22,2023-10-19,Withdrawal,1120.55,6169.5,Personal,45676.32,1.64,Rejected,AMEX,2020.04,Complaint,Resolved,1,2023,10,October,2006,17.0,36-45
974,34,Female,Philadelphia,Savings,8769.29,2014-09-14,2023-01-07,Deposit,2001.45,6767.84,Auto,31477.69,7.06,Rejected,AMEX,3424.39,Complaint,Pending,1,2023,1,January,2014,8.3,26-35
975,60,Male,Detroit,Savings,5379.33,2004-05-19,2023-08-09,Withdrawal,2235.99,7615.32,Personal,35621.62,2.26,Closed,MasterCard,1602.1,Suggestion,Pending,1,2023,8,August,2004,19.2,56-65
976,19,Other,San Diego,Current,4503.73,2014-08-30,2023-08-07,Deposit,2939.4,1564.33,Mortgage,19914.69,2.7,Approved,Visa,2377.17,Suggestion,Resolved,1,2023,8,August,2014,8.9,18-25
977,42,Female,Sacramento,Savings,4931.48,2007-03-02,2023-02-27,Deposit,397.87,4533.61,Auto,12838.74,5.15,Approved,Visa,150.44,Suggestion,Pending,1,2023,2,February,2007,16.0,36-45
978,58,Other,Portland,Current,7844.99,2000-04-09,2023-10-03,Deposit,1042.99,8887.98,Mortgage,27000.26,9.82,Closed,Visa,1016.18,Praise,Pending,1,2023,10,October,2000,23.5,56-65
979,36,Female,Boston,Savings,281.22,2011-01-26,2023-02-20,Transfer,1995.19,-1713.97,Personal,4816.21,9.57,Closed,AMEX,407.83,Complaint,Pending,1,2023,2,February,2011,12.1,36-45
980,55,Other,Seattle,Current,9190.29,2009-06-14,2023-08-03,Withdrawal,4048.61,5141.68,Personal,40198.85,9.12,Rejected,AMEX,4853.14,Suggestion,Resolved,1,2023,8,August,2009,14.1,46-55
981,42,Female,New York,Current,7170.47,2017-04-06,2023-06-10,Deposit,942.34,6228.13,Personal,33070.75,1.31,Approved,AMEX,3721.89,Suggestion,Pending,1,2023,6,June,2017,6.2,36-45
982,56,Other,Colorado Springs,Savings,8864.37,2002-10-10,2023-01-01,Deposit,4408.8,4455.57,Personal,38320.07,8.68,Rejected,MasterCard,3266.74,Suggestion,Resolved,1,2023,1,January,2002,20.2,56-65
983,21,Female,Chicago,Savings,9600.03,2012-01-07,2023-03-08,Transfer,1702.43,7897.6,Personal,28893.78,7.99,Rejected,MasterCard,10.58,Praise,Pending,1,2023,3,March,2012,11.2,18-25
984,20,Other,Houston,Current,2337.44,2000-09-02,2023-02-19,Transfer,1276.66,1060.78,Mortgage,29317.55,5.49,Closed,AMEX,2332.51,Suggestion,Pending,1,2023,2,February,2000,22.5,18-25
985,51,Female,Atlanta,Savings,5825.57,2009-08-21,2023-02-04,Transfer,2052.82,7878.39,Mortgage,30418.41,3.93,Rejected,AMEX,3540.39,Praise,Resolved,1,2023,2,February,2009,13.5,46-55
986,59,Female,Charlotte,Savings,4911.83,2008-11-13,2023-06-12,Withdrawal,2773.0,2138.83,Mortgage,39423.79,7.8,Closed,MasterCard,3041.41,Suggestion,Pending,1,2023,6,June,2008,14.6,56-65
987,27,Other,San Diego,Savings,5422.43,2009-07-08,2023-11-11,Transfer,3672.53,1749.9,Personal,12043.88,1.96,Approved,Visa,2572.06,Complaint,Resolved,1,2023,11,November,2009,14.3,26-35
988,66,Male,Kansas City,Current,568.16,2020-10-05,2023-11-29,Transfer,2389.94,2958.1,Mortgage,34395.07,6.85,Approved,MasterCard,4146.72,Suggestion,Resolved,1,2023,11,November,2020,3.1,65+
989,44,Female,Denver,Current,9148.46,2009-11-04,2023-04-07,Deposit,4091.83,5056.63,Auto,28082.58,7.05,Rejected,Visa,1676.07,Praise,Pending,1,2023,4,April,2009,13.4,36-45
990,65,Female,Detroit,Current,9551.37,2021-06-12,2023-01-13,Deposit,4095.53,5455.84,Auto,25260.28,5.98,Rejected,Visa,4194.48,Suggestion,Resolved,1,2023,1,January,2021,1.6,56-65
991,43,Male,Colorado Springs,Savings,6882.73,2002-11-05,2023-10-05,Transfer,18.68,6901.41,Mortgage,27504.42,8.9,Approved,MasterCard,1941.39,Praise,Resolved,1,2023,10,October,2002,20.9,36-45
992,44,Female,Jacksonville,Current,2656.95,2017-05-20,2023-02-25,Deposit,3960.0,6616.95,Auto,14337.81,3.97,Approved,AMEX,2903.12,Praise,Pending,1,2023,2,February,2017,5.8,36-45
993,18,Other,Kansas City,Savings,7893.34,2022-02-21,2023-03-22,Deposit,2219.34,5674.0,Auto,2816.95,5.3,Approved,MasterCard,2599.19,Suggestion,Pending,1,2023,3,March,2022,1.1,18-25
994,61,Male,Columbus,Savings,7335.38,2002-08-17,2023-07-21,Transfer,4835.77,12171.15,Mortgage,38199.03,7.83,Closed,MasterCard,2052.57,Praise,Resolved,1,2023,7,July,2002,20.9,56-65
995,37,Female,Denver,Current,5788.44,2006-03-02,2023-09-08,Transfer,4102.93,1685.51,Personal,45892.5,7.45,Closed,Visa,1332.18,Praise,Pending,1,2023,9,September,2006,17.5,36-45
996,69,Other,Baltimore,Current,1785.37,2011-08-23,2023-08-07,Transfer,1926.2,-140.83,Mortgage,24557.37,6.06,Rejected,AMEX,2241.49,Praise,Pending,1,2023,8,August,2011,12.0,65+
997,42,Other,Phoenix,Current,2091.67,2015-02-25,2023-01-15,Transfer,3176.82,5268.49,Auto,42057.19,3.45,Rejected,AMEX,606.55,Suggestion,Pending,1,2023,1,January,2015,7.9,36-45
998,27,Male,Milwaukee,Savings,5935.11,2013-06-27,2023-04-19,Transfer,979.28,6914.39,Mortgage,28207.57,3.65,Rejected,MasterCard,1720.69,Suggestion,Pending,1,2023,4,April,2013,9.8,26-35
999,18,Male,San Antonio,Savings,1375.37,2000-10-25,2023-10-25,Deposit,1458.84,2834.21,Mortgage,46584.81,7.67,Rejected,MasterCard,2898.78,Complaint,Resolved,1,2023,10,October,2000,23.0,18-25
1000,33,Male,Denver,Current,7266.9,2000-01-19,2023-05-04,Withdrawal,1018.51,8285.41,Mortgage,25912.46,1.05,Approved,AMEX,308.54,Suggestion,Pending,1,2023,5,May,2000,23.3,26-35
1001,28,Other,Milwaukee,Savings,2204.74,2017-08-18,2023-03-12,Deposit,3758.27,-1553.53,Auto,11037.78,6.87,Rejected,AMEX,3717.79,Suggestion,Resolved,1,2023,3,March,2017,5.6,26-35
1002,21,Female,Colorado Springs,Current,9113.75,2001-09-16,2023-07-04,Transfer,51.0,9164.75,Mortgage,43635.64,3.23,Rejected,MasterCard,2837.2,Suggestion,Resolved,1,2023,7,July,2001,21.8,18-25
1003,52,Other,Las Vegas,Current,9007.28,2006-08-13,2023-07-11,Withdrawal,2042.29,11049.57,Personal,40213.32,7.06,Rejected,AMEX,4825.05,Praise,Resolved,1,2023,7,July,2006,16.9,46-55
1004,30,Other,Fresno,Current,3006.68,2003-02-26,2023-11-24,Withdrawal,4189.45,7196.13,Auto,20502.53,2.68,Approved,Visa,454.5,Complaint,Resolved,1,2023,11,November,2003,20.7,26-35
1005,38,Male,El Paso,Savings,925.53,2003-07-22,2023-03-01,Withdrawal,3548.31,-2622.78,Personal,42253.67,4.39,Rejected,AMEX,1133.54,Suggestion,Pending,1,2023,3,March,2003,19.6,36-45
1006,32,Female,Omaha,Current,6153.02,2001-01-10,2023-01-31,Deposit,2114.55,4038.47,Mortgage,1443.47,7.78,Rejected,Visa,2690.62,Complaint,Resolved,1,2023,1,January,2001,22.1,26-35
1007,27,Other,Philadelphia,Current,4539.3,2014-04-04,2023-02-24,Transfer,3168.89,7708.19,Auto,40187.61,7.8,Approved,MasterCard,2425.07,Complaint,Resolved,1,2023,2,February,2014,8.9,26-35
1008,55,Male,Kansas City,Current,1522.72,2010-12-06,2023-06-11,Deposit,2164.67,-641.95,Personal,34713.97,2.89,Closed,Visa,2491.97,Praise,Resolved,1,2023,6,June,2010,12.5,46-55
1009,28,Male,Mesa,Current,5361.67,2013-11-07,2023-08-13,Withdrawal,4221.6,1140.07,Mortgage,19604.23,4.39,Rejected,AMEX,1709.1,Suggestion,Pending,1,2023,8,August,2013,9.8,26-35
1010,49,Female,Portland,Savings,9927.97,2017-05-30,2023-05-12,Deposit,2867.28,12795.25,Mortgage,39787.71,5.52,Rejected,Visa,4330.49,Complaint,Pending,1,2023,5,May,2017,5.9,46-55
1011,50,Female,Austin,Savings,782.93,2003-10-14,2023-04-12,Transfer,3166.76,-2383.83,Auto,7206.43,6.29,Closed,AMEX,256.63,Suggestion,Pending,1,2023,4,April,2003,19.5,46-55
1012,37,Male,Phoenix,Savings,2712.56,2002-05-01,2023-12-12,Deposit,4943.22,-2230.66,Personal,10962.65,7.68,Closed,Visa,4361.59,Suggestion,Resolved,1,2023,12,December,2002,21.6,36-45
1013,53,Female,San Francisco,Savings,5432.28,2015-05-02,2023-08-12,Withdrawal,3852.84,1579.44,Auto,27145.42,1.21,Rejected,AMEX,3881.36,Suggestion,Pending,1,2023,8,August,2015,8.3,46-55
1014,47,Female,San Antonio,Savings,7954.28,2014-02-19,2023-08-19,Withdrawal,1436.94,6517.34,Mortgage,44170.29,2.04,Rejected,MasterCard,3942.37,Praise,Pending,1,2023,8,August,2014,9.5,46-55
1015,27,Other,Portland,Savings,285.74,2006-12-03,2023-12-28,Deposit,3867.14,-3581.4,Mortgage,7375.15,2.42,Closed,MasterCard,4551.51,Complaint,Pending,1,2023,12,December,2006,17.1,26-35
1016,32,Female,Charlotte,Savings,7354.32,2017-01-12,2023-02-28,Transfer,4643.15,2711.17,Personal,28649.17,2.72,Rejected,AMEX,2833.36,Suggestion,Pending,1,2023,2,February,2017,6.1,26-35
1017,46,Male,San Jose,Current,1484.85,2006-06-23,2023-10-24,Transfer,1482.43,2.42,Personal,37903.45,1.27,Rejected,Visa,4329.21,Complaint,Pending,1,2023,10,October,2006,17.3,46-55
1018,18,Female,Austin,Current,8323.73,2022-03-01,2023-08-06,Transfer,4088.32,4235.41,Mortgage,37424.32,9.28,Closed,MasterCard,2025.56,Complaint,Resolved,1,2023,8,August,2022,1.4,18-25
1019,38,Other,Detroit,Savings,6952.54,2012-08-16,2023-10-10,Deposit,1196.73,5755.81,Mortgage,31770.1,2.46,Approved,Visa,3421.38,Praise,Resolved,1,2023,10,October,2012,11.1,36-45
1020,32,Female,Washington,Current,4619.46,2016-06-18,2023-03-20,Withdrawal,2175.83,2443.63,Mortgage,47105.13,1.66,Closed,AMEX,1524.03,Praise,Resolved,-1,2023,3,March,2016,6.8,26-35
1021,20,Other,Louisville,Savings,8233.67,2016-03-15,2023-05-29,Deposit,3453.96,4779.71,Mortgage,24624.72,5.25,Closed,Visa,4031.97,Praise,Pending,1,2023,5,May,2016,7.2,18-25
1022,50,Female,Las Vegas,Savings,7357.18,2004-09-30,2023-04-01,Withdrawal,1225.2,6131.98,Personal,44131.99,9.47,Approved,MasterCard,173.45,Suggestion,Pending,1,2023,4,April,2004,18.5,46-55
1023,55,Female,Memphis,Current,7615.92,2004-03-16,2023-08-14,Deposit,944.6,8560.52,Personal,31359.61,9.68,Rejected,AMEX,4226.56,Praise,Resolved,1,2023,8,August,2004,19.4,46-55
1024,36,Male,Dallas,Current,2971.73,2003-05-30,2023-05-19,Withdrawal,2318.09,5289.82,Personal,37135.87,7.09,Rejected,AMEX,587.64,Suggestion,Resolved,1,2023,5,May,2003,20.0,36-45
1025,21,Male,Houston,Current,6232.25,2006-12-08,2023-12-09,Transfer,3918.18,2314.07,Auto,23776.78,2.61,Rejected,Visa,779.55,Complaint,Resolved,1,2023,12,December,2006,17.0,18-25
1026,29,Female,Seattle,Current,1496.95,2004-12-19,2023-04-24,Deposit,2983.36,4480.31,Mortgage,9213.35,1.03,Approved,AMEX,3783.01,Suggestion,Resolved,1,2023,4,April,2004,18.3,26-35
1027,42,Female,Indianapolis,Savings,8226.52,2009-08-27,2023-01-22,Transfer,3509.06,4717.46,Mortgage,6345.68,4.02,Closed,Visa,1183.9,Praise,Resolved,1,2023,1,January,2009,13.4,36-45
1028,51,Other,Tucson,Current,5314.75,2018-02-25,2023-01-23,Deposit,3449.49,8764.24,Personal,34434.19,2.13,Approved,Visa,2456.63,Suggestion,Pending,1,2023,1,January,2018,4.9,46-55
1029,34,Other,Memphis,Savings,8266.35,2012-04-15,2023-03-06,Transfer,2727.05,5539.3,Mortgage,19447.33,7.8,Approved,Visa,2493.1,Complaint,Resolved,1,2023,3,March,2012,10.9,26-35
1030,23,Male,Colorado Springs,Savings,2190.45,2011-07-16,2023-02-28,Withdrawal,1584.89,605.56,Personal,28806.66,9.72,Closed,Visa,1876.23,Praise,Resolved,-1,2023,2,February,2011,11.6,18-25
1031,29,Female,Jacksonville,Current,1390.38,2004-11-08,2023-03-30,Withdrawal,2114.34,3504.72,Mortgage,37556.42,1.75,Closed,MasterCard,4662.69,Suggestion,Pending,1,2023,3,March,2004,18.4,26-35
1032,32,Female,Dallas,Current,6920.79,2016-07-21,2023-07-17,Withdrawal,1909.3,8830.09,Mortgage,39537.6,4.57,Closed,MasterCard,2819.36,Suggestion,Resolved,1,2023,7,July,2016,7.0,26-35
1033,34,Other,Milwaukee,Current,678.14,2004-04-29,2023-04-24,Withdrawal,404.56,273.58,Mortgage,25973.36,9.12,Approved,Visa,3585.2,Praise,Resolved,1,2023,4,April,2004,19.0,26-35
1034,18,Female,Louisville,Savings,2515.46,2022-05-23,2023-01-28,Deposit,4493.33,7008.79,Auto,16410.62,7.55,Closed,Visa,4451.47,Suggestion,Pending,1,2023,1,January,2022,0.7,18-25
1035,31,Female,Chicago,Savings,9096.27,2002-12-23,2023-07-29,Withdrawal,3212.86,5883.41,Personal,39018.13,8.83,Rejected,MasterCard,3073.67,Suggestion,Pending,1,2023,7,July,2002,20.6,26-35
1036,19,Female,Columbus,Current,1414.3,2019-08-22,2023-08-27,Transfer,4287.37,-2873.07,Mortgage,21351.92,9.31,Closed,MasterCard,3474.26,Complaint,Resolved,1,2023,8,August,2019,4.0,18-25
1037,21,Other,Boston,Current,3818.0,2009-07-21,2023-09-14,Transfer,3882.54,-64.54,Mortgage,46899.81,4.71,Approved,MasterCard,2211.89,Complaint,Resolved,1,2023,9,September,2009,14.1,18-25
1038,69,Other,Charlotte,Savings,9461.27,2016-11-12,2023-10-12,Deposit,350.79,9812.06,Personal,41404.03,7.24,Closed,MasterCard,4977.26,Praise,Pending,1,2023,10,October,2016,6.9,65+
1039,19,Other,Los Angeles,Current,298.03,2021-12-07,2023-02-15,Deposit,1089.37,1387.4,Auto,37598.92,7.38,Rejected,Visa,3879.55,Praise,Resolved,1,2023,2,February,2021,1.2,18-25
1040,43,Female,Las Vegas,Current,4508.62,2007-02-13,2023-11-29,Withdrawal,4754.17,-245.55,Personal,12820.96,6.68,Approved,AMEX,4825.56,Suggestion,Resolved,-1,2023,11,November,2007,16.8,36-45
1041,63,Other,Columbus,Current,7885.95,2006-10-25,2023-07-04,Deposit,2315.03,5570.92,Mortgage,18775.34,3.93,Closed,MasterCard,636.22,Complaint,Pending,1,2023,7,July,2006,16.7,56-65
1042,67,Male,San Antonio,Current,9098.91,2017-10-27,2023-05-20,Withdrawal,4061.58,13160.49,Personal,42600.06,8.49,Closed,Visa,114.49,Complaint,Resolved,1,2023,5,May,2017,5.6,65+
1043,57,Male,Mesa,Current,7382.21,2020-08-05,2023-06-16,Deposit,2881.63,4500.58,Auto,2133.85,7.92,Closed,AMEX,2617.44,Complaint,Pending,1,2023,6,June,2020,2.9,56-65
1044,69,Other,Las Vegas,Current,8895.08,2002-03-26,2023-08-01,Withdrawal,4119.57,4775.51,Auto,39291.97,5.01,Rejected,MasterCard,3657.57,Complaint,Resolved,1,2023,8,August,2002,21.3,65+
1045,50,Other,Portland,Current,440.25,2021-12-26,2023-06-08,Transfer,3675.69,-3235.44,Mortgage,20803.43,4.79,Closed,MasterCard,4164.84,Suggestion,Pending,1,2023,6,June,2021,1.4,46-55
1046,65,Female,Atlanta,Savings,1088.77,2019-11-14,2023-02-08,Withdrawal,1405.86,2494.63,Mortgage,40168.1,1.1,Closed,MasterCard,4244.09,Praise,Resolved,1,2023,2,February,2019,3.2,56-65
1047,56,Other,Kansas City,Current,7403.49,2020-01-13,2023-04-12,Transfer,4956.16,2447.33,Personal,28067.2,8.59,Approved,Visa,1434.83,Praise,Resolved,1,2023,4,April,2020,3.2,56-65
1048,23,Other,Baltimore,Current,7557.95,2022-01-04,2023-12-02,Transfer,2457.7,5100.25,Personal,26813.53,3.56,Rejected,Visa,3795.68,Suggestion,Pending,1,2023,12,December,2022,1.9,18-25
1049,47,Male,Portland,Savings,6092.19,2004-01-18,2023-04-20,Deposit,2929.12,3163.07,Personal,35377.98,5.24,Closed,AMEX,786.83,Complaint,Pending,1,2023,4,April,2004,19.3,46-55
1050,39,Male,Colorado Springs,Savings,7329.74,2012-04-11,2023-09-21,Transfer,2706.77,4622.97,Personal,40510.36,4.7,Approved,AMEX,2596.47,Praise,Pending,1,2023,9,September,2012,11.4,36-45
1051,44,Male,Charlotte,Current,8594.73,2003-08-24,2023-10-25,Withdrawal,4427.06,4167.67,Auto,34979.28,7.1,Rejected,Visa,1176.95,Complaint,Pending,1,2023,10,October,2003,20.2,36-45
1052,36,Male,Detroit,Savings,5500.28,2003-07-04,2023-12-01,Deposit,1406.65,4093.63,Auto,23085.0,4.51,Approved,Visa,1158.39,Suggestion,Pending,1,2023,12,December,2003,20.4,36-45
1053,27,Other,New York,Current,9478.51,2006-08-18,2023-11-30,Deposit,317.95,9160.56,Personal,16720.97,2.62,Rejected,MasterCard,1498.5,Complaint,Resolved,1,2023,11,November,2006,17.3,26-35
1054,23,Male,Houston,Savings,6972.95,2006-02-17,2023-04-06,Withdrawal,2146.18,4826.77,Personal,42435.86,8.82,Approved,MasterCard,1537.03,Suggestion,Resolved,-1,2023,4,April,2006,17.1,18-25
1055,43,Female,Memphis,Savings,4772.62,2003-11-06,2023-03-02,Deposit,4592.41,180.21,Personal,26518.1,2.65,Approved,MasterCard,1674.09,Suggestion,Pending,1,2023,3,March,2003,19.3,36-45
1056,59,Female,New York,Savings,4273.03,2020-10-25,2023-05-19,Withdrawal,2202.17,2070.86,Mortgage,39389.58,1.26,Closed,MasterCard,4566.86,Suggestion,Resolved,1,2023,5,May,2020,2.6,56-65
1057,68,Other,Washington,Current,7526.65,2022-12-01,2023-08-18,Transfer,1395.03,6131.62,Auto,49790.15,2.77,Approved,MasterCard,3434.3,Suggestion,Resolved,1,2023,8,August,2022,0.7,65+
1058,20,Female,Austin,Savings,6341.65,2017-06-05,2023-02-01,Deposit,3096.29,9437.94,Personal,32550.49,5.1,Rejected,MasterCard,22.0,Suggestion,Resolved,-1,2023,2,February,2017,5.7,18-25
1059,69,Male,Jacksonville,Current,8192.69,2022-02-18,2023-05-13,Transfer,3690.36,11883.05,Personal,14638.96,4.81,Rejected,MasterCard,2007.13,Praise,Resolved,1,2023,5,May,2022,1.2,65+
1060,20,Male,San Francisco,Current,7831.76,2016-10-10,2023-08-23,Deposit,2319.16,5512.6,Auto,43412.27,8.17,Rejected,MasterCard,825.18,Suggestion,Resolved,1,2023,8,August,2016,6.9,18-25
1061,69,Female,Mesa,Savings,5289.61,2011-02-26,2023-11-28,Withdrawal,1906.34,3383.27,Auto,14409.98,2.75,Closed,MasterCard,3606.06,Complaint,Pending,1,2023,11,November,2011,12.8,65+
1062,23,Other,Detroit,Savings,9462.45,2014-11-15,2023-08-23,Withdrawal,1828.88,11291.33,Mortgage,13759.65,7.98,Closed,MasterCard,4912.68,Suggestion,Resolved,1,2023,8,August,2014,8.8,18-25
1063,66,Male,Nashville,Current,7072.15,2013-06-05,2023-08-30,Withdrawal,2112.35,9184.5,Mortgage,4622.91,1.87,Rejected,MasterCard,2493.98,Praise,Resolved,1,2023,8,August,2013,10.2,65+
1064,67,Male,San Jose,Current,2088.31,2015-10-28,2023-10-22,Withdrawal,4214.93,-2126.62,Mortgage,4849.57,5.26,Approved,Visa,4904.99,Complaint,Pending,-1,2023,10,October,2015,8.0,65+
1065,27,Female,Dallas,Current,6223.02,2015-06-24,2023-09-06,Deposit,2417.98,8641.0,Mortgage,43253.75,8.79,Rejected,MasterCard,1379.47,Praise,Resolved,1,2023,9,September,2015,8.2,26-35
1066,55,Other,Austin,Savings,2097.95,2011-08-23,2023-01-23,Transfer,1578.64,519.31,Personal,12305.75,4.72,Approved,AMEX,2905.19,Complaint,Resolved,1,2023,1,January,2011,11.4,46-55
1067,30,Other,Austin,Current,5632.61,2016-03-30,2023-08-13,Transfer,919.75,4712.86,Personal,6325.72,9.67,Approved,AMEX,2725.77,Praise,Resolved,1,2023,8,August,2016,7.4,26-35
1068,55,Female,Philadelphia,Savings,7920.35,2022-12-23,2023-05-24,Deposit,1420.25,9340.6,Mortgage,18276.81,6.68,Approved,Visa,3979.68,Praise,Pending,1,2023,5,May,2022,0.4,46-55
1069,29,Male,New York,Current,8143.8,2020-09-08,2023-11-02,Deposit,2319.02,10462.82,Auto,35963.66,7.81,Approved,Visa,1307.01,Praise,Resolved,-1,2023,11,November,2020,3.1,26-35
1070,63,Female,Philadelphia,Savings,6543.17,2010-08-31,2023-03-13,Transfer,2743.59,3799.58,Mortgage,17641.92,5.59,Approved,Visa,1295.82,Suggestion,Resolved,-1,2023,3,March,2010,12.5,56-65
1071,66,Female,San Jose,Current,7854.73,2012-02-27,2023-08-13,Transfer,3111.23,10965.96,Auto,16154.72,4.87,Rejected,AMEX,1774.06,Praise,Resolved,1,2023,8,August,2012,11.5,65+
1072,44,Female,Washington,Current,4775.13,2006-09-29,2023-02-17,Deposit,366.18,4408.95,Mortgage,24915.22,1.76,Rejected,Visa,2920.52,Complaint,Pending,1,2023,2,February,2006,16.4,36-45
1073,25,Male,Milwaukee,Savings,5551.49,2005-11-14,2023-02-03,Deposit,3069.72,8621.21,Mortgage,2038.81,2.08,Closed,Visa,676.98,Complaint,Resolved,1,2023,2,February,2005,17.2,18-25
1074,22,Male,Washington,Savings,8808.11,2016-09-10,2023-09-11,Deposit,1766.45,7041.66,Personal,25062.6,6.15,Rejected,MasterCard,4774.61,Complaint,Resolved,1,2023,9,September,2016,7.0,18-25
1075,53,Female,Atlanta,Savings,4981.5,2018-11-05,2023-03-04,Deposit,1292.28,3689.22,Mortgage,49510.93,6.52,Approved,AMEX,2303.11,Suggestion,Pending,1,2023,3,March,2018,4.3,46-55
1076,55,Other,Portland,Savings,3574.2,2004-11-12,2023-04-12,Deposit,1661.99,5236.19,Personal,40168.08,9.86,Rejected,AMEX,2516.75,Suggestion,Pending,1,2023,4,April,2004,18.4,46-55
1077,60,Female,Columbus,Savings,7990.23,2010-08-16,2023-01-17,Transfer,3924.48,4065.75,Mortgage,4454.1,8.72,Approved,Visa,2053.7,Suggestion,Pending,1,2023,1,January,2010,12.4,56-65
1078,47,Male,Phoenix,Current,599.69,2018-04-20,2023-08-29,Transfer,4018.41,4618.1,Mortgage,33086.3,8.6,Closed,Visa,1936.39,Complaint,Resolved,1,2023,8,August,2018,5.4,46-55
1079,54,Other,Mesa,Savings,9587.73,2003-02-06,2023-10-17,Withdrawal,527.75,9059.98,Auto,23594.5,3.58,Rejected,AMEX,2281.83,Complaint,Pending,1,2023,10,October,2003,20.7,46-55
1080,46,Other,Albuquerque,Savings,3466.65,2002-08-12,2023-09-13,Withdrawal,2478.42,988.23,Mortgage,41486.18,4.71,Rejected,MasterCard,1211.95,Suggestion,Resolved,1,2023,9,September,2002,21.1,46-55
1081,39,Male,Fresno,Savings,6333.2,2000-05-11,2023-12-27,Transfer,2652.2,3681.0,Auto,5827.78,1.92,Rejected,MasterCard,739.4,Complaint,Resolved,1,2023,12,December,2000,23.6,36-45
1082,31,Male,San Antonio,Savings,6886.01,2001-08-27,2023-03-08,Transfer,160.77,7046.78,Auto,12403.71,6.23,Approved,AMEX,2181.63,Complaint,Pending,1,2023,3,March,2001,21.5,26-35
1083,27,Female,Jacksonville,Savings,1457.07,2012-10-05,2023-10-07,Withdrawal,3588.15,5045.22,Mortgage,39765.91,1.63,Closed,Visa,3382.33,Complaint,Resolved,1,2023,10,October,2012,11.0,26-35
1084,28,Male,San Francisco,Current,8246.32,2020-04-14,2023-09-23,Withdrawal,1840.3,6406.02,Mortgage,42610.77,5.02,Approved,Visa,1782.18,Suggestion,Resolved,1,2023,9,September,2020,3.4,26-35
1085,52,Other,Baltimore,Savings,5763.92,2003-11-01,2023-01-05,Withdrawal,2095.81,3668.11,Personal,26936.47,6.1,Rejected,AMEX,539.95,Praise,Resolved,1,2023,1,January,2003,19.2,46-55
1086,40,Female,Nashville,Current,3346.49,2017-08-26,2023-01-31,Deposit,3053.54,292.95,Mortgage,1965.15,3.05,Closed,AMEX,2619.81,Praise,Resolved,1,2023,1,January,2017,5.4,36-45
1087,25,Female,San Jose,Savings,8521.79,2006-12-23,2023-06-01,Withdrawal,2350.01,10871.8,Mortgage,44792.04,7.98,Approved,Visa,2620.36,Praise,Resolved,1,2023,6,June,2006,16.4,18-25
1088,38,Other,New York,Savings,6288.3,2015-10-08,2023-09-24,Deposit,3742.27,10030.57,Mortgage,19755.5,7.07,Closed,AMEX,844.57,Suggestion,Resolved,1,2023,9,September,2015,8.0,36-45
1089,54,Male,New York,Current,7879.2,2005-02-28,2023-02-20,Deposit,2983.33,4895.87,Auto,2944.35,2.33,Approved,AMEX,1715.46,Praise,Pending,1,2023,2,February,2005,18.0,46-55
1090,45,Female,Tucson,Savings,9923.87,2000-12-04,2023-09-04,Withdrawal,1137.91,8785.96,Personal,41121.8,9.85,Closed,AMEX,3946.56,Complaint,Resolved,1,2023,9,September,2000,22.7,36-45
1091,69,Other,Kansas City,Savings,1389.74,2015-11-21,2023-02-17,Transfer,4353.73,5743.47,Auto,21485.39,5.88,Approved,AMEX,160.8,Praise,Resolved,1,2023,2,February,2015,7.2,65+
1092,48,Other,Boston,Current,7521.01,2017-12-15,2023-11-30,Withdrawal,1086.81,6434.2,Mortgage,10309.52,1.24,Closed,Visa,475.26,Suggestion,Resolved,1,2023,11,November,2017,6.0,46-55
1093,45,Other,Detroit,Current,7600.94,2002-06-29,2023-05-12,Withdrawal,3570.53,4030.41,Personal,40277.33,4.15,Rejected,Visa,3503.37,Complaint,Pending,1,2023,5,May,2002,20.9,36-45
1094,59,Male,San Jose,Savings,8759.43,2010-12-10,2023-05-16,Withdrawal,3963.12,12722.55,Mortgage,23428.07,9.81,Rejected,Visa,2862.4,Praise,Pending,1,2023,5,May,2010,12.4,56-65
1095,44,Male,Louisville,Current,4139.85,2011-09-10,2023-01-07,Withdrawal,3444.53,7584.38,Mortgage,30782.67,9.12,Rejected,MasterCard,2894.09,Complaint,Pending,1,2023,1,January,2011,11.3,36-45
1096,57,Male,Tucson,Savings,8709.55,2021-12-15,2023-04-29,Withdrawal,2114.8,6594.75,Auto,41332.95,2.36,Approved,Visa,2288.44,Complaint,Pending,1,2023,4,April,2021,1.4,56-65
1097,38,Male,Atlanta,Savings,6434.84,2015-01-22,2023-10-15,Deposit,4390.99,10825.83,Auto,26598.68,8.7,Closed,AMEX,429.49,Praise,Resolved,1,2023,10,October,2015,8.7,36-45
1098,26,Other,Baltimore,Savings,780.84,2012-08-19,2023-12-08,Withdrawal,1645.22,-864.38,Auto,6413.42,6.57,Rejected,MasterCard,264.52,Suggestion,Resolved,1,2023,12,December,2012,11.3,26-35
1099,46,Female,San Diego,Current,412.02,2002-06-15,2023-10-05,Transfer,3438.51,3850.53,Auto,48224.33,1.2,Approved,MasterCard,1620.81,Suggestion,Pending,1,2023,10,October,2002,21.3,46-55
1100,32,Other,New York,Current,4866.71,2007-07-21,2023-08-06,Transfer,4389.54,9256.25,Auto,15040.48,7.82,Approved,MasterCard,283.28,Suggestion,Resolved,1,2023,8,August,2007,16.0,26-35
1101,50,Female,Fort Worth,Savings,7879.74,2022-10-08,2023-04-25,Deposit,785.59,8665.33,Mortgage,49718.22,4.72,Approved,AMEX,2826.37,Complaint,Resolved,-1,2023,4,April,2022,0.5,46-55
1102,54,Female,Phoenix,Savings,3903.89,2001-11-28,2023-06-13,Deposit,3266.65,7170.54,Mortgage,1295.2,4.57,Closed,AMEX,3395.14,Complaint,Resolved,1,2023,6,June,2001,21.5,46-55
1103,64,Female,Las Vegas,Current,8533.14,2002-11-27,2023-10-12,Withdrawal,4505.79,13038.93,Personal,24705.61,4.45,Closed,MasterCard,3091.38,Suggestion,Pending,1,2023,10,October,2002,20.9,56-65
1104,53,Male,Philadelphia,Savings,4972.01,2000-09-04,2023-08-11,Withdrawal,524.38,5496.39,Mortgage,35541.81,6.37,Closed,MasterCard,3646.69,Suggestion,Pending,1,2023,8,August,2000,22.9,46-55
1105,68,Other,Boston,Current,360.26,2005-04-03,2023-03-27,Deposit,737.31,-377.05,Auto,45408.79,7.43,Closed,MasterCard,4760.38,Complaint,Pending,1,2023,3,March,2005,18.0,65+
1106,45,Female,New York,Current,9739.28,2004-05-30,2023-07-08,Transfer,1897.5,7841.78,Personal,39236.51,6.83,Closed,MasterCard,4837.23,Suggestion,Pending,1,2023,7,July,2004,19.1,36-45
1107,27,Other,Boston,Current,4947.16,2022-10-24,2023-02-22,Withdrawal,4971.61,-24.45,Auto,13525.76,3.18,Approved,AMEX,1427.41,Complaint,Pending,1,2023,2,February,2022,0.3,26-35
1108,40,Male,New York,Current,6536.35,2011-06-24,2023-11-24,Transfer,1127.44,5408.91,Auto,12921.92,7.36,Approved,Visa,1458.1,Suggestion,Pending,1,2023,11,November,2011,12.4,36-45
1109,45,Female,Albuquerque,Current,2072.96,2015-10-23,2023-12-07,Deposit,1630.35,3703.31,Auto,18472.75,2.22,Approved,MasterCard,3716.89,Complaint,Pending,1,2023,12,December,2015,8.1,36-45
1110,51,Male,Chicago,Savings,3043.57,2010-01-11,2023-01-15,Transfer,4177.13,7220.7,Mortgage,6416.47,9.74,Rejected,MasterCard,4950.04,Complaint,Resolved,1,2023,1,January,2010,13.0,46-55
1111,22,Male,Denver,Current,4894.42,2003-10-09,2023-05-07,Transfer,662.41,4232.01,Mortgage,33809.09,5.26,Closed,MasterCard,2064.34,Suggestion,Resolved,-1,2023,5,May,2003,19.6,18-25
1112,35,Other,Memphis,Current,8576.27,2019-08-04,2023-06-25,Transfer,4981.07,13557.34,Mortgage,47121.66,1.82,Approved,MasterCard,926.52,Complaint,Resolved,1,2023,6,June,2019,3.9,26-35
1113,23,Female,Los Angeles,Current,1109.35,2018-02-13,2023-04-28,Withdrawal,3696.92,4806.27,Mortgage,32463.11,6.19,Closed,AMEX,3643.88,Suggestion,Resolved,1,2023,4,April,2018,5.2,18-25
1114,59,Male,Dallas,Savings,7825.36,2007-11-03,2023-07-01,Deposit,4796.26,3029.1,Auto,27135.31,6.19,Rejected,Visa,1926.47,Complaint,Pending,1,2023,7,July,2007,15.7,56-65
1115,64,Other,San Francisco,Current,5835.57,2012-09-04,2023-03-09,Withdrawal,730.55,5105.02,Personal,25664.11,1.35,Rejected,MasterCard,400.09,Praise,Resolved,1,2023,3,March,2012,10.5,56-65
1116,40,Female,Mesa,Current,5046.69,2006-05-01,2023-11-21,Transfer,1169.86,3876.83,Mortgage,30038.04,1.1,Approved,Visa,3743.25,Praise,Pending,1,2023,11,November,2006,17.6,36-45
1117,45,Female,San Francisco,Current,8778.22,2013-05-11,2023-12-22,Withdrawal,1860.17,10638.39,Personal,35820.03,9.96,Rejected,MasterCard,2040.67,Complaint,Pending,1,2023,12,December,2013,10.6,36-45
1118,58,Male,Fort Worth,Savings,1269.39,2003-08-04,2023-07-11,Withdrawal,264.55,1533.94,Auto,39954.97,4.51,Closed,Visa,2956.73,Complaint,Resolved,1,2023,7,July,2003,19.9,56-65
1119,30,Male,Oklahoma City,Savings,9908.47,2021-06-21,2023-07-13,Withdrawal,312.85,10221.32,Auto,35217.74,3.21,Closed,Visa,3459.54,Suggestion,Pending,-1,2023,7,July,2021,2.1,26-35
1120,67,Male,Chicago,Savings,8560.87,2012-01-14,2023-06-27,Deposit,4520.07,4040.8,Personal,35546.56,5.93,Approved,Visa,4104.34,Suggestion,Resolved,1,2023,6,June,2012,11.4,65+
1121,42,Male,Houston,Current,3324.8,2022-10-19,2023-02-16,Deposit,223.31,3548.11,Auto,47634.96,1.08,Rejected,AMEX,3107.17,Complaint,Resolved,1,2023,2,February,2022,0.3,36-45
1122,24,Female,San Francisco,Current,4570.61,2018-02-26,2023-05-22,Transfer,3752.3,8322.91,Mortgage,45067.83,1.12,Approved,MasterCard,4679.57,Suggestion,Resolved,1,2023,5,May,2018,5.2,18-25
1123,19,Male,Atlanta,Savings,347.53,2009-01-25,2023-01-09,Withdrawal,3591.04,3938.57,Auto,41372.24,2.02,Approved,Visa,2423.96,Suggestion,Resolved,1,2023,1,January,2009,14.0,18-25
1124,33,Male,Charlotte,Savings,5323.29,2007-10-22,2023-01-12,Transfer,373.34,5696.63,Mortgage,3124.65,8.22,Closed,MasterCard,2651.5,Praise,Pending,1,2023,1,January,2007,15.2,26-35
1125,19,Male,Tucson,Current,5522.42,2008-04-20,2023-04-02,Withdrawal,946.3,4576.12,Auto,33774.5,3.23,Approved,MasterCard,1520.49,Complaint,Resolved,1,2023,4,April,2008,14.9,18-25
1126,53,Female,Indianapolis,Savings,9273.1,2006-08-03,2023-01-13,Transfer,2279.54,11552.64,Mortgage,23294.06,5.53,Closed,AMEX,659.49,Complaint,Resolved,1,2023,1,January,2006,16.4,46-55
1127,19,Other,Austin,Savings,3940.46,2008-05-23,2023-10-04,Deposit,3211.87,7152.33,Personal,31262.36,3.01,Approved,AMEX,3142.62,Praise,Pending,1,2023,10,October,2008,15.4,18-25
1128,66,Other,Oklahoma City,Savings,5749.12,2020-11-10,2023-02-07,Transfer,4480.18,10229.3,Auto,34627.83,5.9,Closed,AMEX,1462.96,Suggestion,Pending,1,2023,2,February,2020,2.2,65+
1129,55,Female,Kansas City,Current,7432.11,2021-08-04,2023-11-04,Deposit,2638.89,4793.22,Auto,36017.94,5.58,Closed,Visa,3570.85,Praise,Pending,1,2023,11,November,2021,2.3,46-55
1130,27,Other,Las Vegas,Savings,6124.31,2022-10-14,2023-10-09,Withdrawal,4682.47,10806.78,Mortgage,43601.89,4.61,Approved,AMEX,3103.32,Complaint,Resolved,1,2023,10,October,2022,1.0,26-35
1131,31,Female,Indianapolis,Savings,1646.12,2001-09-18,2023-10-05,Withdrawal,959.37,686.75,Mortgage,45589.57,4.9,Approved,Visa,1406.59,Complaint,Pending,1,2023,10,October,2001,22.0,26-35
1132,44,Male,Baltimore,Savings,1800.97,2000-10-14,2023-09-01,Withdrawal,3117.67,4918.64,Personal,30734.59,6.88,Approved,MasterCard,2786.99,Complaint,Pending,1,2023,9,September,2000,22.9,36-45
1133,32,Other,Fresno,Current,1469.56,2016-02-12,2023-09-01,Transfer,4224.76,5694.32,Mortgage,44814.05,8.58,Rejected,MasterCard,4941.75,Complaint,Pending,1,2023,9,September,2016,7.6,26-35
1134,38,Female,New York,Current,2255.52,2007-05-31,2023-11-24,Transfer,1174.29,3429.81,Personal,38466.46,3.87,Approved,AMEX,4411.68,Praise,Resolved,-1,2023,11,November,2007,16.5,36-45
1135,29,Female,Las Vegas,Savings,3350.46,2005-10-04,2023-02-06,Transfer,3944.84,-594.38,Auto,10933.54,5.79,Closed,MasterCard,2084.02,Praise,Pending,1,2023,2,February,2005,17.3,26-35
1136,68,Male,Las Vegas,Savings,7422.71,2006-07-09,2023-08-20,Deposit,2007.44,9430.15,Mortgage,2730.28,8.69,Closed,Visa,3437.03,Complaint,Pending,1,2023,8,August,2006,17.1,65+
1137,60,Female,Dallas,Savings,703.17,2004-06-22,2023-06-22,Withdrawal,4998.12,-4294.95,Mortgage,1484.53,2.51,Closed,Visa,916.51,Suggestion,Resolved,1,2023,6,June,2004,19.0,56-65
1138,50,Other,Washington,Savings,8222.41,2004-05-30,2023-09-08,Withdrawal,466.84,7755.57,Auto,29744.54,9.82,Approved,AMEX,50.73,Complaint,Pending,1,2023,9,September,2004,19.3,46-55
1139,57,Male,Fort Worth,Savings,2698.38,2011-02-14,2023-04-30,Deposit,2770.83,-72.45,Personal,26558.07,7.76,Rejected,AMEX,4197.65,Complaint,Resolved,1,2023,4,April,2011,12.2,56-65
1140,39,Female,San Francisco,Current,6172.89,2015-02-04,2023-12-08,Deposit,3917.34,10090.23,Personal,35122.06,4.3,Rejected,AMEX,2070.77,Praise,Resolved,1,2023,12,December,2015,8.8,36-45
1141,55,Male,Boston,Savings,5572.41,2021-12-28,2023-11-29,Withdrawal,3384.22,8956.63,Mortgage,42298.59,4.38,Closed,AMEX,907.54,Complaint,Resolved,1,2023,11,November,2021,1.9,46-55
1142,61,Female,Louisville,Savings,1624.82,2014-06-19,2023-01-14,Withdrawal,2532.87,4157.69,Auto,9057.68,2.85,Rejected,AMEX,1576.49,Praise,Pending,1,2023,1,January,2014,8.6,56-65
1143,69,Other,Charlotte,Current,2944.24,2016-03-26,2023-10-01,Deposit,2570.41,373.83,Mortgage,42965.16,3.41,Rejected,MasterCard,4613.1,Suggestion,Pending,1,2023,10,October,2016,7.5,65+
1144,65,Other,Baltimore,Current,3029.62,2003-11-02,2023-12-19,Deposit,2033.09,5062.71,Personal,5806.02,6.28,Approved,AMEX,4461.94,Complaint,Resolved,1,2023,12,December,2003,20.1,56-65
1145,35,Male,Portland,Savings,6275.92,2016-12-13,2023-05-15,Withdrawal,1718.08,4557.84,Personal,44278.92,1.03,Closed,MasterCard,3254.65,Praise,Resolved,1,2023,5,May,2016,6.4,26-35
1146,61,Female,Washington,Current,7906.15,2004-04-02,2023-07-07,Withdrawal,2972.4,4933.75,Personal,42673.84,1.21,Closed,AMEX,460.28,Suggestion,Resolved,1,2023,7,July,2004,19.3,56-65
1147,69,Male,Jacksonville,Current,9963.26,2018-06-19,2023-02-24,Deposit,3744.35,6218.91,Auto,35150.83,9.88,Rejected,MasterCard,3589.95,Suggestion,Pending,1,2023,2,February,2018,4.7,65+
1148,19,Male,Milwaukee,Savings,1049.38,2009-10-10,2023-10-17,Withdrawal,1403.56,-354.18,Auto,15701.43,3.12,Closed,AMEX,4450.66,Complaint,Resolved,1,2023,10,October,2009,14.0,18-25
1149,46,Other,Portland,Savings,9392.8,2017-03-27,2023-05-07,Deposit,4733.63,14126.43,Auto,5577.26,8.47,Approved,MasterCard,4594.89,Suggestion,Resolved,1,2023,5,May,2017,6.1,46-55
1150,24,Male,Fort Worth,Current,5659.11,2002-08-22,2023-10-28,Withdrawal,1830.44,3828.67,Auto,39126.27,6.51,Rejected,AMEX,1931.92,Complaint,Pending,1,2023,10,October,2002,21.2,18-25
1151,48,Female,Milwaukee,Savings,3632.0,2002-09-14,2023-09-16,Transfer,2175.53,1456.47,Mortgage,11676.09,5.01,Rejected,AMEX,846.92,Suggestion,Pending,-1,2023,9,September,2002,21.0,46-55
1152,58,Other,Albuquerque,Savings,2917.29,2020-03-02,2023-11-28,Transfer,2061.59,855.7,Personal,22605.92,7.59,Approved,Visa,4804.57,Suggestion,Resolved,1,2023,11,November,2020,3.7,56-65
1153,35,Female,Albuquerque,Current,2169.5,2005-10-31,2023-04-10,Withdrawal,565.59,1603.91,Personal,27012.09,1.45,Approved,Visa,4052.19,Complaint,Pending,1,2023,4,April,2005,17.4,26-35
1154,26,Male,Sacramento,Savings,5615.04,2019-10-09,2023-11-05,Deposit,588.4,5026.64,Mortgage,34586.67,7.8,Approved,MasterCard,2163.5,Praise,Pending,1,2023,11,November,2019,4.1,26-35
1155,25,Other,Nashville,Current,9465.57,2013-08-06,2023-06-08,Transfer,3978.4,5487.17,Mortgage,24884.47,8.71,Approved,MasterCard,3160.38,Praise,Pending,1,2023,6,June,2013,9.8,18-25
1156,50,Female,Jacksonville,Current,1903.34,2009-08-07,2023-01-23,Deposit,1912.8,3816.14,Mortgage,35032.13,3.52,Rejected,AMEX,1987.64,Suggestion,Resolved,1,2023,1,January,2009,13.5,46-55
1157,22,Female,Indianapolis,Current,4418.05,2021-02-18,2023-07-19,Transfer,1087.78,5505.83,Mortgage,40887.87,3.71,Closed,AMEX,2286.23,Praise,Resolved,1,2023,7,July,2021,2.4,18-25
1158,65,Male,San Antonio,Current,2118.1,2002-10-15,2023-03-06,Transfer,3541.43,5659.53,Mortgage,35939.98,1.93,Approved,AMEX,1638.97,Praise,Resolved,1,2023,3,March,2002,20.4,56-65
1159,31,Female,Houston,Current,1838.74,2014-06-26,2023-07-02,Transfer,4799.11,6637.85,Auto,15675.63,8.7,Closed,AMEX,278.13,Praise,Resolved,1,2023,7,July,2014,9.0,26-35
1160,30,Male,Portland,Savings,8680.74,2007-11-19,2023-08-15,Withdrawal,4684.64,3996.1,Mortgage,44820.02,8.27,Closed,Visa,4985.57,Suggestion,Pending,1,2023,8,August,2007,15.7,26-35
1161,28,Male,Boston,Current,2693.43,2018-03-24,2023-04-21,Withdrawal,3619.8,-926.37,Auto,27978.0,4.83,Approved,AMEX,1197.72,Complaint,Pending,1,2023,4,April,2018,5.1,26-35
1162,37,Male,Milwaukee,Savings,2554.92,2009-03-11,2023-03-20,Deposit,966.2,3521.12,Mortgage,23803.37,4.4,Closed,Visa,1450.45,Suggestion,Pending,1,2023,3,March,2009,14.0,36-45
1163,40,Male,Austin,Savings,9106.94,2015-09-13,2023-09-02,Withdrawal,778.92,9885.86,Mortgage,29177.3,4.85,Closed,MasterCard,1624.73,Praise,Pending,1,2023,9,September,2015,8.0,36-45
1164,62,Other,Oklahoma City,Current,3921.8,2004-03-26,2023-04-02,Deposit,4356.32,-434.52,Auto,24677.78,4.78,Closed,MasterCard,1221.4,Praise,Pending,1,2023,4,April,2004,19.0,56-65
1165,44,Female,Mesa,Savings,186.3,2004-05-30,2023-05-20,Transfer,4814.44,5000.74,Mortgage,38000.39,4.87,Closed,Visa,1629.02,Suggestion,Resolved,1,2023,5,May,2004,19.0,36-45
1166,32,Female,San Francisco,Current,7239.74,2010-11-21,2023-01-01,Withdrawal,3115.37,4124.37,Mortgage,21612.53,2.31,Rejected,MasterCard,2833.25,Praise,Pending,1,2023,1,January,2010,12.1,26-35
1167,47,Other,Austin,Current,5218.42,2013-12-25,2023-09-24,Transfer,4507.26,9725.68,Mortgage,39059.43,1.12,Rejected,AMEX,395.65,Suggestion,Pending,1,2023,9,September,2013,9.7,46-55
1168,33,Male,Baltimore,Savings,7763.9,2011-05-12,2023-02-20,Deposit,4076.3,11840.2,Mortgage,38247.61,7.86,Approved,MasterCard,357.68,Praise,Pending,1,2023,2,February,2011,11.8,26-35
1169,62,Male,Sacramento,Current,5745.92,2012-08-17,2023-08-17,Withdrawal,778.52,6524.44,Mortgage,14566.65,4.09,Closed,MasterCard,2310.24,Complaint,Pending,1,2023,8,August,2012,11.0,56-65
1170,57,Male,Kansas City,Savings,3577.55,2020-12-23,2023-02-14,Withdrawal,1122.62,4700.17,Auto,5701.13,5.42,Rejected,Visa,3483.12,Praise,Resolved,1,2023,2,February,2020,2.1,56-65
1171,35,Male,Washington,Savings,758.99,2012-05-08,2023-04-09,Transfer,348.12,410.87,Mortgage,42696.94,3.77,Approved,MasterCard,1086.74,Suggestion,Pending,1,2023,4,April,2012,10.9,26-35
1172,68,Other,Portland,Savings,8672.77,2001-07-09,2023-03-13,Withdrawal,2375.54,6297.23,Auto,9277.07,4.43,Closed,AMEX,2600.86,Suggestion,Pending,1,2023,3,March,2001,21.7,65+
1173,64,Female,Atlanta,Current,2150.14,2022-12-28,2023-10-14,Deposit,1626.5,523.64,Mortgage,2527.94,1.67,Closed,AMEX,2202.35,Praise,Resolved,1,2023,10,October,2022,0.8,56-65
1174,59,Male,Sacramento,Savings,9716.35,2010-07-30,2023-03-26,Withdrawal,2135.97,7580.38,Auto,20714.0,4.33,Rejected,Visa,2261.2,Suggestion,Resolved,1,2023,3,March,2010,12.7,56-65
1175,40,Male,Houston,Current,2533.77,2000-04-27,2023-06-30,Transfer,53.23,2587.0,Auto,13453.32,5.17,Approved,Visa,3507.98,Praise,Pending,1,2023,6,June,2000,23.2,36-45
1176,53,Male,Indianapolis,Savings,8287.65,2006-12-02,2023-11-19,Deposit,3609.01,4678.64,Auto,11797.7,8.5,Closed,AMEX,2985.65,Complaint,Resolved,1,2023,11,November,2006,17.0,46-55
1177,55,Female,Indianapolis,Savings,7908.61,2010-07-18,2023-08-05,Withdrawal,1010.85,6897.76,Auto,9443.37,3.9,Rejected,MasterCard,2347.98,Praise,Pending,1,2023,8,August,2010,13.0,46-55
1178,25,Female,Nashville,Current,4681.2,2010-04-19,2023-10-24,Transfer,1847.65,2833.55,Personal,37710.63,1.8,Rejected,MasterCard,1351.78,Praise,Pending,1,2023,10,October,2010,13.5,18-25
1179,56,Other,Detroit,Savings,4076.87,2015-01-12,2023-06-05,Transfer,2017.86,2059.01,Personal,39387.71,7.83,Approved,Visa,2926.31,Complaint,Pending,-1,2023,6,June,2015,8.4,56-65
1180,46,Female,Mesa,Savings,7062.27,2017-06-11,2023-12-14,Transfer,340.56,6721.71,Mortgage,3273.09,4.38,Rejected,AMEX,686.91,Complaint,Pending,-1,2023,12,December,2017,6.5,46-55
1181,29,Female,Denver,Savings,5332.67,2014-05-03,2023-11-24,Transfer,1833.92,7166.59,Mortgage,27793.78,9.24,Approved,AMEX,2079.59,Complaint,Pending,1,2023,11,November,2014,9.6,26-35
1182,35,Male,San Francisco,Current,6356.39,2015-08-13,2023-03-06,Transfer,4500.24,10856.63,Personal,7622.13,9.63,Approved,AMEX,673.7,Praise,Pending,1,2023,3,March,2015,7.6,26-35
1183,67,Female,Detroit,Current,4755.13,2012-09-10,2023-05-23,Deposit,4467.09,9222.22,Personal,25478.15,8.85,Approved,AMEX,1590.72,Praise,Resolved,1,2023,5,May,2012,10.7,65+
1184,36,Male,Washington,Savings,5615.83,2017-01-21,2023-12-26,Transfer,132.7,5483.13,Auto,18048.56,3.04,Approved,MasterCard,3183.75,Complaint,Resolved,1,2023,12,December,2017,6.9,36-45
1185,53,Other,Louisville,Savings,1972.59,2008-03-19,2023-12-08,Transfer,158.65,1813.94,Auto,10888.99,3.28,Closed,MasterCard,3933.87,Praise,Pending,1,2023,12,December,2008,15.7,46-55
1186,50,Male,New York,Current,648.42,2020-04-27,2023-08-19,Withdrawal,2973.89,3622.31,Auto,47454.93,8.15,Closed,Visa,1177.98,Praise,Pending,1,2023,8,August,2020,3.3,46-55
1187,22,Other,Mesa,Current,3623.64,2015-02-06,2023-01-20,Deposit,1032.07,4655.71,Auto,47880.56,5.01,Rejected,Visa,3209.15,Praise,Pending,1,2023,1,January,2015,8.0,18-25
1188,56,Female,Atlanta,Current,4712.03,2006-02-03,2023-11-29,Transfer,4493.57,218.46,Mortgage,28634.56,3.68,Rejected,Visa,1366.82,Praise,Pending,1,2023,11,November,2006,17.8,56-65
1189,45,Other,Los Angeles,Savings,9069.69,2016-05-23,2023-07-11,Withdrawal,2419.44,6650.25,Auto,10214.45,3.65,Approved,AMEX,2077.41,Praise,Resolved,1,2023,7,July,2016,7.1,36-45
1190,43,Male,San Francisco,Savings,4198.0,2008-03-12,2023-12-12,Deposit,1635.71,2562.29,Mortgage,29580.03,6.2,Closed,Visa,4571.72,Complaint,Pending,1,2023,12,December,2008,15.8,36-45
1191,60,Female,Omaha,Current,4395.8,2013-04-24,2023-10-22,Deposit,4766.85,9162.65,Personal,46496.46,9.06,Rejected,Visa,505.68,Complaint,Resolved,1,2023,10,October,2013,10.5,56-65
1192,38,Female,Kansas City,Current,6780.83,2009-06-02,2023-05-15,Transfer,1596.46,8377.29,Personal,19510.28,6.57,Approved,MasterCard,4919.67,Suggestion,Resolved,1,2023,5,May,2009,13.9,36-45
1193,40,Male,Nashville,Savings,2147.18,2005-06-19,2023-07-22,Deposit,1610.93,3758.11,Auto,7749.1,6.58,Rejected,AMEX,3212.02,Praise,Resolved,1,2023,7,July,2005,18.1,36-45
1194,38,Female,Dallas,Savings,8729.23,2002-12-10,2023-06-08,Withdrawal,674.15,9403.38,Auto,34990.82,7.72,Closed,Visa,3044.75,Praise,Pending,1,2023,6,June,2002,20.5,36-45
1195,28,Male,San Jose,Current,4333.65,2020-08-11,2023-06-11,Deposit,1119.04,5452.69,Mortgage,33157.18,7.84,Approved,Visa,1072.49,Complaint,Resolved,1,2023,6,June,2020,2.8,26-35
1196,59,Other,Austin,Current,9314.79,2002-05-16,2023-07-22,Transfer,3804.85,13119.64,Mortgage,1068.02,9.19,Rejected,AMEX,972.94,Suggestion,Resolved,1,2023,7,July,2002,21.2,56-65
1197,56,Other,Indianapolis,Savings,2785.56,2010-05-10,2023-03-29,Transfer,3801.13,6586.69,Auto,42826.67,2.46,Closed,Visa,4614.54,Praise,Resolved,1,2023,3,March,2010,12.9,56-65
1198,33,Female,Indianapolis,Current,4709.36,2011-01-04,2023-12-11,Withdrawal,1939.13,6648.49,Personal,33376.61,9.86,Closed,MasterCard,801.34,Praise,Resolved,1,2023,12,December,2011,12.9,26-35
1199,50,Male,Los Angeles,Savings,7803.8,2011-06-15,2023-02-20,Deposit,1753.38,9557.18,Auto,10589.23,3.96,Closed,Visa,858.57,Complaint,Pending,1,2023,2,February,2011,11.7,46-55
1200,44,Male,San Diego,Savings,5603.68,2020-06-13,2023-07-03,Withdrawal,2097.79,7701.47,Personal,1158.7,3.53,Closed,MasterCard,3501.52,Complaint,Pending,1,2023,7,July,2020,3.1,36-45
1201,18,Other,San Jose,Savings,6646.33,2001-08-13,2023-12-19,Deposit,1511.18,8157.51,Personal,48642.71,5.59,Approved,MasterCard,3522.1,Praise,Resolved,1,2023,12,December,2001,22.3,18-25
1202,61,Male,San Francisco,Current,2878.89,2019-09-09,2023-10-12,Deposit,3042.89,-164.0,Auto,37979.31,3.38,Closed,AMEX,1991.91,Complaint,Pending,1,2023,10,October,2019,4.1,56-65
1203,33,Female,Colorado Springs,Savings,3351.75,2006-02-02,2023-09-07,Deposit,4184.55,7536.3,Auto,18887.51,3.1,Approved,AMEX,4537.7,Suggestion,Pending,1,2023,9,September,2006,17.6,26-35
1204,22,Female,Las Vegas,Current,5125.37,2020-02-19,2023-11-15,Deposit,56.77,5182.14,Personal,22206.63,9.7,Closed,AMEX,4596.13,Complaint,Pending,1,2023,11,November,2020,3.7,18-25
1205,63,Other,Chicago,Current,2104.55,2014-08-08,2023-08-01,Transfer,4680.68,6785.23,Mortgage,27404.17,1.94,Closed,Visa,4206.87,Complaint,Pending,1,2023,8,August,2014,9.0,56-65
1206,35,Male,Baltimore,Savings,1350.43,2016-10-16,2023-10-16,Transfer,598.59,751.84,Mortgage,36212.77,9.91,Closed,AMEX,80.3,Praise,Pending,1,2023,10,October,2016,7.0,26-35
1207,58,Female,San Jose,Current,8453.64,2013-04-07,2023-10-28,Withdrawal,4499.53,3954.11,Mortgage,9473.62,6.6,Closed,MasterCard,1510.65,Suggestion,Pending,1,2023,10,October,2013,10.6,56-65
1208,51,Female,Denver,Savings,7771.06,2013-06-05,2023-01-06,Deposit,1175.45,6595.61,Personal,10590.72,9.63,Rejected,Visa,1451.73,Praise,Pending,1,2023,1,January,2013,9.6,46-55
1209,61,Female,San Antonio,Current,9327.36,2013-05-30,2023-02-06,Withdrawal,4585.99,4741.37,Personal,3365.21,9.08,Closed,MasterCard,328.04,Praise,Resolved,-1,2023,2,February,2013,9.7,56-65
1210,42,Male,Dallas,Savings,5906.86,2006-10-31,2023-06-30,Withdrawal,3938.78,1968.08,Mortgage,49303.92,6.84,Approved,MasterCard,4465.41,Complaint,Resolved,1,2023,6,June,2006,16.7,36-45
1211,59,Other,Denver,Savings,4260.63,2022-11-17,2023-09-15,Transfer,1353.15,5613.78,Auto,43902.98,6.31,Closed,AMEX,4962.99,Suggestion,Pending,1,2023,9,September,2022,0.8,56-65
1212,51,Other,Omaha,Savings,1119.91,2006-10-19,2023-04-16,Withdrawal,151.1,1271.01,Auto,28094.94,9.93,Rejected,MasterCard,716.78,Suggestion,Resolved,1,2023,4,April,2006,16.5,46-55
1213,32,Female,Washington,Savings,8519.63,2009-11-10,2023-08-10,Withdrawal,3582.06,4937.57,Auto,22083.41,5.64,Approved,MasterCard,1426.37,Suggestion,Pending,1,2023,8,August,2009,13.7,26-35
1214,21,Other,Seattle,Savings,4616.97,2009-02-09,2023-11-09,Withdrawal,4110.6,8727.57,Personal,12634.56,2.61,Approved,AMEX,133.57,Suggestion,Resolved,1,2023,11,November,2009,14.7,18-25
1215,68,Female,El Paso,Current,5655.22,2005-06-23,2023-12-14,Deposit,3402.02,2253.2,Personal,30154.16,9.94,Rejected,MasterCard,577.21,Complaint,Resolved,1,2023,12,December,2005,18.5,65+
1216,21,Female,Los Angeles,Current,3203.88,2014-05-22,2023-12-18,Deposit,1914.51,5118.39,Auto,34835.01,3.91,Closed,Visa,2497.7,Praise,Pending,1,2023,12,December,2014,9.6,18-25
1217,42,Male,Austin,Savings,5286.34,2012-07-08,2023-04-27,Withdrawal,645.69,5932.03,Personal,34769.96,1.79,Closed,MasterCard,1839.57,Complaint,Pending,1,2023,4,April,2012,10.8,36-45
1218,58,Female,Milwaukee,Current,7839.35,2018-11-18,2023-06-28,Withdrawal,1741.77,9581.12,Auto,1315.37,7.45,Approved,MasterCard,2118.66,Praise,Resolved,1,2023,6,June,2018,4.6,56-65
1219,30,Female,Tucson,Current,7151.37,2014-04-30,2023-04-01,Deposit,1350.23,8501.6,Mortgage,35399.91,5.01,Approved,MasterCard,3330.81,Complaint,Resolved,1,2023,4,April,2014,8.9,26-35
1220,59,Male,Columbus,Savings,9890.33,2006-06-22,2023-05-30,Deposit,3618.22,13508.55,Mortgage,43452.27,4.49,Approved,AMEX,488.43,Complaint,Resolved,1,2023,5,May,2006,16.9,56-65
1221,63,Male,Indianapolis,Savings,5006.92,2022-03-29,2023-12-01,Withdrawal,805.21,5812.13,Auto,6630.92,6.68,Approved,MasterCard,4238.81,Complaint,Pending,1,2023,12,December,2022,1.7,56-65
1222,42,Other,Austin,Savings,5344.03,2015-12-16,2023-06-20,Withdrawal,4099.52,9443.55,Personal,38013.47,1.48,Rejected,MasterCard,4327.99,Praise,Pending,1,2023,6,June,2015,7.5,36-45
1223,20,Male,Tucson,Savings,621.99,2003-04-25,2023-10-21,Deposit,3063.59,3685.58,Mortgage,41338.69,7.28,Approved,MasterCard,814.88,Suggestion,Resolved,1,2023,10,October,2003,20.5,18-25
1224,52,Female,San Antonio,Savings,3954.89,2018-09-29,2023-07-11,Deposit,2418.02,6372.91,Auto,14532.3,5.53,Approved,MasterCard,3174.14,Complaint,Resolved,1,2023,7,July,2018,4.8,46-55
1225,69,Male,Milwaukee,Current,9228.83,2004-12-03,2023-02-06,Deposit,1807.56,7421.27,Mortgage,35893.2,5.41,Approved,AMEX,3451.79,Praise,Pending,1,2023,2,February,2004,18.2,65+
1226,65,Male,Columbus,Current,3569.71,2001-06-30,2023-04-10,Deposit,2542.39,1027.32,Personal,5740.99,9.1,Closed,AMEX,868.92,Praise,Pending,1,2023,4,April,2001,21.8,56-65
1227,26,Other,Louisville,Current,7684.51,2022-07-17,2023-10-21,Withdrawal,2705.34,10389.85,Mortgage,32811.39,8.48,Rejected,MasterCard,1873.93,Suggestion,Resolved,1,2023,10,October,2022,1.3,26-35
1228,31,Male,Indianapolis,Savings,9778.23,2004-10-14,2023-11-23,Deposit,1192.55,10970.78,Mortgage,26006.14,5.78,Closed,MasterCard,3461.33,Complaint,Pending,1,2023,11,November,2004,19.1,26-35
1229,39,Female,Denver,Current,1355.8,2020-05-27,2023-01-31,Deposit,4943.89,-3588.09,Auto,42642.76,6.21,Closed,MasterCard,3365.26,Complaint,Resolved,1,2023,1,January,2020,2.7,36-45
1230,65,Female,San Francisco,Savings,3406.53,2017-08-16,2023-10-27,Deposit,4548.64,-1142.11,Mortgage,23146.41,8.26,Rejected,AMEX,4193.39,Praise,Pending,1,2023,10,October,2017,6.2,56-65
1231,26,Female,Detroit,Savings,4796.3,2018-12-05,2023-04-04,Transfer,1960.08,2836.22,Mortgage,21976.7,4.7,Closed,MasterCard,662.6,Praise,Resolved,-1,2023,4,April,2018,4.3,26-35
1232,41,Male,Philadelphia,Savings,2450.01,2004-04-09,2023-09-27,Transfer,1277.57,1172.44,Personal,46755.46,7.04,Approved,Visa,1614.28,Suggestion,Pending,1,2023,9,September,2004,19.5,36-45
1233,40,Male,Dallas,Savings,223.12,2010-05-05,2023-04-08,Deposit,1542.16,-1319.04,Personal,46779.07,5.87,Approved,AMEX,3764.24,Complaint,Pending,1,2023,4,April,2010,12.9,36-45
1234,54,Female,San Francisco,Current,4739.18,2016-12-24,2023-02-21,Withdrawal,4901.04,9640.22,Mortgage,2749.87,5.5,Approved,AMEX,1243.71,Complaint,Resolved,1,2023,2,February,2016,6.2,46-55
1235,62,Male,Milwaukee,Savings,5412.5,2021-04-25,2023-12-09,Deposit,2041.25,7453.75,Mortgage,24792.69,9.86,Rejected,MasterCard,2685.45,Praise,Resolved,1,2023,12,December,2021,2.6,56-65
1236,32,Other,Fort Worth,Current,6291.8,2007-01-10,2023-10-25,Deposit,4560.53,1731.27,Auto,8886.92,1.16,Approved,MasterCard,686.39,Praise,Resolved,1,2023,10,October,2007,16.8,26-35
1237,53,Other,El Paso,Savings,8289.43,2021-07-05,2023-12-16,Deposit,304.53,7984.9,Mortgage,14411.6,4.73,Approved,MasterCard,785.18,Suggestion,Resolved,1,2023,12,December,2021,2.4,46-55
1238,31,Other,Phoenix,Current,2605.12,2019-03-21,2023-01-07,Deposit,3886.21,-1281.09,Auto,33640.88,9.37,Closed,Visa,1279.86,Complaint,Resolved,1,2023,1,January,2019,3.8,26-35
1239,69,Other,Mesa,Current,704.26,2004-11-02,2023-09-03,Transfer,3813.01,-3108.75,Personal,7335.11,9.35,Approved,MasterCard,1469.85,Praise,Resolved,1,2023,9,September,2004,18.8,65+
1240,37,Female,Mesa,Savings,989.37,2003-08-13,2023-01-18,Deposit,3258.42,-2269.05,Personal,1552.25,7.73,Rejected,AMEX,208.91,Complaint,Pending,1,2023,1,January,2003,19.4,36-45
1241,56,Male,Chicago,Current,5024.35,2010-10-19,2023-07-04,Deposit,614.38,5638.73,Mortgage,36629.06,6.33,Closed,AMEX,4279.26,Praise,Resolved,1,2023,7,July,2010,12.7,56-65
1242,53,Other,Las Vegas,Current,9230.14,2014-10-25,2023-08-18,Transfer,4907.18,4322.96,Auto,32425.87,7.22,Rejected,MasterCard,219.64,Praise,Resolved,1,2023,8,August,2014,8.8,46-55
1243,44,Female,San Francisco,Savings,9823.89,2019-07-31,2023-07-21,Deposit,1071.77,10895.66,Auto,45230.55,3.28,Rejected,AMEX,3813.94,Praise,Resolved,1,2023,7,July,2019,4.0,36-45
1244,34,Other,Colorado Springs,Current,2130.01,2016-03-05,2023-02-13,Withdrawal,3551.46,5681.47,Mortgage,27573.2,5.4,Closed,Visa,1434.92,Suggestion,Resolved,1,2023,2,February,2016,6.9,26-35
1245,43,Male,Detroit,Current,1604.48,2012-11-05,2023-04-08,Transfer,3759.87,-2155.39,Auto,47321.2,5.82,Rejected,Visa,1992.09,Suggestion,Resolved,1,2023,4,April,2012,10.4,36-45
1246,58,Other,Houston,Current,3599.37,2017-06-02,2023-03-04,Deposit,3802.0,-202.63,Mortgage,30856.35,1.57,Approved,Visa,2889.83,Suggestion,Resolved,1,2023,3,March,2017,5.8,56-65
1247,21,Other,Fort Worth,Savings,4692.51,2019-04-15,2023-06-09,Withdrawal,4131.76,8824.27,Personal,19970.37,8.8,Rejected,MasterCard,1123.64,Suggestion,Resolved,1,2023,6,June,2019,4.2,18-25
1248,20,Other,New York,Savings,8099.85,2016-06-09,2023-12-17,Deposit,4945.73,13045.58,Mortgage,30814.72,5.11,Closed,AMEX,383.63,Complaint,Pending,1,2023,12,December,2016,7.5,18-25
1249,36,Other,Nashville,Current,7768.61,2010-06-07,2023-05-23,Deposit,488.99,8257.6,Personal,37709.83,9.09,Closed,AMEX,4785.56,Praise,Pending,1,2023,5,May,2010,13.0,36-45
1250,58,Male,Denver,Current,9234.39,2016-09-14,2023-01-02,Withdrawal,2366.22,11600.61,Personal,18029.52,4.51,Approved,AMEX,4141.34,Praise,Resolved,1,2023,1,January,2016,6.3,56-65
1251,57,Female,Nashville,Current,8595.2,2002-04-06,2023-05-31,Withdrawal,4874.45,13469.65,Personal,19253.72,4.68,Approved,AMEX,3796.88,Suggestion,Resolved,1,2023,5,May,2002,21.1,56-65
1252,56,Other,Seattle,Current,4444.05,2010-12-17,2023-01-23,Withdrawal,4411.61,32.44,Auto,31866.93,3.2,Rejected,MasterCard,2672.5,Praise,Pending,1,2023,1,January,2010,12.1,56-65
1253,24,Female,Chicago,Savings,288.33,2012-08-02,2023-08-15,Deposit,4953.2,-4664.87,Auto,23324.01,6.8,Closed,AMEX,3188.21,Suggestion,Resolved,1,2023,8,August,2012,11.0,18-25
1254,53,Male,Albuquerque,Current,2442.24,2021-01-06,2023-12-13,Withdrawal,2916.35,5358.59,Mortgage,26821.69,5.94,Closed,MasterCard,4321.81,Praise,Pending,1,2023,12,December,2021,2.9,46-55
1255,36,Male,Jacksonville,Current,6139.54,2008-07-27,2023-10-09,Withdrawal,3367.52,9507.06,Auto,49122.0,9.22,Approved,AMEX,1944.37,Suggestion,Pending,1,2023,10,October,2008,15.2,36-45
1256,29,Other,Omaha,Current,5064.79,2002-12-16,2023-08-29,Deposit,1326.38,3738.41,Auto,3144.97,4.86,Rejected,Visa,522.93,Complaint,Pending,1,2023,8,August,2002,20.7,26-35
1257,37,Female,Charlotte,Savings,2477.59,2008-07-05,2023-05-21,Deposit,2297.07,4774.66,Auto,32747.12,6.83,Approved,MasterCard,4204.81,Complaint,Resolved,1,2023,5,May,2008,14.9,36-45
1258,55,Other,Phoenix,Current,1402.83,2010-04-27,2023-06-17,Deposit,114.53,1288.3,Personal,46221.39,7.37,Approved,MasterCard,313.71,Complaint,Pending,1,2023,6,June,2010,13.1,46-55
1259,29,Male,Houston,Current,2238.52,2013-05-27,2023-04-26,Deposit,3601.41,-1362.89,Personal,12574.36,3.88,Approved,AMEX,4592.87,Suggestion,Resolved,1,2023,4,April,2013,9.9,26-35
1260,46,Other,Louisville,Savings,2671.47,2009-09-04,2023-01-10,Transfer,4630.13,7301.6,Personal,11389.35,8.93,Closed,AMEX,3609.65,Praise,Pending,1,2023,1,January,2009,13.3,46-55
1261,47,Other,Houston,Current,8686.18,2021-07-17,2023-06-16,Deposit,569.62,8116.56,Personal,18786.9,4.43,Closed,AMEX,2227.16,Praise,Pending,1,2023,6,June,2021,1.9,46-55
1262,37,Female,Charlotte,Current,7131.59,2005-07-20,2023-03-31,Withdrawal,2277.35,4854.24,Personal,4629.85,6.74,Closed,Visa,3076.8,Suggestion,Pending,1,2023,3,March,2005,17.7,36-45
1263,21,Male,San Francisco,Current,5568.09,2010-02-09,2023-12-04,Withdrawal,3119.61,8687.7,Auto,28453.95,6.54,Closed,Visa,2675.18,Suggestion,Resolved,1,2023,12,December,2010,13.8,18-25
1264,19,Other,Chicago,Savings,307.32,2016-07-01,2023-12-21,Deposit,3164.57,-2857.25,Mortgage,32627.49,4.79,Rejected,MasterCard,2007.83,Praise,Pending,1,2023,12,December,2016,7.5,18-25
1265,64,Other,Jacksonville,Savings,8229.84,2007-04-14,2023-04-21,Withdrawal,1539.59,6690.25,Auto,41174.45,2.65,Closed,MasterCard,642.75,Complaint,Resolved,1,2023,4,April,2007,16.0,56-65
1266,47,Other,El Paso,Current,5569.39,2017-03-21,2023-06-29,Withdrawal,108.73,5678.12,Mortgage,4242.63,6.33,Rejected,MasterCard,4041.69,Suggestion,Resolved,1,2023,6,June,2017,6.3,46-55
1267,40,Female,Seattle,Current,6310.67,2006-03-02,2023-07-03,Transfer,4440.2,1870.47,Personal,22373.06,4.38,Closed,Visa,2938.74,Complaint,Resolved,-1,2023,7,July,2006,17.3,36-45
1268,23,Male,New York,Savings,749.9,2005-07-19,2023-09-21,Transfer,467.97,281.93,Mortgage,39426.13,4.41,Closed,MasterCard,3512.68,Suggestion,Pending,1,2023,9,September,2005,18.2,18-25
1269,35,Other,Sacramento,Savings,8167.02,2003-06-08,2023-06-30,Deposit,896.62,9063.64,Auto,38646.79,5.44,Closed,MasterCard,1042.12,Suggestion,Pending,1,2023,6,June,2003,20.1,26-35
1270,39,Other,Milwaukee,Current,8337.08,2020-08-08,2023-01-13,Transfer,4814.31,13151.39,Auto,4608.39,7.1,Closed,MasterCard,1006.51,Complaint,Resolved,1,2023,1,January,2020,2.4,36-45
1271,54,Other,New York,Current,8845.09,2018-07-12,2023-06-23,Withdrawal,2506.86,6338.23,Auto,1558.38,7.57,Rejected,AMEX,4194.95,Praise,Resolved,1,2023,6,June,2018,4.9,46-55
1272,21,Male,Chicago,Current,5328.09,2013-03-18,2023-03-27,Deposit,4371.44,956.65,Personal,39383.06,4.84,Approved,Visa,2736.76,Praise,Pending,1,2023,3,March,2013,10.0,18-25
1273,60,Female,Chicago,Savings,4001.04,2000-12-21,2023-02-05,Deposit,4485.76,8486.8,Auto,7760.9,2.08,Approved,MasterCard,2264.29,Complaint,Pending,1,2023,2,February,2000,22.1,56-65
1274,28,Female,Atlanta,Savings,823.16,2017-03-30,2023-06-20,Withdrawal,4947.32,5770.48,Auto,29311.69,8.13,Approved,MasterCard,466.32,Suggestion,Resolved,1,2023,6,June,2017,6.2,26-35
1275,58,Other,Denver,Savings,2019.46,2007-07-02,2023-04-04,Withdrawal,213.1,2232.56,Personal,5618.06,7.02,Closed,Visa,2130.95,Suggestion,Resolved,1,2023,4,April,2007,15.8,56-65
1276,52,Other,Memphis,Savings,2333.13,2008-08-14,2023-03-04,Withdrawal,274.47,2058.66,Auto,15480.05,8.21,Approved,AMEX,3517.89,Complaint,Pending,1,2023,3,March,2008,14.6,46-55
1277,28,Female,Boston,Savings,720.63,2010-10-05,2023-12-31,Withdrawal,961.7,1682.33,Personal,8743.83,3.84,Rejected,MasterCard,518.17,Complaint,Pending,-1,2023,12,December,2010,13.2,26-35
1278,51,Female,Tucson,Current,1628.31,2020-12-09,2023-03-09,Transfer,3285.43,4913.74,Auto,37083.32,9.18,Rejected,AMEX,145.89,Praise,Resolved,-1,2023,3,March,2020,2.2,46-55
1279,26,Female,Mesa,Current,8879.35,2013-01-18,2023-05-21,Withdrawal,1317.21,7562.14,Personal,33963.5,3.36,Rejected,MasterCard,2765.84,Praise,Pending,1,2023,5,May,2013,10.3,26-35
1280,48,Other,Memphis,Current,5499.49,2014-05-25,2023-05-14,Deposit,2483.17,7982.66,Personal,7629.97,3.61,Approved,MasterCard,1580.76,Suggestion,Pending,1,2023,5,May,2014,9.0,46-55
1281,59,Other,Detroit,Savings,7668.46,2012-04-23,2023-05-26,Transfer,3933.92,11602.38,Auto,3907.19,5.83,Rejected,MasterCard,4529.93,Praise,Pending,1,2023,5,May,2012,11.1,56-65
1282,49,Female,Houston,Current,2822.74,2017-02-17,2023-09-21,Deposit,937.1,3759.84,Mortgage,23850.43,9.98,Closed,AMEX,2962.81,Complaint,Resolved,1,2023,9,September,2017,6.6,46-55
1283,60,Female,Columbus,Savings,1432.52,2022-02-21,2023-06-18,Withdrawal,1436.56,-4.04,Auto,10581.85,2.82,Rejected,Visa,1502.25,Praise,Resolved,1,2023,6,June,2022,1.3,56-65
1284,52,Male,Portland,Savings,3795.21,2016-09-16,2023-11-13,Withdrawal,3640.35,7435.56,Mortgage,1398.96,8.55,Approved,Visa,1569.54,Complaint,Pending,1,2023,11,November,2016,7.2,46-55
1285,66,Other,Tucson,Current,7950.55,2014-01-19,2023-08-01,Deposit,48.35,7902.2,Auto,13949.36,1.02,Approved,AMEX,645.38,Praise,Pending,1,2023,8,August,2014,9.5,65+
1286,28,Male,Washington,Current,3043.58,2022-02-19,2023-02-25,Deposit,3789.33,-745.75,Auto,11546.94,3.14,Approved,MasterCard,2188.18,Suggestion,Resolved,1,2023,2,February,2022,1.0,26-35
1287,34,Female,Chicago,Current,2124.9,2019-09-06,2023-05-02,Withdrawal,3384.63,-1259.73,Mortgage,34563.0,4.12,Approved,AMEX,342.15,Praise,Pending,1,2023,5,May,2019,3.7,26-35
1288,68,Other,El Paso,Current,321.73,2011-10-20,2023-12-18,Transfer,656.63,978.36,Personal,43182.29,6.84,Rejected,Visa,2203.26,Praise,Resolved,1,2023,12,December,2011,12.2,65+
1289,53,Other,Nashville,Current,6277.71,2014-05-30,2023-08-22,Withdrawal,1226.85,7504.56,Mortgage,12644.31,2.02,Rejected,Visa,602.55,Complaint,Pending,1,2023,8,August,2014,9.2,46-55
1290,19,Male,El Paso,Savings,4414.64,2006-12-12,2023-12-27,Transfer,86.87,4501.51,Mortgage,11929.34,2.16,Closed,Visa,3385.87,Complaint,Resolved,1,2023,12,December,2006,17.0,18-25
1291,41,Male,Houston,Savings,2661.69,2013-09-07,2023-06-09,Withdrawal,2911.25,-249.56,Personal,20000.55,2.32,Rejected,MasterCard,3255.43,Complaint,Resolved,1,2023,6,June,2013,9.8,36-45
1292,63,Male,Nashville,Savings,5245.57,2022-09-25,2023-05-03,Transfer,1991.5,3254.07,Auto,9455.32,6.96,Closed,Visa,4191.7,Suggestion,Resolved,1,2023,5,May,2022,0.6,56-65
1293,32,Male,Atlanta,Current,7036.18,2010-03-26,2023-01-22,Withdrawal,2122.93,9159.11,Mortgage,47393.94,2.03,Approved,AMEX,4612.04,Suggestion,Resolved,1,2023,1,January,2010,12.8,26-35
1294,45,Other,Milwaukee,Current,2549.92,2011-06-13,2023-08-06,Deposit,524.89,3074.81,Mortgage,12932.8,4.58,Closed,MasterCard,3269.5,Praise,Resolved,1,2023,8,August,2011,12.1,36-45
1295,20,Female,Nashville,Current,6126.83,2012-03-14,2023-02-10,Deposit,1768.02,4358.81,Mortgage,5573.13,2.41,Rejected,Visa,771.43,Complaint,Pending,1,2023,2,February,2012,10.9,18-25
1296,46,Female,Detroit,Current,2675.51,2001-04-28,2023-12-31,Withdrawal,4595.8,-1920.29,Auto,28287.55,4.44,Approved,Visa,2541.37,Praise,Resolved,1,2023,12,December,2001,22.7,46-55
1297,69,Female,Sacramento,Savings,9867.94,2008-06-29,2023-02-14,Withdrawal,333.03,9534.91,Mortgage,27343.36,7.43,Rejected,MasterCard,4705.92,Complaint,Pending,1,2023,2,February,2008,14.6,65+
1298,62,Male,Kansas City,Current,7350.66,2020-08-10,2023-09-18,Transfer,4875.04,2475.62,Auto,31963.79,3.5,Approved,Visa,996.38,Praise,Pending,1,2023,9,September,2020,3.1,56-65
1299,30,Female,Las Vegas,Current,6066.32,2000-06-16,2023-01-12,Transfer,4241.57,1824.75,Mortgage,48368.43,6.56,Closed,MasterCard,1946.68,Suggestion,Resolved,1,2023,1,January,2000,22.6,26-35
1300,67,Male,Austin,Current,1806.07,2020-05-25,2023-08-21,Withdrawal,1022.92,2828.99,Mortgage,16850.87,3.24,Rejected,MasterCard,3740.27,Complaint,Resolved,1,2023,8,August,2020,3.2,65+
1301,39,Male,Memphis,Current,5905.3,2019-04-19,2023-08-21,Transfer,3530.06,9435.36,Personal,18619.0,7.64,Approved,Visa,3816.41,Suggestion,Resolved,1,2023,8,August,2019,4.3,36-45
1302,69,Female,Chicago,Current,8024.52,2019-06-25,2023-10-15,Deposit,463.82,7560.7,Mortgage,17514.98,7.99,Rejected,MasterCard,4746.99,Suggestion,Resolved,1,2023,10,October,2019,4.3,65+
1303,48,Female,New York,Savings,7397.36,2021-12-24,2023-10-01,Deposit,806.73,8204.09,Personal,31802.85,3.79,Approved,MasterCard,1235.84,Suggestion,Resolved,1,2023,10,October,2021,1.8,46-55
1304,24,Female,Denver,Current,7802.45,2009-01-04,2023-07-21,Withdrawal,2444.93,5357.52,Personal,30599.38,1.21,Rejected,AMEX,4291.5,Praise,Pending,1,2023,7,July,2009,14.5,18-25
1305,65,Other,Washington,Current,3246.22,2004-10-01,2023-11-16,Deposit,2008.28,5254.5,Auto,26911.55,2.16,Closed,Visa,262.54,Praise,Resolved,1,2023,11,November,2004,19.1,56-65
1306,65,Male,Columbus,Current,3349.81,2019-12-07,2023-03-28,Transfer,4076.99,-727.18,Mortgage,18851.97,5.42,Rejected,Visa,728.99,Praise,Pending,1,2023,3,March,2019,3.3,56-65
1307,43,Other,Columbus,Savings,5434.95,2016-09-06,2023-06-30,Withdrawal,4696.88,10131.83,Mortgage,21954.83,4.44,Rejected,MasterCard,4715.19,Suggestion,Resolved,1,2023,6,June,2016,6.8,36-45
1308,48,Female,Indianapolis,Current,2858.71,2002-04-26,2023-06-19,Deposit,4714.65,7573.36,Personal,39832.85,4.11,Approved,Visa,4403.77,Praise,Resolved,1,2023,6,June,2002,21.1,46-55
1309,55,Other,Tucson,Savings,1218.83,2002-06-06,2023-08-17,Withdrawal,743.54,475.29,Personal,30853.09,6.21,Rejected,AMEX,304.68,Suggestion,Pending,1,2023,8,August,2002,21.2,46-55
1310,55,Other,San Jose,Savings,4665.11,2017-10-25,2023-03-23,Deposit,3434.28,8099.39,Auto,36099.08,2.45,Closed,AMEX,338.14,Praise,Resolved,1,2023,3,March,2017,5.4,46-55
1311,21,Female,Kansas City,Current,119.05,2011-02-05,2023-12-16,Deposit,2858.23,-2739.18,Auto,14559.76,5.11,Rejected,AMEX,1759.6,Suggestion,Pending,1,2023,12,December,2011,12.9,18-25
1312,52,Female,Fort Worth,Current,7631.51,2008-07-23,2023-07-30,Deposit,1857.45,5774.06,Personal,45663.11,2.83,Approved,AMEX,1999.9,Suggestion,Pending,1,2023,7,July,2008,15.0,46-55
1313,50,Male,Kansas City,Current,7521.9,2011-09-04,2023-06-15,Deposit,4974.19,12496.09,Mortgage,2722.97,9.83,Rejected,Visa,2339.15,Complaint,Resolved,1,2023,6,June,2011,11.8,46-55
1314,20,Male,Colorado Springs,Current,5563.97,2004-12-22,2023-01-28,Withdrawal,2285.67,7849.64,Auto,30189.15,1.44,Closed,MasterCard,2742.47,Complaint,Pending,1,2023,1,January,2004,18.1,18-25
1315,36,Other,Tucson,Savings,7501.43,2008-09-15,2023-01-22,Deposit,3330.0,4171.43,Mortgage,40805.15,1.14,Rejected,MasterCard,653.15,Suggestion,Pending,1,2023,1,January,2008,14.4,36-45
1316,26,Female,Tucson,Savings,6282.83,2013-09-29,2023-10-29,Deposit,2519.18,8802.01,Personal,43447.99,6.08,Approved,AMEX,4932.07,Suggestion,Resolved,1,2023,10,October,2013,10.1,26-35
1317,63,Male,Memphis,Savings,7004.81,2008-01-22,2023-10-21,Deposit,523.49,7528.3,Personal,16658.03,1.56,Rejected,AMEX,4789.2,Complaint,Resolved,1,2023,10,October,2008,15.7,56-65
1318,36,Male,Phoenix,Savings,740.09,2016-12-01,2023-02-01,Withdrawal,714.09,1454.18,Personal,23527.79,8.3,Closed,AMEX,2044.23,Praise,Resolved,1,2023,2,February,2016,6.2,36-45
1319,36,Other,Philadelphia,Current,8824.53,2018-10-20,2023-11-07,Deposit,3753.21,12577.74,Auto,2709.57,8.38,Rejected,Visa,2438.65,Praise,Resolved,1,2023,11,November,2018,5.0,36-45
1320,43,Other,Milwaukee,Current,6474.92,2010-10-11,2023-12-11,Deposit,4010.4,10485.32,Auto,39698.51,4.89,Approved,MasterCard,1815.74,Complaint,Pending,1,2023,12,December,2010,13.2,36-45
1321,30,Other,Indianapolis,Savings,6145.25,2016-12-24,2023-05-17,Deposit,1825.45,7970.7,Personal,7104.03,8.55,Closed,MasterCard,3253.4,Praise,Resolved,1,2023,5,May,2016,6.4,26-35
1322,39,Female,Milwaukee,Savings,3933.69,2015-05-12,2023-10-20,Withdrawal,344.13,3589.56,Mortgage,21975.99,7.66,Rejected,MasterCard,3496.53,Suggestion,Pending,1,2023,10,October,2015,8.4,36-45
1323,65,Male,Boston,Savings,378.54,2010-03-31,2023-03-06,Deposit,4785.46,-4406.92,Auto,49549.64,2.22,Closed,Visa,2676.94,Complaint,Pending,1,2023,3,March,2010,12.9,56-65
1324,25,Male,Tucson,Savings,9024.47,2007-10-28,2023-12-15,Deposit,2490.39,11514.86,Personal,45969.12,8.74,Approved,AMEX,4621.51,Suggestion,Resolved,1,2023,12,December,2007,16.1,18-25
1325,41,Male,San Jose,Current,9858.09,2010-09-01,2023-03-20,Withdrawal,679.4,10537.49,Personal,17171.15,8.87,Closed,AMEX,1733.44,Suggestion,Resolved,1,2023,3,March,2010,12.5,36-45
1326,43,Other,Jacksonville,Savings,8097.09,2015-01-09,2023-11-12,Transfer,1000.31,7096.78,Mortgage,11970.15,3.9,Closed,AMEX,1300.29,Complaint,Resolved,1,2023,11,November,2015,8.8,36-45
1327,65,Female,Las Vegas,Savings,9158.89,2013-11-30,2023-09-12,Withdrawal,236.35,8922.54,Auto,13332.93,7.97,Closed,MasterCard,3278.37,Suggestion,Pending,1,2023,9,September,2013,9.8,56-65
1328,58,Other,Jacksonville,Savings,1297.48,2020-06-23,2023-12-07,Transfer,3552.18,4849.66,Auto,34554.5,9.08,Approved,Visa,812.9,Complaint,Resolved,1,2023,12,December,2020,3.5,56-65
1329,58,Other,Milwaukee,Savings,1373.88,2016-08-09,2023-03-04,Transfer,3523.43,-2149.55,Personal,36564.07,7.71,Closed,Visa,2886.17,Complaint,Pending,1,2023,3,March,2016,6.6,56-65
1330,20,Female,San Jose,Current,8808.1,2003-05-22,2023-03-17,Transfer,3016.5,11824.6,Personal,11608.16,1.85,Rejected,Visa,1616.43,Suggestion,Resolved,1,2023,3,March,2003,19.8,18-25
1331,24,Female,Chicago,Savings,669.31,2008-11-03,2023-10-09,Transfer,2736.04,3405.35,Auto,12759.51,1.85,Closed,MasterCard,686.57,Complaint,Resolved,1,2023,10,October,2008,14.9,18-25
1332,69,Other,Fresno,Savings,1022.71,2011-12-26,2023-10-28,Transfer,1913.64,2936.35,Personal,16846.07,9.84,Rejected,AMEX,1582.32,Complaint,Pending,1,2023,10,October,2011,11.8,65+
1333,67,Female,Louisville,Savings,8186.79,2005-12-17,2023-12-17,Withdrawal,4753.66,3433.13,Mortgage,22225.72,5.87,Closed,MasterCard,1012.71,Complaint,Pending,1,2023,12,December,2005,18.0,65+
1334,19,Other,Denver,Savings,5614.05,2015-01-03,2023-02-04,Deposit,4004.6,1609.45,Personal,45956.07,6.8,Rejected,Visa,3147.46,Complaint,Resolved,1,2023,2,February,2015,8.1,18-25
1335,50,Male,El Paso,Savings,3978.1,2008-01-02,2023-03-19,Withdrawal,4539.03,-560.93,Mortgage,2298.88,9.21,Approved,Visa,258.57,Praise,Pending,1,2023,3,March,2008,15.2,46-55
1336,29,Female,Albuquerque,Current,5579.14,2017-07-16,2023-09-20,Withdrawal,1565.18,4013.96,Auto,32271.67,1.07,Approved,AMEX,4091.68,Suggestion,Pending,1,2023,9,September,2017,6.2,26-35
1337,65,Male,San Jose,Savings,8799.6,2014-06-10,2023-02-22,Deposit,4891.64,13691.24,Personal,43223.18,4.84,Closed,AMEX,2921.21,Praise,Pending,1,2023,2,February,2014,8.7,56-65
1338,29,Female,Tucson,Savings,7595.61,2003-08-21,2023-10-24,Deposit,835.1,6760.51,Auto,36444.82,6.1,Rejected,MasterCard,4285.36,Complaint,Pending,1,2023,10,October,2003,20.2,26-35
1339,27,Other,Fresno,Savings,6946.91,2014-09-11,2023-01-04,Withdrawal,290.8,7237.71,Auto,11620.36,1.02,Closed,Visa,801.36,Praise,Pending,1,2023,1,January,2014,8.3,26-35
1340,58,Other,Tucson,Savings,9771.17,2003-12-04,2023-01-02,Withdrawal,1606.0,11377.17,Mortgage,24360.59,6.62,Closed,MasterCard,2361.14,Suggestion,Resolved,1,2023,1,January,2003,19.1,56-65
1341,44,Other,Phoenix,Current,5260.94,2005-01-30,2023-10-18,Withdrawal,1014.42,6275.36,Personal,45603.75,8.66,Closed,Visa,3339.71,Suggestion,Resolved,1,2023,10,October,2005,18.7,36-45
1342,35,Other,Chicago,Current,162.61,2004-03-12,2023-12-27,Withdrawal,2592.44,-2429.83,Auto,6670.16,1.49,Rejected,Visa,729.14,Praise,Resolved,1,2023,12,December,2004,19.8,26-35
1343,21,Other,San Antonio,Current,4347.43,2018-10-14,2023-05-21,Deposit,1757.49,2589.94,Mortgage,49388.05,8.24,Rejected,Visa,69.73,Praise,Resolved,-1,2023,5,May,2018,4.6,18-25
1344,57,Other,Las Vegas,Savings,1056.06,2013-08-03,2023-04-25,Transfer,867.01,1923.07,Mortgage,8037.56,9.8,Closed,MasterCard,4715.07,Complaint,Pending,1,2023,4,April,2013,9.7,56-65
1345,40,Female,Washington,Current,1252.89,2004-02-04,2023-04-25,Withdrawal,4222.85,5475.74,Mortgage,7978.46,9.28,Approved,Visa,3903.75,Praise,Pending,1,2023,4,April,2004,19.2,36-45
1346,38,Female,El Paso,Savings,2623.52,2022-09-02,2023-09-20,Transfer,2544.77,78.75,Auto,40830.11,5.83,Approved,AMEX,3911.04,Suggestion,Pending,1,2023,9,September,2022,1.0,36-45
1347,53,Male,Baltimore,Current,3875.54,2005-04-12,2023-05-04,Transfer,556.55,3318.99,Auto,41588.98,8.74,Approved,AMEX,4602.61,Complaint,Resolved,-1,2023,5,May,2005,18.1,46-55
1348,47,Female,Seattle,Current,4867.84,2016-02-19,2023-09-07,Withdrawal,385.91,4481.93,Mortgage,2858.01,7.94,Rejected,MasterCard,2890.61,Complaint,Pending,1,2023,9,September,2016,7.5,46-55
1349,65,Female,Albuquerque,Current,1781.22,2021-02-23,2023-10-22,Withdrawal,1922.07,3703.29,Personal,9246.96,8.36,Rejected,Visa,3207.79,Complaint,Resolved,1,2023,10,October,2021,2.7,56-65
1350,38,Male,San Antonio,Current,3186.03,2005-02-10,2023-04-01,Deposit,4540.83,-1354.8,Mortgage,47477.86,4.58,Closed,AMEX,1044.91,Complaint,Pending,1,2023,4,April,2005,18.1,36-45
1351,40,Male,Tucson,Savings,2837.74,2022-04-09,2023-02-18,Transfer,2544.92,292.82,Auto,14687.92,5.28,Rejected,AMEX,2351.91,Praise,Resolved,1,2023,2,February,2022,0.9,36-45
1352,38,Other,Phoenix,Current,3715.95,2010-09-10,2023-09-30,Withdrawal,704.29,3011.66,Personal,1599.74,3.15,Closed,Visa,787.96,Suggestion,Resolved,1,2023,9,September,2010,13.1,36-45
1353,25,Male,Louisville,Current,1169.11,2015-02-20,2023-06-02,Withdrawal,1240.7,-71.59,Mortgage,13448.06,1.46,Approved,Visa,494.25,Complaint,Resolved,1,2023,6,June,2015,8.3,18-25
1354,56,Male,San Diego,Savings,4033.68,2013-11-28,2023-08-10,Deposit,256.9,3776.78,Auto,37036.2,6.38,Closed,AMEX,1276.63,Complaint,Pending,1,2023,8,August,2013,9.7,56-65
1355,30,Female,Charlotte,Current,5588.07,2010-05-01,2023-05-22,Withdrawal,4160.88,1427.19,Auto,45906.22,3.79,Rejected,AMEX,2297.57,Complaint,Resolved,1,2023,5,May,2010,13.1,26-35
1356,57,Other,Houston,Current,1059.79,2001-04-13,2023-08-09,Transfer,4730.8,5790.59,Mortgage,8602.67,5.52,Approved,AMEX,3191.22,Suggestion,Pending,1,2023,8,August,2001,22.3,56-65
1357,39,Male,Fresno,Current,5255.63,2022-05-10,2023-09-18,Withdrawal,398.29,4857.34,Personal,11996.28,9.66,Rejected,AMEX,2521.64,Praise,Pending,1,2023,9,September,2022,1.4,36-45
1358,24,Other,Phoenix,Savings,7583.54,2012-08-22,2023-07-18,Withdrawal,873.18,6710.36,Personal,22635.03,1.57,Approved,Visa,4472.27,Suggestion,Pending,1,2023,7,July,2012,10.9,18-25
1359,41,Other,Tucson,Savings,181.57,2004-08-12,2023-03-24,Deposit,863.63,1045.2,Mortgage,37666.82,8.86,Rejected,MasterCard,1634.2,Suggestion,Pending,1,2023,3,March,2004,18.6,36-45
1360,22,Male,Phoenix,Current,570.53,2000-10-11,2023-08-01,Transfer,4020.49,-3449.96,Auto,33276.15,1.78,Rejected,Visa,4234.06,Complaint,Resolved,1,2023,8,August,2000,22.8,18-25
1361,67,Male,Kansas City,Current,4718.1,2013-07-03,2023-11-03,Transfer,4197.97,520.13,Mortgage,17049.15,6.88,Approved,MasterCard,2178.6,Praise,Resolved,1,2023,11,November,2013,10.3,65+
1362,43,Male,Fresno,Savings,8740.5,2015-02-02,2023-08-01,Transfer,2102.18,10842.68,Auto,4251.24,4.09,Approved,Visa,690.14,Suggestion,Pending,1,2023,8,August,2015,8.5,36-45
1363,68,Male,Detroit,Savings,9978.11,2006-10-20,2023-09-30,Withdrawal,4846.96,5131.15,Auto,13395.07,1.9,Approved,Visa,4329.2,Complaint,Pending,1,2023,9,September,2006,16.9,65+
1364,27,Other,New York,Current,1024.6,2003-03-08,2023-05-06,Withdrawal,1304.79,-280.19,Auto,11758.61,7.81,Closed,MasterCard,2446.54,Praise,Resolved,1,2023,5,May,2003,20.2,26-35
1365,28,Female,Houston,Savings,281.59,2004-04-20,2023-03-02,Withdrawal,2630.35,2911.94,Auto,2031.63,7.29,Closed,AMEX,700.15,Praise,Pending,1,2023,3,March,2004,18.9,26-35
1366,57,Other,Colorado Springs,Current,2364.82,2010-12-23,2023-12-13,Transfer,4981.48,7346.3,Mortgage,48776.96,6.76,Rejected,AMEX,940.79,Praise,Resolved,1,2023,12,December,2010,13.0,56-65
1367,55,Other,Detroit,Savings,4727.96,2021-07-12,2023-01-31,Transfer,4137.25,8865.21,Auto,13513.21,9.68,Rejected,Visa,360.9,Suggestion,Resolved,-1,2023,1,January,2021,1.6,46-55
1368,28,Other,Tucson,Savings,5760.78,2012-12-25,2023-01-15,Transfer,2441.05,3319.73,Personal,41990.22,1.21,Approved,MasterCard,3221.11,Praise,Pending,1,2023,1,January,2012,10.1,26-35
1369,65,Male,Tucson,Current,9737.5,2001-01-24,2023-12-26,Transfer,551.54,9185.96,Personal,24758.22,4.91,Rejected,AMEX,1815.75,Complaint,Pending,1,2023,12,December,2001,22.9,56-65
1370,47,Male,San Diego,Current,8895.79,2001-07-10,2023-02-09,Withdrawal,4522.72,13418.51,Mortgage,48642.25,6.06,Approved,Visa,4832.09,Suggestion,Pending,1,2023,2,February,2001,21.6,46-55
1371,21,Female,Oklahoma City,Current,5664.78,2017-12-06,2023-11-17,Deposit,2715.21,8379.99,Auto,8328.1,4.22,Approved,Visa,2692.17,Complaint,Pending,1,2023,11,November,2017,5.9,18-25
1372,19,Female,Indianapolis,Savings,3680.97,2005-06-23,2023-10-03,Transfer,1548.65,2132.32,Auto,6422.98,7.03,Rejected,Visa,1227.24,Complaint,Pending,1,2023,10,October,2005,18.3,18-25
1373,30,Female,Nashville,Current,3280.84,2021-03-29,2023-08-21,Deposit,2261.58,1019.26,Auto,1120.68,9.09,Approved,AMEX,2944.5,Suggestion,Pending,1,2023,8,August,2021,2.4,26-35
1374,56,Other,Detroit,Current,5768.98,2006-11-09,2023-11-17,Transfer,1561.53,4207.45,Mortgage,36203.91,7.27,Rejected,Visa,4883.54,Praise,Pending,1,2023,11,November,2006,17.0,56-65
1375,34,Female,El Paso,Savings,7241.39,2009-08-26,2023-10-15,Deposit,2759.77,4481.62,Personal,16012.44,6.12,Approved,Visa,115.66,Suggestion,Pending,1,2023,10,October,2009,14.1,26-35
1376,40,Other,Seattle,Savings,4868.49,2016-10-25,2023-08-28,Deposit,1371.95,3496.54,Auto,43647.39,7.64,Closed,AMEX,849.19,Complaint,Pending,-1,2023,8,August,2016,6.8,36-45
1377,62,Male,Milwaukee,Current,3113.55,2014-08-03,2023-05-30,Deposit,2235.46,878.09,Personal,32056.44,1.99,Approved,MasterCard,4640.78,Suggestion,Pending,1,2023,5,May,2014,8.8,56-65
1378,27,Other,Fort Worth,Savings,6170.34,2003-06-30,2023-03-03,Withdrawal,2137.04,8307.38,Auto,29294.16,6.67,Rejected,Visa,122.79,Complaint,Resolved,1,2023,3,March,2003,19.7,26-35
1379,30,Male,New York,Current,5623.63,2020-01-23,2023-08-09,Deposit,3084.19,8707.82,Auto,24857.69,4.67,Closed,Visa,4816.74,Praise,Pending,1,2023,8,August,2020,3.5,26-35
1380,59,Male,Dallas,Savings,4330.95,2008-12-10,2023-09-08,Withdrawal,80.69,4250.26,Personal,13650.51,3.87,Rejected,Visa,3139.12,Suggestion,Pending,1,2023,9,September,2008,14.7,56-65
1381,56,Female,Chicago,Savings,7508.72,2017-03-19,2023-01-11,Deposit,2997.77,4510.95,Mortgage,4169.74,5.56,Approved,MasterCard,1158.37,Suggestion,Resolved,1,2023,1,January,2017,5.8,56-65
1382,59,Male,Detroit,Savings,2893.99,2011-07-27,2023-02-07,Withdrawal,2969.64,-75.65,Auto,22734.83,8.24,Approved,AMEX,448.42,Suggestion,Pending,1,2023,2,February,2011,11.5,56-65
1383,46,Female,Dallas,Savings,4900.76,2005-07-28,2023-03-06,Transfer,1967.52,6868.28,Mortgage,5856.86,4.71,Rejected,MasterCard,520.67,Praise,Resolved,1,2023,3,March,2005,17.6,46-55
1384,33,Female,Indianapolis,Current,9409.36,2015-11-28,2023-07-10,Transfer,1242.03,10651.39,Auto,45380.83,7.32,Rejected,AMEX,4188.76,Suggestion,Pending,1,2023,7,July,2015,7.6,26-35
1385,20,Female,Las Vegas,Savings,7256.0,2003-09-14,2023-02-07,Deposit,4197.86,3058.14,Auto,41637.13,6.3,Closed,Visa,4107.15,Complaint,Resolved,1,2023,2,February,2003,19.4,18-25
1386,53,Other,Columbus,Current,3940.92,2015-06-12,2023-09-12,Withdrawal,1730.47,5671.39,Auto,31368.3,9.25,Closed,MasterCard,4169.32,Suggestion,Pending,1,2023,9,September,2015,8.3,46-55
1387,21,Female,Chicago,Savings,5507.16,2008-01-26,2023-09-26,Transfer,1565.53,3941.63,Auto,23169.54,5.0,Closed,Visa,4803.22,Suggestion,Resolved,1,2023,9,September,2008,15.7,18-25
1388,53,Female,Fresno,Current,4114.27,2011-06-12,2023-09-01,Withdrawal,2321.2,6435.47,Mortgage,23255.57,8.38,Rejected,AMEX,1952.96,Praise,Pending,1,2023,9,September,2011,12.2,46-55
1389,33,Male,Tucson,Current,1214.23,2013-08-04,2023-10-07,Withdrawal,1397.17,2611.4,Mortgage,23761.24,8.58,Rejected,Visa,4579.2,Praise,Pending,1,2023,10,October,2013,10.2,26-35
1390,58,Other,Las Vegas,Savings,3415.88,2016-10-28,2023-10-19,Transfer,4155.51,7571.39,Personal,37527.69,5.18,Rejected,AMEX,807.52,Complaint,Pending,1,2023,10,October,2016,7.0,56-65
1391,23,Female,Dallas,Current,8618.39,2000-04-30,2023-05-28,Withdrawal,2829.09,11447.48,Mortgage,7184.05,5.4,Rejected,AMEX,4696.0,Complaint,Pending,1,2023,5,May,2000,23.1,18-25
1392,59,Female,San Jose,Current,4665.9,2004-01-20,2023-02-12,Withdrawal,3774.35,891.55,Mortgage,27033.49,4.0,Rejected,Visa,1218.26,Suggestion,Pending,1,2023,2,February,2004,19.1,56-65
1393,45,Female,Los Angeles,Current,5887.91,2022-06-14,2023-04-19,Withdrawal,3729.46,2158.45,Personal,40820.67,5.46,Approved,MasterCard,2040.03,Complaint,Pending,1,2023,4,April,2022,0.8,36-45
1394,53,Male,San Antonio,Current,1896.32,2021-05-18,2023-04-09,Transfer,3943.15,-2046.83,Personal,25996.17,3.24,Approved,Visa,2576.78,Suggestion,Pending,1,2023,4,April,2021,1.9,46-55
1395,40,Male,Nashville,Current,3626.69,2012-01-25,2023-02-12,Withdrawal,4347.34,-720.65,Auto,1673.32,8.72,Approved,MasterCard,4015.91,Praise,Resolved,1,2023,2,February,2012,11.0,36-45
1396,29,Male,Denver,Current,9299.13,2021-11-06,2023-12-06,Transfer,4598.13,4701.0,Personal,12989.84,3.25,Closed,AMEX,1946.42,Complaint,Resolved,1,2023,12,December,2021,2.1,26-35
1397,59,Female,Boston,Savings,3211.03,2001-05-14,2023-04-14,Withdrawal,1924.21,1286.82,Mortgage,33760.65,3.32,Approved,Visa,1707.8,Complaint,Resolved,-1,2023,4,April,2001,21.9,56-65
1398,48,Female,Washington,Current,2580.55,2019-04-23,2023-07-12,Withdrawal,2224.15,4804.7,Personal,46775.78,9.06,Rejected,Visa,4913.89,Complaint,Pending,1,2023,7,July,2019,4.2,46-55
1399,29,Female,Austin,Current,653.41,2016-07-04,2023-04-25,Transfer,259.79,393.62,Auto,44793.66,5.79,Approved,MasterCard,372.91,Praise,Pending,1,2023,4,April,2016,6.8,26-35
1400,49,Female,Tucson,Current,1062.59,2011-08-11,2023-02-15,Transfer,4629.27,5691.86,Mortgage,41312.54,1.95,Rejected,MasterCard,127.95,Complaint,Pending,1,2023,2,February,2011,11.5,46-55
1401,42,Female,Albuquerque,Savings,5889.41,2012-04-23,2023-03-03,Withdrawal,2939.85,8829.26,Auto,47558.04,4.11,Approved,AMEX,283.46,Complaint,Pending,1,2023,3,March,2012,10.9,36-45
1402,68,Male,Nashville,Savings,6634.32,2008-02-22,2023-04-24,Withdrawal,3564.45,10198.77,Mortgage,14715.97,7.35,Closed,MasterCard,4570.96,Complaint,Resolved,1,2023,4,April,2008,15.2,65+
1403,46,Female,Colorado Springs,Savings,6451.65,2015-07-21,2023-07-17,Deposit,2185.67,8637.32,Personal,1607.49,4.65,Rejected,MasterCard,1163.92,Complaint,Pending,1,2023,7,July,2015,8.0,46-55
1404,36,Other,Oklahoma City,Current,5444.31,2002-01-24,2023-09-09,Withdrawal,2374.5,7818.81,Personal,18364.36,4.81,Rejected,MasterCard,218.48,Suggestion,Pending,1,2023,9,September,2002,21.6,36-45
1405,39,Female,San Diego,Savings,4960.62,2014-07-28,2023-04-15,Transfer,2720.45,7681.07,Personal,29273.54,5.49,Approved,Visa,3643.82,Praise,Resolved,1,2023,4,April,2014,8.7,36-45
1406,41,Male,Atlanta,Savings,814.2,2016-09-03,2023-01-29,Withdrawal,3978.83,4793.03,Personal,16506.83,3.0,Approved,MasterCard,3202.16,Complaint,Pending,1,2023,1,January,2016,6.4,36-45
1407,50,Female,Dallas,Savings,8422.88,2006-05-03,2023-06-18,Deposit,3068.71,11491.59,Personal,3165.98,4.82,Closed,AMEX,3958.73,Complaint,Resolved,1,2023,6,June,2006,17.1,46-55
1408,53,Other,Boston,Current,5179.5,2021-07-29,2023-01-15,Withdrawal,4057.94,9237.44,Mortgage,25852.16,2.94,Rejected,MasterCard,2618.6,Suggestion,Pending,1,2023,1,January,2021,1.5,46-55
1409,62,Female,Boston,Savings,1405.96,2006-04-16,2023-05-02,Deposit,1091.26,2497.22,Auto,10785.12,4.16,Approved,Visa,885.74,Complaint,Pending,1,2023,5,May,2006,17.0,56-65
1410,57,Other,Tucson,Savings,1444.91,2012-05-31,2023-12-23,Transfer,1037.14,407.77,Auto,36650.99,5.79,Approved,MasterCard,1453.02,Praise,Pending,1,2023,12,December,2012,11.6,56-65
1411,63,Other,Los Angeles,Current,5178.27,2010-01-27,2023-01-19,Transfer,1042.0,4136.27,Auto,5370.88,7.24,Rejected,MasterCard,305.98,Suggestion,Resolved,1,2023,1,January,2010,13.0,56-65
1412,33,Male,Denver,Current,2521.31,2001-01-21,2023-12-03,Withdrawal,34.17,2555.48,Auto,47948.16,6.71,Closed,MasterCard,3519.25,Complaint,Resolved,1,2023,12,December,2001,22.9,26-35
1413,19,Other,Oklahoma City,Savings,9227.45,2004-01-25,2023-04-06,Deposit,903.53,10130.98,Personal,43957.34,6.18,Rejected,MasterCard,3238.35,Complaint,Resolved,1,2023,4,April,2004,19.2,18-25
1414,25,Female,Memphis,Current,5039.59,2006-12-18,2023-10-11,Transfer,602.55,5642.14,Auto,43818.85,6.36,Rejected,AMEX,3403.09,Praise,Pending,1,2023,10,October,2006,16.8,18-25
1415,30,Other,Philadelphia,Savings,9786.34,2012-11-24,2023-07-05,Withdrawal,2274.23,7512.11,Auto,39704.64,5.6,Closed,AMEX,4888.21,Praise,Pending,1,2023,7,July,2012,10.6,26-35
1416,47,Female,San Francisco,Current,7368.17,2019-07-08,2023-02-22,Transfer,644.93,8013.1,Mortgage,32045.88,6.53,Rejected,AMEX,301.03,Complaint,Resolved,1,2023,2,February,2019,3.6,46-55
1417,18,Female,Boston,Savings,8125.92,2016-09-28,2023-10-25,Withdrawal,2085.1,6040.82,Mortgage,3618.02,4.38,Rejected,MasterCard,325.39,Suggestion,Resolved,-1,2023,10,October,2016,7.1,18-25
1418,29,Female,Kansas City,Current,3949.9,2022-10-20,2023-11-25,Deposit,4997.52,8947.42,Personal,33458.87,9.1,Approved,MasterCard,3691.94,Praise,Pending,1,2023,11,November,2022,1.1,26-35
1419,66,Female,Houston,Current,1426.81,2005-08-11,2023-04-01,Withdrawal,2521.8,3948.61,Mortgage,37599.44,6.32,Closed,MasterCard,4863.81,Praise,Pending,-1,2023,4,April,2005,17.6,65+
1420,24,Male,Baltimore,Current,6927.99,2014-05-05,2023-01-19,Transfer,4623.99,11551.98,Personal,7410.18,9.43,Closed,AMEX,2713.58,Praise,Resolved,1,2023,1,January,2014,8.7,18-25
1421,65,Female,Oklahoma City,Savings,4130.0,2002-05-06,2023-03-18,Withdrawal,3512.52,7642.52,Auto,31172.05,4.64,Closed,MasterCard,4063.47,Suggestion,Pending,1,2023,3,March,2002,20.9,56-65
1422,31,Male,Chicago,Savings,9493.93,2003-02-17,2023-05-10,Transfer,4472.66,13966.59,Auto,24464.51,4.55,Approved,MasterCard,3046.94,Complaint,Pending,1,2023,5,May,2003,20.2,26-35
1423,59,Other,El Paso,Savings,2016.96,2007-10-08,2023-05-26,Deposit,3131.65,-1114.69,Personal,24149.64,9.69,Closed,AMEX,4661.98,Suggestion,Resolved,1,2023,5,May,2007,15.6,56-65
1424,52,Female,Seattle,Current,6302.38,2022-11-01,2023-09-02,Transfer,4052.37,2250.01,Auto,10773.65,7.56,Rejected,MasterCard,998.1,Praise,Resolved,-1,2023,9,September,2022,0.8,46-55
1425,45,Other,Detroit,Current,8674.01,2019-02-15,2023-06-30,Transfer,1520.97,10194.98,Personal,37232.47,5.67,Rejected,AMEX,1810.53,Suggestion,Pending,1,2023,6,June,2019,4.4,36-45
1426,29,Male,Mesa,Savings,4088.01,2006-03-16,2023-05-16,Deposit,1865.83,2222.18,Mortgage,46331.11,7.47,Rejected,MasterCard,3063.76,Praise,Pending,1,2023,5,May,2006,17.2,26-35
1427,57,Female,San Diego,Current,9541.31,2017-04-27,2023-07-31,Deposit,4801.7,4739.61,Mortgage,39602.36,4.57,Closed,AMEX,993.1,Suggestion,Pending,1,2023,7,July,2017,6.3,56-65
1428,65,Female,San Francisco,Savings,858.5,2000-07-16,2023-05-17,Withdrawal,1344.99,2203.49,Auto,19082.58,7.83,Closed,AMEX,4170.73,Praise,Resolved,1,2023,5,May,2000,22.8,56-65
1429,41,Male,Milwaukee,Savings,5910.56,2009-06-07,2023-07-24,Deposit,2112.65,8023.21,Mortgage,49224.69,2.89,Closed,MasterCard,3989.62,Suggestion,Resolved,1,2023,7,July,2009,14.1,36-45
1430,18,Other,Atlanta,Savings,7796.13,2015-03-25,2023-05-29,Transfer,3259.28,11055.41,Personal,18844.34,9.56,Approved,MasterCard,3594.73,Suggestion,Resolved,1,2023,5,May,2015,8.2,18-25
1431,34,Male,Tucson,Current,2097.89,2017-10-21,2023-12-14,Withdrawal,1968.09,4065.98,Mortgage,12486.77,5.15,Approved,MasterCard,3100.53,Complaint,Resolved,1,2023,12,December,2017,6.1,26-35
1432,55,Other,Portland,Savings,672.79,2015-01-26,2023-02-13,Deposit,114.52,558.27,Auto,48436.15,1.84,Rejected,Visa,1096.01,Suggestion,Resolved,1,2023,2,February,2015,8.0,46-55
1433,45,Other,Houston,Savings,890.99,2019-11-22,2023-03-01,Transfer,3963.23,4854.22,Auto,39701.01,8.61,Rejected,AMEX,4350.0,Complaint,Resolved,1,2023,3,March,2019,3.3,36-45
1434,50,Other,Washington,Savings,3260.37,2020-06-15,2023-11-23,Deposit,1684.89,4945.26,Personal,38300.96,9.05,Closed,AMEX,2887.85,Suggestion,Pending,1,2023,11,November,2020,3.4,46-55
1435,41,Female,Detroit,Savings,2309.4,2022-12-30,2023-09-06,Transfer,1146.05,1163.35,Mortgage,4794.17,7.57,Closed,AMEX,1059.52,Praise,Pending,1,2023,9,September,2022,0.7,36-45
1436,64,Male,Albuquerque,Savings,2316.51,2015-01-25,2023-05-06,Deposit,2532.77,4849.28,Mortgage,10409.16,6.67,Closed,AMEX,3684.61,Praise,Resolved,1,2023,5,May,2015,8.3,56-65
1437,62,Female,Las Vegas,Current,4639.36,2006-06-10,2023-02-14,Withdrawal,52.08,4587.28,Personal,1907.38,9.36,Approved,Visa,158.37,Complaint,Pending,1,2023,2,February,2006,16.7,56-65
1438,23,Male,Sacramento,Current,940.84,2007-08-07,2023-01-02,Withdrawal,4320.83,5261.67,Personal,39055.81,6.6,Rejected,AMEX,1090.13,Suggestion,Resolved,1,2023,1,January,2007,15.4,18-25
1439,38,Other,Atlanta,Savings,9955.46,2016-02-10,2023-06-11,Withdrawal,1314.14,8641.32,Personal,14633.91,8.12,Rejected,Visa,1134.21,Complaint,Pending,1,2023,6,June,2016,7.3,36-45
1440,62,Female,Albuquerque,Savings,6988.5,2009-05-19,2023-07-16,Transfer,4614.51,11603.01,Auto,7478.97,5.24,Approved,AMEX,1458.32,Complaint,Resolved,1,2023,7,July,2009,14.2,56-65
1441,21,Female,San Antonio,Savings,399.9,2022-10-08,2023-07-13,Withdrawal,3392.01,3791.91,Auto,9912.67,7.54,Closed,Visa,171.87,Complaint,Pending,1,2023,7,July,2022,0.8,18-25
1442,50,Female,Tucson,Savings,6949.85,2002-05-10,2023-11-14,Withdrawal,2747.76,9697.61,Personal,32415.47,9.99,Closed,AMEX,4212.88,Complaint,Resolved,1,2023,11,November,2002,21.5,46-55
1443,27,Other,Milwaukee,Current,7939.1,2003-08-07,2023-02-16,Withdrawal,4033.21,11972.31,Mortgage,22219.48,4.44,Closed,Visa,486.76,Praise,Pending,1,2023,2,February,2003,19.5,26-35
1444,53,Male,Fort Worth,Current,1988.55,2012-06-20,2023-08-14,Transfer,4966.35,6954.9,Personal,47128.42,7.48,Rejected,AMEX,4145.99,Complaint,Pending,1,2023,8,August,2012,11.1,46-55
1445,30,Other,Austin,Savings,8418.74,2002-11-23,2023-01-02,Withdrawal,1263.53,7155.21,Personal,18928.69,2.34,Rejected,Visa,901.34,Praise,Resolved,-1,2023,1,January,2002,20.1,26-35
1446,53,Female,Las Vegas,Current,6156.47,2018-11-08,2023-07-31,Withdrawal,1781.93,7938.4,Personal,41859.84,6.72,Closed,Visa,4204.89,Complaint,Resolved,1,2023,7,July,2018,4.7,46-55
1447,65,Female,San Diego,Current,8226.47,2022-03-27,2023-08-03,Deposit,2427.28,5799.19,Personal,27776.79,3.91,Approved,MasterCard,145.46,Suggestion,Resolved,1,2023,8,August,2022,1.4,56-65
1448,26,Other,Albuquerque,Savings,7195.27,2012-02-23,2023-10-20,Transfer,2701.99,9897.26,Auto,35562.03,8.8,Closed,AMEX,3922.4,Suggestion,Resolved,1,2023,10,October,2012,11.7,26-35
1449,48,Female,Kansas City,Savings,7075.82,2021-08-03,2023-03-21,Withdrawal,2769.32,4306.5,Auto,9264.38,4.24,Approved,MasterCard,2664.0,Praise,Pending,1,2023,3,March,2021,1.6,46-55
1450,21,Female,Washington,Savings,1666.59,2004-04-22,2023-04-29,Withdrawal,2749.37,4415.96,Mortgage,37700.24,5.01,Rejected,Visa,1081.48,Complaint,Resolved,1,2023,4,April,2004,19.0,18-25
1451,37,Male,Fresno,Savings,3226.39,2019-09-14,2023-03-27,Withdrawal,4142.93,7369.32,Auto,5197.11,9.82,Rejected,MasterCard,2032.45,Complaint,Pending,1,2023,3,March,2019,3.5,36-45
1452,25,Male,Denver,Savings,5280.13,2019-08-26,2023-11-15,Deposit,2028.96,7309.09,Personal,34864.95,2.94,Rejected,MasterCard,485.44,Complaint,Pending,1,2023,11,November,2019,4.2,18-25
1453,44,Male,Oklahoma City,Current,1214.21,2004-12-13,2023-02-25,Deposit,64.75,1149.46,Personal,23810.36,6.08,Rejected,Visa,686.25,Praise,Pending,1,2023,2,February,2004,18.2,36-45
1454,53,Male,Columbus,Current,4837.08,2019-06-10,2023-03-04,Deposit,4379.71,457.37,Personal,12197.78,8.77,Closed,MasterCard,1835.43,Praise,Pending,1,2023,3,March,2019,3.7,46-55
1455,26,Male,Tucson,Current,4508.67,2017-01-18,2023-01-08,Withdrawal,3314.64,7823.31,Mortgage,24538.97,3.83,Rejected,MasterCard,2062.13,Suggestion,Resolved,1,2023,1,January,2017,6.0,26-35
1456,60,Male,Jacksonville,Current,2396.04,2004-06-04,2023-07-02,Transfer,955.51,1440.53,Auto,42928.23,1.14,Approved,MasterCard,3880.05,Suggestion,Resolved,1,2023,7,July,2004,19.1,56-65
1457,41,Female,Indianapolis,Savings,2077.21,2012-10-22,2023-08-23,Transfer,157.71,1919.5,Personal,8581.24,9.07,Closed,MasterCard,3781.48,Complaint,Resolved,1,2023,8,August,2012,10.8,36-45
1458,54,Female,Houston,Current,2549.0,2013-08-18,2023-03-31,Deposit,1585.74,4134.74,Personal,9311.69,6.58,Closed,Visa,1200.57,Suggestion,Resolved,1,2023,3,March,2013,9.6,46-55
1459,58,Male,Portland,Savings,6090.56,2010-09-05,2023-04-14,Withdrawal,630.99,6721.55,Personal,27165.87,3.07,Closed,Visa,919.4,Suggestion,Resolved,1,2023,4,April,2010,12.6,56-65
1460,57,Other,Louisville,Current,4208.03,2002-05-20,2023-10-06,Transfer,4485.16,-277.13,Mortgage,31637.47,3.49,Closed,MasterCard,841.55,Suggestion,Resolved,1,2023,10,October,2002,21.4,56-65
1461,47,Male,Indianapolis,Savings,4198.2,2000-10-26,2023-12-07,Withdrawal,1396.55,2801.65,Auto,21589.79,8.2,Approved,AMEX,2953.63,Suggestion,Pending,1,2023,12,December,2000,23.1,46-55
1462,43,Female,Tucson,Current,1899.16,2006-03-19,2023-09-07,Deposit,3531.27,-1632.11,Mortgage,14053.24,6.78,Rejected,AMEX,2902.67,Complaint,Resolved,1,2023,9,September,2006,17.5,36-45
1463,21,Other,Denver,Current,7894.92,2011-11-07,2023-05-08,Deposit,3293.37,11188.29,Auto,4292.41,7.59,Approved,MasterCard,524.65,Suggestion,Pending,1,2023,5,May,2011,11.5,18-25
1464,69,Other,Nashville,Current,7033.76,2006-02-03,2023-12-26,Withdrawal,3572.73,3461.03,Personal,3439.86,6.2,Closed,Visa,1702.01,Suggestion,Resolved,1,2023,12,December,2006,17.9,65+
1465,18,Other,Washington,Savings,4347.84,2000-03-14,2023-06-29,Transfer,2654.91,1692.93,Mortgage,3000.19,8.11,Approved,MasterCard,4371.92,Complaint,Resolved,1,2023,6,June,2000,23.3,18-25
1466,37,Female,Dallas,Savings,1507.8,2020-05-30,2023-04-03,Transfer,3651.11,-2143.31,Mortgage,45162.87,8.39,Approved,Visa,4711.4,Suggestion,Resolved,1,2023,4,April,2020,2.8,36-45
1467,45,Other,Dallas,Current,7175.54,2019-04-03,2023-07-01,Deposit,2566.84,9742.38,Mortgage,7436.5,4.48,Closed,AMEX,4859.62,Complaint,Pending,1,2023,7,July,2019,4.2,36-45
1468,62,Female,Dallas,Savings,8998.56,2003-10-01,2023-07-31,Withdrawal,1894.26,10892.82,Auto,15461.05,9.11,Approved,MasterCard,3468.11,Praise,Pending,1,2023,7,July,2003,19.8,56-65
1469,41,Female,Portland,Current,1864.79,2003-12-26,2023-07-23,Deposit,4293.62,6158.41,Mortgage,49308.72,5.55,Closed,MasterCard,188.6,Suggestion,Pending,1,2023,7,July,2003,19.6,36-45
1470,45,Male,San Francisco,Current,6066.34,2006-03-15,2023-02-06,Transfer,2299.04,8365.38,Mortgage,46446.26,2.44,Rejected,Visa,2425.87,Complaint,Pending,1,2023,2,February,2006,16.9,36-45
1471,45,Female,San Diego,Savings,4300.66,2021-02-08,2023-08-06,Withdrawal,2844.51,1456.15,Personal,3100.23,2.97,Rejected,Visa,1215.96,Suggestion,Pending,1,2023,8,August,2021,2.5,36-45
1472,22,Other,Indianapolis,Savings,967.74,2018-07-08,2023-05-26,Withdrawal,2330.38,-1362.64,Mortgage,28011.92,7.6,Closed,AMEX,4439.84,Complaint,Resolved,1,2023,5,May,2018,4.9,18-25
1473,49,Female,Seattle,Current,7285.69,2007-10-19,2023-02-28,Deposit,3879.74,11165.43,Personal,32041.43,4.4,Approved,AMEX,211.7,Complaint,Resolved,1,2023,2,February,2007,15.4,46-55
1474,69,Female,Tucson,Current,804.36,2001-12-14,2023-05-09,Withdrawal,2703.37,3507.73,Personal,3651.59,3.36,Approved,MasterCard,564.75,Suggestion,Pending,1,2023,5,May,2001,21.4,65+
1475,47,Male,New York,Current,7052.09,2020-06-09,2023-05-21,Withdrawal,2359.19,4692.9,Mortgage,36678.18,6.44,Closed,MasterCard,1431.15,Suggestion,Pending,1,2023,5,May,2020,2.9,46-55
1476,38,Male,Fort Worth,Current,2883.41,2019-09-24,2023-02-02,Withdrawal,1296.55,1586.86,Personal,49405.63,8.04,Closed,Visa,3504.29,Complaint,Pending,1,2023,2,February,2019,3.4,36-45
1477,59,Female,Philadelphia,Current,5700.03,2014-11-19,2023-01-22,Withdrawal,4558.59,1141.44,Auto,22039.6,1.98,Closed,AMEX,4680.99,Praise,Pending,1,2023,1,January,2014,8.2,56-65
1478,33,Female,Phoenix,Current,1688.49,2021-09-14,2023-07-24,Deposit,4317.22,6005.71,Auto,23021.46,5.04,Rejected,AMEX,1940.87,Complaint,Pending,1,2023,7,July,2021,1.9,26-35
1479,25,Female,Indianapolis,Current,3771.88,2002-03-26,2023-03-13,Withdrawal,2163.15,5935.03,Auto,33308.0,7.94,Closed,MasterCard,1708.22,Suggestion,Pending,1,2023,3,March,2002,21.0,18-25
1480,29,Male,Seattle,Savings,1130.49,2004-11-10,2023-06-30,Transfer,3302.0,4432.49,Personal,37090.56,9.13,Approved,AMEX,3913.52,Suggestion,Pending,1,2023,6,June,2004,18.6,26-35
1481,49,Male,Seattle,Savings,4726.31,2020-01-24,2023-07-07,Deposit,2545.48,2180.83,Auto,39698.84,1.12,Closed,Visa,4491.04,Complaint,Resolved,1,2023,7,July,2020,3.4,46-55
1482,42,Other,New York,Savings,2211.58,2014-06-12,2023-02-19,Withdrawal,889.16,1322.42,Auto,4801.41,6.9,Closed,Visa,437.97,Praise,Resolved,1,2023,2,February,2014,8.7,36-45
1483,20,Other,Denver,Savings,1960.51,2010-05-21,2023-11-18,Deposit,1886.39,3846.9,Personal,40233.76,6.38,Approved,Visa,4930.57,Complaint,Resolved,1,2023,11,November,2010,13.5,18-25
1484,43,Other,San Diego,Savings,1160.81,2007-12-24,2023-03-24,Transfer,4267.56,5428.37,Mortgage,43339.62,5.66,Approved,AMEX,2548.71,Suggestion,Pending,1,2023,3,March,2007,15.2,36-45
1485,53,Other,Chicago,Savings,7677.8,2021-04-30,2023-01-24,Withdrawal,3989.22,11667.02,Personal,3216.13,2.44,Approved,Visa,4971.23,Suggestion,Resolved,1,2023,1,January,2021,1.7,46-55
1486,34,Male,Boston,Savings,6431.25,2017-10-23,2023-03-10,Withdrawal,521.43,5909.82,Personal,2917.61,7.68,Closed,MasterCard,63.6,Praise,Resolved,1,2023,3,March,2017,5.4,26-35
1487,44,Male,Phoenix,Current,1653.35,2012-07-08,2023-01-08,Deposit,385.85,2039.2,Mortgage,27993.63,4.54,Rejected,AMEX,4454.9,Complaint,Pending,1,2023,1,January,2012,10.5,36-45
1488,69,Female,Omaha,Current,4777.05,2003-03-13,2023-09-06,Deposit,4269.05,9046.1,Auto,25343.52,3.11,Closed,AMEX,493.53,Suggestion,Pending,1,2023,9,September,2003,20.5,65+
1489,39,Other,Denver,Savings,6642.76,2020-07-19,2023-04-09,Deposit,4497.55,11140.31,Auto,49024.74,8.65,Rejected,Visa,3888.99,Complaint,Resolved,1,2023,4,April,2020,2.7,36-45
1490,62,Female,Seattle,Current,8792.88,2006-09-01,2023-11-18,Deposit,1478.22,7314.66,Personal,15425.67,3.76,Approved,AMEX,1.45,Suggestion,Resolved,-1,2023,11,November,2006,17.2,56-65
1491,55,Female,Milwaukee,Savings,689.76,2004-10-14,2023-07-17,Deposit,1752.94,-1063.18,Auto,29919.8,2.79,Closed,MasterCard,681.73,Suggestion,Resolved,1,2023,7,July,2004,18.8,46-55
1492,52,Male,Tucson,Savings,3687.31,2022-10-15,2023-11-11,Withdrawal,1685.66,5372.97,Personal,25826.99,3.81,Approved,MasterCard,804.77,Complaint,Pending,1,2023,11,November,2022,1.1,46-55
1493,63,Female,Seattle,Savings,6197.94,2007-04-28,2023-07-27,Deposit,643.57,6841.51,Personal,27250.93,2.63,Approved,AMEX,3035.88,Praise,Pending,1,2023,7,July,2007,16.2,56-65
1494,24,Female,Colorado Springs,Savings,254.61,2006-09-17,2023-10-30,Deposit,3727.6,3982.21,Auto,33323.75,8.0,Closed,AMEX,3469.73,Praise,Pending,1,2023,10,October,2006,17.1,18-25
1495,20,Male,Indianapolis,Current,2510.91,2012-02-01,2023-07-11,Deposit,1856.73,4367.64,Personal,27342.15,2.64,Approved,AMEX,450.17,Complaint,Resolved,1,2023,7,July,2012,11.4,18-25
1496,23,Male,Indianapolis,Savings,7474.52,2013-01-11,2023-01-26,Transfer,4182.77,11657.29,Auto,1340.28,7.45,Closed,AMEX,2029.46,Praise,Pending,1,2023,1,January,2013,10.0,18-25
1497,30,Male,Kansas City,Savings,3621.79,2016-07-18,2023-05-28,Withdrawal,4393.81,8015.6,Mortgage,42341.8,2.46,Approved,AMEX,3508.87,Suggestion,Resolved,1,2023,5,May,2016,6.9,26-35
1498,63,Male,San Antonio,Savings,936.5,2006-12-27,2023-12-15,Deposit,4564.84,5501.34,Personal,10856.57,3.04,Closed,MasterCard,4547.73,Complaint,Resolved,1,2023,12,December,2006,17.0,56-65
1499,32,Other,Columbus,Current,6303.29,2022-11-04,2023-01-04,Withdrawal,4091.53,10394.82,Auto,12326.58,4.08,Closed,MasterCard,947.73,Suggestion,Resolved,1,2023,1,January,2022,0.2,26-35
1500,43,Other,Boston,Current,2575.52,2008-12-27,2023-03-06,Withdrawal,3946.66,-1371.14,Mortgage,32750.67,9.55,Closed,MasterCard,2123.74,Complaint,Resolved,1,2023,3,March,2008,14.2,36-45
1501,65,Other,Albuquerque,Savings,7046.38,2017-08-02,2023-08-05,Deposit,2252.94,9299.32,Personal,24409.83,9.22,Approved,AMEX,1140.12,Complaint,Resolved,-1,2023,8,August,2017,6.0,56-65
1502,50,Female,Kansas City,Current,9011.73,2003-01-30,2023-10-18,Transfer,144.47,8867.26,Mortgage,29149.52,1.77,Closed,MasterCard,184.48,Complaint,Pending,1,2023,10,October,2003,20.7,46-55
1503,32,Other,Washington,Savings,5325.8,2017-11-13,2023-04-27,Transfer,569.19,5894.99,Personal,25377.45,4.02,Approved,MasterCard,2279.93,Suggestion,Resolved,1,2023,4,April,2017,5.5,26-35
1504,56,Male,Indianapolis,Current,6031.52,2003-10-29,2023-03-26,Withdrawal,2659.07,8690.59,Auto,21475.27,4.12,Approved,AMEX,2098.59,Suggestion,Resolved,1,2023,3,March,2003,19.4,56-65
1505,58,Other,Memphis,Savings,5192.62,2007-09-13,2023-11-04,Deposit,1806.53,3386.09,Mortgage,24681.82,2.9,Approved,Visa,4107.97,Praise,Pending,1,2023,11,November,2007,16.1,56-65
1506,64,Male,Indianapolis,Savings,8192.68,2000-10-07,2023-10-06,Withdrawal,4147.12,12339.8,Mortgage,7913.19,4.92,Closed,MasterCard,4452.53,Complaint,Resolved,1,2023,10,October,2000,23.0,56-65
1507,31,Other,Fort Worth,Savings,2492.97,2018-02-18,2023-10-03,Withdrawal,2820.07,5313.04,Mortgage,48495.98,7.73,Closed,AMEX,1766.92,Complaint,Pending,1,2023,10,October,2018,5.6,26-35
1508,36,Other,San Francisco,Current,4075.28,2021-03-31,2023-12-12,Deposit,503.18,4578.46,Auto,29162.84,1.89,Approved,AMEX,3541.44,Suggestion,Resolved,1,2023,12,December,2021,2.7,36-45
1509,45,Male,Atlanta,Current,8960.81,2000-09-29,2023-10-10,Transfer,2397.87,6562.94,Personal,15054.03,7.04,Closed,MasterCard,2889.51,Suggestion,Resolved,1,2023,10,October,2000,23.0,36-45
1510,41,Male,Portland,Savings,7264.1,2020-11-15,2023-06-18,Withdrawal,4111.6,3152.5,Auto,35929.17,3.35,Approved,Visa,3850.26,Complaint,Pending,1,2023,6,June,2020,2.6,36-45
1511,67,Female,Boston,Current,3268.85,2020-07-20,2023-01-26,Withdrawal,4316.77,7585.62,Mortgage,44125.2,6.78,Approved,MasterCard,731.59,Complaint,Resolved,1,2023,1,January,2020,2.5,65+
1512,58,Female,San Jose,Current,8343.06,2001-06-04,2023-12-30,Withdrawal,838.63,7504.43,Mortgage,15526.92,7.14,Approved,AMEX,4064.95,Complaint,Pending,1,2023,12,December,2001,22.6,56-65
1513,50,Female,San Diego,Savings,2464.36,2004-09-22,2023-02-09,Withdrawal,510.5,1953.86,Mortgage,16901.07,7.55,Rejected,AMEX,3013.58,Praise,Resolved,1,2023,2,February,2004,18.4,46-55
1514,29,Other,Phoenix,Savings,6378.38,2011-07-01,2023-07-27,Withdrawal,1941.08,4437.3,Auto,22488.89,8.76,Approved,AMEX,3837.31,Suggestion,Pending,1,2023,7,July,2011,12.1,26-35
1515,27,Other,Fort Worth,Current,9568.92,2014-04-25,2023-12-29,Deposit,336.92,9232.0,Mortgage,11647.2,9.1,Closed,AMEX,2099.99,Suggestion,Resolved,1,2023,12,December,2014,9.7,26-35
1516,24,Male,Chicago,Savings,5789.64,2019-12-14,2023-03-25,Transfer,3634.53,9424.17,Personal,40679.63,7.83,Approved,AMEX,41.2,Suggestion,Resolved,1,2023,3,March,2019,3.3,18-25
1517,63,Male,Sacramento,Current,8014.72,2013-09-06,2023-08-26,Deposit,2243.19,10257.91,Personal,29624.66,5.33,Rejected,AMEX,4589.83,Complaint,Resolved,1,2023,8,August,2013,10.0,56-65
1518,18,Female,Tucson,Savings,7380.76,2014-09-30,2023-12-10,Deposit,999.13,8379.89,Auto,3795.18,1.4,Rejected,AMEX,3642.37,Praise,Pending,1,2023,12,December,2014,9.2,18-25
1519,32,Male,Washington,Savings,8670.64,2005-06-05,2023-07-13,Deposit,521.32,9191.96,Personal,49838.5,9.43,Rejected,MasterCard,3453.78,Praise,Pending,1,2023,7,July,2005,18.1,26-35
1520,18,Other,Dallas,Savings,9690.77,2018-03-06,2023-11-25,Transfer,4637.49,14328.26,Auto,29173.6,6.41,Approved,Visa,2366.36,Suggestion,Resolved,-1,2023,11,November,2018,5.7,18-25
1521,62,Male,Seattle,Savings,320.93,2011-10-22,2023-12-04,Deposit,224.87,545.8,Auto,44606.88,5.81,Closed,Visa,219.3,Suggestion,Resolved,1,2023,12,December,2011,12.1,56-65
1522,37,Male,Memphis,Savings,375.91,2015-10-08,2023-12-28,Transfer,498.41,874.32,Mortgage,25579.29,3.16,Rejected,Visa,689.08,Complaint,Pending,1,2023,12,December,2015,8.2,36-45
1523,19,Male,Colorado Springs,Savings,5984.78,2010-09-26,2023-12-16,Withdrawal,1178.84,4805.94,Auto,29540.03,7.16,Approved,AMEX,2192.79,Praise,Pending,1,2023,12,December,2010,13.2,18-25
1524,20,Male,Portland,Savings,9547.03,2010-03-23,2023-09-16,Withdrawal,482.41,9064.62,Mortgage,23269.29,9.95,Closed,Visa,3966.87,Suggestion,Resolved,1,2023,9,September,2010,13.5,18-25
1525,53,Male,Mesa,Savings,4908.26,2021-03-11,2023-07-11,Deposit,3224.98,8133.24,Personal,21715.28,3.97,Approved,AMEX,4449.01,Complaint,Resolved,1,2023,7,July,2021,2.3,46-55
1526,33,Female,San Francisco,Current,8413.82,2005-08-07,2023-10-12,Withdrawal,1098.91,9512.73,Personal,11696.92,8.2,Rejected,MasterCard,2289.07,Complaint,Resolved,1,2023,10,October,2005,18.2,26-35
1527,46,Female,Fresno,Current,7702.29,2001-10-31,2023-07-01,Withdrawal,2404.85,10107.14,Mortgage,48144.09,3.62,Closed,MasterCard,4974.91,Complaint,Pending,1,2023,7,July,2001,21.7,46-55
1528,61,Other,Chicago,Current,5032.7,2016-10-06,2023-01-07,Withdrawal,4302.61,9335.31,Mortgage,9906.79,5.39,Closed,AMEX,4898.98,Suggestion,Resolved,1,2023,1,January,2016,6.3,56-65
1529,53,Female,Phoenix,Current,5180.41,2004-07-03,2023-06-02,Deposit,4125.61,1054.8,Personal,26793.81,2.92,Closed,Visa,1818.33,Praise,Pending,1,2023,6,June,2004,18.9,46-55
1530,61,Male,Columbus,Current,4416.73,2009-06-03,2023-10-26,Deposit,739.76,5156.49,Auto,5267.75,5.62,Rejected,AMEX,324.09,Suggestion,Resolved,1,2023,10,October,2009,14.4,56-65
1531,56,Female,Chicago,Current,2596.77,2002-07-08,2023-09-19,Transfer,452.77,2144.0,Mortgage,49675.47,5.13,Closed,AMEX,2464.43,Complaint,Resolved,1,2023,9,September,2002,21.2,56-65
1532,69,Other,El Paso,Current,8601.25,2020-03-18,2023-03-20,Withdrawal,3324.61,11925.86,Mortgage,28228.14,1.35,Closed,AMEX,4897.42,Complaint,Resolved,1,2023,3,March,2020,3.0,65+
1533,20,Female,Colorado Springs,Current,2174.74,2014-11-09,2023-02-09,Deposit,1059.42,3234.16,Mortgage,40914.58,4.44,Closed,MasterCard,1829.15,Praise,Resolved,1,2023,2,February,2014,8.3,18-25
1534,54,Other,Baltimore,Current,9078.51,2005-10-13,2023-07-08,Withdrawal,3909.45,5169.06,Auto,28583.51,1.56,Approved,Visa,1757.23,Praise,Pending,1,2023,7,July,2005,17.7,46-55
1535,61,Other,El Paso,Savings,3661.3,2010-10-26,2023-10-04,Deposit,2178.1,1483.2,Auto,40444.28,5.06,Closed,MasterCard,1520.03,Complaint,Pending,1,2023,10,October,2010,12.9,56-65
1536,29,Other,Portland,Current,362.32,2001-02-15,2023-09-07,Transfer,781.05,-418.73,Mortgage,27186.09,9.82,Approved,Visa,4750.24,Suggestion,Resolved,1,2023,9,September,2001,22.6,26-35
1537,37,Male,Jacksonville,Current,1766.94,2020-04-24,2023-11-10,Transfer,4871.34,-3104.4,Personal,22803.74,3.64,Closed,MasterCard,941.45,Suggestion,Resolved,1,2023,11,November,2020,3.5,36-45
1538,40,Other,Boston,Savings,8889.47,2014-06-03,2023-04-19,Deposit,287.51,8601.96,Auto,23339.38,5.64,Closed,AMEX,2176.43,Praise,Resolved,1,2023,4,April,2014,8.9,36-45
1539,39,Female,San Jose,Current,1371.6,2009-01-12,2023-04-06,Withdrawal,630.23,741.37,Mortgage,1114.83,2.17,Approved,Visa,1022.3,Complaint,Resolved,1,2023,4,April,2009,14.2,36-45
1540,49,Female,Indianapolis,Savings,7413.86,2007-10-29,2023-02-01,Transfer,4062.06,11475.92,Auto,19162.09,2.39,Closed,MasterCard,558.69,Praise,Resolved,-1,2023,2,February,2007,15.3,46-55
1541,24,Female,Fresno,Savings,1909.86,2007-07-13,2023-09-25,Deposit,2268.9,-359.04,Personal,47645.26,4.2,Approved,MasterCard,2182.46,Suggestion,Pending,1,2023,9,September,2007,16.2,18-25
1542,39,Other,Atlanta,Current,5039.44,2017-04-15,2023-08-24,Transfer,4690.88,348.56,Auto,34103.27,5.41,Rejected,Visa,4029.63,Suggestion,Resolved,1,2023,8,August,2017,6.4,36-45
1543,61,Other,Washington,Current,2131.55,2002-01-23,2023-01-20,Deposit,573.81,2705.36,Personal,46046.63,7.31,Approved,MasterCard,38.75,Complaint,Resolved,1,2023,1,January,2002,21.0,56-65
1544,19,Male,San Francisco,Savings,3398.34,2004-01-26,2023-07-24,Transfer,793.35,4191.69,Auto,10812.87,5.11,Rejected,AMEX,2425.22,Complaint,Resolved,1,2023,7,July,2004,19.5,18-25
1545,31,Other,El Paso,Current,1335.74,2009-03-25,2023-08-26,Deposit,19.1,1354.84,Mortgage,25066.85,1.22,Closed,MasterCard,2529.61,Complaint,Pending,1,2023,8,August,2009,14.4,26-35
1546,33,Female,Mesa,Current,5604.42,2014-06-08,2023-01-21,Transfer,1093.41,4511.01,Mortgage,2689.61,3.44,Approved,AMEX,379.97,Complaint,Pending,1,2023,1,January,2014,8.6,26-35
1547,41,Male,Dallas,Current,3721.67,2020-06-02,2023-10-28,Transfer,3289.73,431.94,Mortgage,34175.56,1.22,Rejected,Visa,4891.67,Suggestion,Pending,1,2023,10,October,2020,3.4,36-45
1548,24,Female,Los Angeles,Current,3718.29,2006-01-15,2023-08-05,Deposit,3619.42,7337.71,Personal,39416.8,9.26,Approved,Visa,989.13,Suggestion,Resolved,1,2023,8,August,2006,17.6,18-25
1549,21,Male,Albuquerque,Savings,481.88,2006-06-27,2023-05-01,Transfer,2155.4,-1673.52,Personal,37642.27,1.26,Approved,AMEX,4533.11,Suggestion,Pending,1,2023,5,May,2006,16.8,18-25
1550,69,Other,Washington,Savings,1447.67,2019-08-14,2023-10-23,Deposit,1294.22,2741.89,Auto,5251.73,1.45,Approved,Visa,1146.52,Praise,Pending,1,2023,10,October,2019,4.2,65+
1551,54,Male,San Jose,Current,7104.55,2020-02-11,2023-12-16,Transfer,3584.49,3520.06,Mortgage,13128.86,3.68,Rejected,Visa,2623.13,Complaint,Pending,1,2023,12,December,2020,3.8,46-55
1552,63,Other,San Diego,Current,2993.97,2010-04-28,2023-12-17,Transfer,871.32,3865.29,Auto,33135.54,6.69,Rejected,MasterCard,4001.12,Suggestion,Resolved,1,2023,12,December,2010,13.6,56-65
1553,58,Other,New York,Current,4476.48,2020-09-20,2023-09-19,Deposit,3837.76,638.72,Personal,38190.56,4.22,Rejected,MasterCard,4748.95,Suggestion,Pending,1,2023,9,September,2020,3.0,56-65
1554,22,Female,San Francisco,Savings,7654.37,2002-12-27,2023-09-12,Transfer,3935.08,3719.29,Mortgage,14436.32,1.55,Closed,AMEX,2007.43,Suggestion,Pending,1,2023,9,September,2002,20.7,18-25
1555,19,Other,Fort Worth,Current,4503.1,2021-11-25,2023-01-11,Transfer,2210.96,2292.14,Auto,20905.81,8.53,Approved,Visa,350.49,Praise,Pending,1,2023,1,January,2021,1.1,18-25
1556,22,Other,Houston,Current,2333.53,2002-04-23,2023-03-05,Deposit,976.1,3309.63,Auto,18212.04,7.3,Closed,MasterCard,114.94,Suggestion,Resolved,-1,2023,3,March,2002,20.9,18-25
1557,20,Other,San Jose,Savings,5543.26,2017-05-24,2023-05-02,Withdrawal,3153.07,2390.19,Auto,1223.68,4.57,Rejected,AMEX,4369.02,Praise,Resolved,1,2023,5,May,2017,5.9,18-25
1558,59,Female,Milwaukee,Savings,8031.94,2002-05-27,2023-07-06,Deposit,4268.74,12300.68,Auto,29249.14,7.09,Closed,Visa,2393.56,Complaint,Resolved,1,2023,7,July,2002,21.1,56-65
1559,25,Other,San Antonio,Current,6036.45,2016-09-13,2023-07-19,Withdrawal,2652.24,3384.21,Personal,33786.53,3.47,Rejected,MasterCard,749.74,Suggestion,Resolved,1,2023,7,July,2016,6.8,18-25
1560,43,Female,El Paso,Savings,4259.79,2017-10-30,2023-02-24,Transfer,2310.73,6570.52,Personal,14545.35,5.75,Closed,AMEX,2320.7,Praise,Resolved,1,2023,2,February,2017,5.3,36-45
1561,27,Male,Las Vegas,Current,1343.68,2015-07-26,2023-10-22,Withdrawal,4896.33,-3552.65,Auto,34701.44,8.92,Approved,Visa,1112.2,Suggestion,Resolved,1,2023,10,October,2015,8.2,26-35
1562,51,Female,Phoenix,Savings,2562.26,2009-12-10,2023-02-24,Withdrawal,2691.75,-129.49,Personal,12894.69,1.97,Approved,AMEX,3497.3,Complaint,Resolved,1,2023,2,February,2009,13.2,46-55
1563,63,Female,Phoenix,Savings,9466.58,2004-04-10,2023-11-28,Deposit,180.74,9647.32,Mortgage,36060.99,8.62,Approved,Visa,2037.0,Complaint,Resolved,1,2023,11,November,2004,19.6,56-65
1564,53,Other,San Francisco,Savings,7740.9,2014-11-30,2023-05-11,Withdrawal,2515.23,10256.13,Mortgage,23402.18,8.1,Approved,AMEX,3640.69,Suggestion,Resolved,1,2023,5,May,2014,8.4,46-55
1565,29,Female,Baltimore,Savings,966.96,2005-11-24,2023-03-21,Withdrawal,2231.9,3198.86,Auto,43724.81,9.54,Rejected,MasterCard,3825.02,Praise,Resolved,1,2023,3,March,2005,17.3,26-35
1566,37,Male,Dallas,Savings,154.59,2000-07-22,2023-05-08,Transfer,1467.6,1622.19,Mortgage,27691.99,5.62,Approved,AMEX,1871.08,Suggestion,Pending,1,2023,5,May,2000,22.8,36-45
1567,46,Female,Philadelphia,Savings,1836.65,2012-10-20,2023-08-07,Deposit,1593.59,243.06,Mortgage,10047.99,3.47,Closed,Visa,3316.01,Complaint,Resolved,1,2023,8,August,2012,10.8,46-55
1568,31,Other,Boston,Current,9444.52,2016-08-23,2023-09-29,Deposit,4654.82,4789.7,Auto,41278.55,4.18,Approved,Visa,3868.75,Complaint,Pending,1,2023,9,September,2016,7.1,26-35
1569,65,Male,Denver,Current,5842.39,2002-05-13,2023-09-18,Withdrawal,676.65,5165.74,Personal,39106.25,6.76,Closed,AMEX,255.21,Suggestion,Pending,1,2023,9,September,2002,21.3,56-65
1570,22,Other,Indianapolis,Savings,8402.73,2010-02-26,2023-09-08,Transfer,3822.55,12225.28,Auto,5127.18,2.27,Closed,MasterCard,965.61,Complaint,Resolved,1,2023,9,September,2010,13.5,18-25
1571,65,Other,Nashville,Savings,4705.73,2019-01-31,2023-10-23,Deposit,4513.07,9218.8,Auto,3353.99,4.17,Rejected,Visa,4911.46,Complaint,Resolved,1,2023,10,October,2019,4.7,56-65
1572,44,Female,Los Angeles,Current,8283.7,2013-11-10,2023-11-19,Transfer,1304.83,9588.53,Personal,7678.26,7.54,Rejected,AMEX,36.03,Complaint,Resolved,1,2023,11,November,2013,10.0,36-45
1573,21,Other,Jacksonville,Current,435.77,2012-01-24,2023-08-15,Withdrawal,343.4,779.17,Personal,42420.44,6.16,Closed,AMEX,1564.66,Suggestion,Resolved,1,2023,8,August,2012,11.6,18-25
1574,46,Male,Indianapolis,Savings,4325.51,2006-05-01,2023-06-22,Withdrawal,1542.66,2782.85,Personal,16698.75,1.56,Rejected,AMEX,3910.94,Complaint,Resolved,1,2023,6,June,2006,17.1,46-55
1575,20,Male,Atlanta,Savings,3838.19,2007-04-12,2023-09-10,Deposit,2170.08,1668.11,Mortgage,25732.82,5.47,Rejected,MasterCard,1581.54,Praise,Resolved,1,2023,9,September,2007,16.4,18-25
1576,50,Male,Charlotte,Current,9817.31,2011-10-25,2023-01-24,Withdrawal,4757.61,14574.92,Personal,30545.35,5.72,Rejected,AMEX,4097.12,Praise,Resolved,1,2023,1,January,2011,11.2,46-55
1577,47,Male,San Jose,Savings,3074.71,2004-02-09,2023-10-12,Transfer,2156.4,5231.11,Mortgage,37430.59,7.31,Rejected,AMEX,661.55,Praise,Pending,1,2023,10,October,2004,19.7,46-55
1578,53,Female,San Jose,Current,4227.48,2001-06-03,2023-05-06,Transfer,469.36,3758.12,Personal,41667.81,1.1,Approved,MasterCard,4383.95,Suggestion,Pending,1,2023,5,May,2001,21.9,46-55
1579,26,Male,Albuquerque,Savings,7612.13,2000-12-28,2023-09-13,Withdrawal,742.97,6869.16,Auto,26277.41,4.86,Approved,AMEX,2363.54,Praise,Resolved,1,2023,9,September,2000,22.7,26-35
1580,18,Female,San Diego,Savings,8819.06,2004-01-16,2023-10-16,Withdrawal,1770.14,10589.2,Personal,21372.22,8.98,Closed,Visa,184.46,Praise,Resolved,1,2023,10,October,2004,19.7,18-25
1581,65,Other,Seattle,Savings,8796.04,2005-07-05,2023-06-28,Transfer,929.1,9725.14,Auto,10601.15,1.23,Closed,AMEX,3116.53,Praise,Pending,1,2023,6,June,2005,18.0,56-65
1582,40,Other,Mesa,Savings,4005.66,2009-02-06,2023-03-21,Withdrawal,312.23,4317.89,Auto,30768.5,7.05,Closed,AMEX,1386.29,Complaint,Resolved,1,2023,3,March,2009,14.1,36-45
1583,20,Female,Detroit,Current,9490.69,2016-01-12,2023-04-07,Withdrawal,884.55,8606.14,Personal,27943.98,3.01,Rejected,Visa,3502.11,Suggestion,Resolved,1,2023,4,April,2016,7.2,18-25
1584,49,Other,Jacksonville,Current,6569.74,2022-06-05,2023-07-21,Withdrawal,536.4,7106.14,Mortgage,15266.86,4.49,Approved,AMEX,4513.67,Praise,Resolved,1,2023,7,July,2022,1.1,46-55
1585,41,Other,Milwaukee,Current,8526.24,2014-05-30,2023-01-30,Transfer,1021.46,7504.78,Mortgage,22863.97,8.96,Closed,AMEX,418.24,Suggestion,Resolved,1,2023,1,January,2014,8.7,36-45
1586,23,Male,Tucson,Current,9270.14,2001-06-14,2023-03-02,Withdrawal,4982.31,4287.83,Mortgage,37242.9,4.26,Approved,Visa,1221.34,Suggestion,Pending,1,2023,3,March,2001,21.7,18-25
1587,30,Other,Memphis,Current,2412.64,2011-05-10,2023-06-12,Transfer,2232.59,4645.23,Auto,31726.92,5.91,Closed,AMEX,1955.57,Complaint,Pending,1,2023,6,June,2011,12.1,26-35
1588,66,Other,Phoenix,Current,5042.07,2007-05-26,2023-09-20,Deposit,3296.41,8338.48,Mortgage,24605.3,1.81,Rejected,Visa,4799.52,Suggestion,Resolved,-1,2023,9,September,2007,16.3,65+
1589,32,Female,San Jose,Savings,5919.19,2004-06-19,2023-05-23,Withdrawal,834.76,6753.95,Auto,14343.51,3.92,Approved,AMEX,2027.72,Praise,Resolved,1,2023,5,May,2004,18.9,26-35
1590,47,Male,New York,Savings,8044.13,2002-04-26,2023-12-18,Withdrawal,4247.97,12292.1,Personal,33732.21,2.27,Closed,Visa,566.4,Suggestion,Pending,1,2023,12,December,2002,21.6,46-55
1591,29,Other,El Paso,Current,4071.54,2021-06-24,2023-03-07,Withdrawal,1341.86,2729.68,Mortgage,31755.24,6.05,Approved,Visa,1488.21,Complaint,Pending,1,2023,3,March,2021,1.7,26-35
1592,57,Other,Omaha,Savings,2183.45,2004-06-07,2023-08-12,Deposit,4912.63,7096.08,Personal,23453.44,5.14,Approved,AMEX,96.59,Complaint,Resolved,1,2023,8,August,2004,19.2,56-65
1593,65,Female,Chicago,Current,7458.02,2005-02-13,2023-08-08,Withdrawal,4185.17,3272.85,Personal,12687.68,3.38,Rejected,MasterCard,955.93,Praise,Pending,1,2023,8,August,2005,18.5,56-65
1594,52,Other,Chicago,Current,5964.11,2006-02-24,2023-12-07,Transfer,4754.85,1209.26,Auto,9568.95,10.0,Approved,Visa,3048.6,Suggestion,Pending,1,2023,12,December,2006,17.8,46-55
1595,45,Male,San Antonio,Savings,8993.16,2006-01-06,2023-09-30,Withdrawal,3344.83,5648.33,Auto,17630.58,2.38,Rejected,Visa,843.9,Complaint,Pending,1,2023,9,September,2006,17.7,36-45
1596,21,Male,Mesa,Current,6584.8,2016-12-15,2023-01-19,Transfer,3293.88,3290.92,Auto,45527.03,8.43,Approved,Visa,4585.82,Praise,Pending,1,2023,1,January,2016,6.1,18-25
1597,24,Male,Sacramento,Savings,266.59,2003-09-25,2023-09-27,Transfer,4207.07,-3940.48,Auto,37940.44,1.32,Rejected,AMEX,3566.45,Praise,Resolved,1,2023,9,September,2003,20.0,18-25
1598,64,Female,Charlotte,Current,9669.85,2009-11-11,2023-02-18,Transfer,3579.66,6090.19,Mortgage,44662.42,8.62,Approved,AMEX,3441.12,Praise,Resolved,1,2023,2,February,2009,13.3,56-65
1599,60,Male,Omaha,Current,5971.8,2022-07-25,2023-11-03,Transfer,3034.88,9006.68,Auto,42287.35,5.29,Closed,AMEX,2236.14,Praise,Pending,1,2023,11,November,2022,1.3,56-65
1600,33,Male,Chicago,Current,5999.18,2001-01-10,2023-02-03,Transfer,1797.76,7796.94,Personal,23485.25,8.45,Rejected,Visa,3901.68,Praise,Pending,1,2023,2,February,2001,22.1,26-35
1601,39,Male,Memphis,Savings,9101.69,2000-01-23,2023-08-28,Withdrawal,1122.11,10223.8,Mortgage,26991.68,7.72,Approved,MasterCard,937.23,Praise,Pending,1,2023,8,August,2000,23.6,36-45
1602,63,Male,Baltimore,Savings,6671.71,2007-04-26,2023-03-25,Withdrawal,3913.4,2758.31,Mortgage,9309.72,6.15,Rejected,AMEX,2217.03,Suggestion,Resolved,1,2023,3,March,2007,15.9,56-65
1603,62,Male,Colorado Springs,Savings,4845.28,2002-10-26,2023-06-25,Withdrawal,1936.39,6781.67,Mortgage,36322.74,4.34,Rejected,MasterCard,4969.11,Praise,Pending,1,2023,6,June,2002,20.7,56-65
1604,58,Male,Seattle,Savings,1162.12,2011-12-24,2023-11-19,Transfer,315.41,846.71,Mortgage,21675.49,6.99,Rejected,AMEX,1433.78,Complaint,Resolved,1,2023,11,November,2011,11.9,56-65
1605,42,Female,Austin,Current,9625.77,2001-01-27,2023-11-10,Deposit,2403.31,7222.46,Auto,8902.18,8.49,Closed,Visa,2025.69,Complaint,Pending,1,2023,11,November,2001,22.8,36-45
1606,67,Male,Kansas City,Savings,877.03,2009-08-18,2023-11-30,Withdrawal,3290.98,4168.01,Mortgage,5672.39,5.53,Approved,AMEX,1101.68,Praise,Resolved,1,2023,11,November,2009,14.3,65+
1607,20,Other,Omaha,Savings,1785.97,2016-10-07,2023-05-29,Withdrawal,124.96,1910.93,Mortgage,35110.61,4.73,Closed,Visa,379.17,Suggestion,Pending,1,2023,5,May,2016,6.6,18-25
1608,69,Female,New York,Savings,8213.41,2020-07-15,2023-10-10,Withdrawal,3528.55,11741.96,Mortgage,24627.95,2.29,Rejected,MasterCard,2017.52,Suggestion,Pending,-1,2023,10,October,2020,3.2,65+
1609,39,Other,Memphis,Savings,4955.01,2013-06-24,2023-06-06,Transfer,1131.17,6086.18,Auto,1440.77,9.07,Approved,AMEX,726.32,Suggestion,Resolved,1,2023,6,June,2013,9.9,36-45
1610,48,Other,Jacksonville,Current,1864.86,2000-03-27,2023-08-20,Withdrawal,1119.56,2984.42,Auto,41401.26,3.41,Rejected,AMEX,2558.2,Praise,Resolved,1,2023,8,August,2000,23.4,46-55
1611,54,Male,Louisville,Savings,2933.0,2012-04-11,2023-07-26,Transfer,2818.78,114.22,Mortgage,31353.65,2.11,Approved,AMEX,3763.47,Praise,Pending,1,2023,7,July,2012,11.3,46-55
1612,39,Other,Milwaukee,Current,9940.74,2004-07-01,2023-06-21,Withdrawal,1693.1,8247.64,Mortgage,2880.44,1.6,Rejected,AMEX,4240.67,Praise,Resolved,1,2023,6,June,2004,19.0,36-45
1613,44,Other,Denver,Savings,5881.8,2013-03-25,2023-06-15,Withdrawal,2258.41,3623.39,Personal,15929.56,7.76,Closed,Visa,840.09,Complaint,Resolved,1,2023,6,June,2013,10.2,36-45
1614,19,Other,Chicago,Savings,4075.97,2006-02-07,2023-09-28,Transfer,2570.08,1505.89,Mortgage,36397.88,7.07,Rejected,MasterCard,4508.18,Complaint,Resolved,-1,2023,9,September,2006,17.6,18-25
1615,39,Male,Mesa,Savings,8774.55,2006-10-05,2023-01-15,Transfer,4605.91,13380.46,Personal,3892.46,2.08,Rejected,AMEX,1797.4,Suggestion,Resolved,1,2023,1,January,2006,16.3,36-45
1616,34,Male,Charlotte,Savings,4849.0,2018-01-22,2023-02-01,Withdrawal,1032.45,5881.45,Personal,37076.38,5.77,Approved,MasterCard,2239.43,Praise,Pending,1,2023,2,February,2018,5.0,26-35
1617,65,Male,Tucson,Savings,3148.56,2006-02-26,2023-02-09,Transfer,2326.89,821.67,Mortgage,25739.87,2.37,Closed,MasterCard,2912.4,Praise,Resolved,1,2023,2,February,2006,17.0,56-65
1618,37,Female,Detroit,Savings,1725.8,2001-08-05,2023-03-17,Transfer,3932.08,-2206.28,Auto,39360.01,4.45,Rejected,MasterCard,745.13,Complaint,Resolved,-1,2023,3,March,2001,21.6,36-45
1619,41,Male,Indianapolis,Savings,7470.25,2011-04-12,2023-07-31,Transfer,1033.78,8504.03,Auto,42906.61,8.05,Closed,MasterCard,4208.14,Complaint,Pending,1,2023,7,July,2011,12.3,36-45
1620,62,Male,Mesa,Savings,6002.61,2002-05-22,2023-04-01,Deposit,421.08,6423.69,Mortgage,38620.16,3.05,Closed,AMEX,3946.64,Praise,Pending,-1,2023,4,April,2002,20.9,56-65
1621,48,Other,Tucson,Savings,1014.3,2006-07-11,2023-09-15,Transfer,98.64,915.66,Personal,4825.67,1.25,Approved,AMEX,2364.59,Praise,Resolved,1,2023,9,September,2006,17.2,46-55
1622,69,Male,Oklahoma City,Current,5957.24,2022-05-09,2023-08-21,Transfer,527.63,6484.87,Auto,23558.3,2.74,Approved,AMEX,1587.95,Praise,Pending,1,2023,8,August,2022,1.3,65+
1623,60,Other,San Jose,Savings,1678.56,2010-03-10,2023-01-22,Deposit,1380.21,3058.77,Auto,16618.04,4.6,Approved,AMEX,2484.76,Praise,Resolved,1,2023,1,January,2010,12.9,56-65
1624,25,Male,Tucson,Savings,9819.03,2020-01-12,2023-06-03,Transfer,2052.19,11871.22,Personal,25916.13,3.18,Closed,MasterCard,3271.69,Complaint,Resolved,1,2023,6,June,2020,3.4,18-25
1625,22,Male,Phoenix,Savings,2671.12,2018-11-19,2023-05-16,Deposit,2972.93,-301.81,Auto,48324.29,7.5,Rejected,MasterCard,3501.67,Suggestion,Pending,1,2023,5,May,2018,4.5,18-25
1626,19,Male,Atlanta,Current,6990.56,2002-12-30,2023-10-19,Withdrawal,1008.45,7999.01,Personal,7095.41,8.1,Approved,Visa,2188.47,Praise,Pending,-1,2023,10,October,2002,20.8,18-25
1627,21,Male,Columbus,Current,6594.85,2010-12-21,2023-04-11,Withdrawal,1355.78,7950.63,Mortgage,43414.32,3.16,Closed,Visa,132.76,Complaint,Resolved,1,2023,4,April,2010,12.3,18-25
1628,52,Male,Portland,Savings,6944.38,2012-04-14,2023-03-22,Withdrawal,3498.41,10442.79,Personal,49551.8,3.42,Closed,MasterCard,3565.13,Complaint,Resolved,1,2023,3,March,2012,10.9,46-55
1629,51,Male,El Paso,Savings,4356.95,2006-04-14,2023-05-01,Transfer,4545.95,8902.9,Auto,49511.08,6.04,Rejected,Visa,1599.05,Complaint,Pending,1,2023,5,May,2006,17.0,46-55
1630,20,Male,Columbus,Current,835.88,2014-02-27,2023-05-15,Deposit,686.22,149.66,Mortgage,40037.78,7.77,Closed,MasterCard,4394.16,Praise,Resolved,1,2023,5,May,2014,9.2,18-25
1631,65,Other,Omaha,Current,9802.07,2006-04-24,2023-08-07,Withdrawal,2367.85,7434.22,Mortgage,23813.44,9.63,Approved,Visa,2108.29,Suggestion,Resolved,1,2023,8,August,2006,17.3,56-65
1632,37,Female,Houston,Savings,1996.11,2015-05-06,2023-08-22,Transfer,1484.14,3480.25,Auto,9722.03,3.7,Approved,Visa,3978.65,Suggestion,Pending,1,2023,8,August,2015,8.3,36-45
1633,26,Female,Colorado Springs,Current,7720.23,2004-07-12,2023-08-06,Withdrawal,2644.57,10364.8,Auto,30802.44,9.2,Approved,Visa,1836.02,Suggestion,Pending,1,2023,8,August,2004,19.1,26-35
1634,23,Male,Denver,Savings,1461.98,2013-08-21,2023-12-05,Withdrawal,604.46,857.52,Personal,30908.26,2.64,Approved,Visa,1854.21,Suggestion,Resolved,1,2023,12,December,2013,10.3,18-25
1635,64,Female,Houston,Current,2883.85,2017-10-28,2023-09-22,Withdrawal,1362.48,1521.37,Personal,16505.29,1.37,Approved,MasterCard,3812.82,Praise,Pending,1,2023,9,September,2017,5.9,56-65
1636,22,Other,Baltimore,Savings,5642.88,2010-05-01,2023-08-23,Transfer,3547.22,9190.1,Mortgage,31224.29,8.13,Closed,Visa,2697.61,Praise,Pending,1,2023,8,August,2010,13.3,18-25
1637,58,Other,Denver,Savings,4193.35,2012-03-03,2023-02-28,Deposit,4098.36,8291.71,Mortgage,6710.81,5.31,Approved,MasterCard,1281.72,Praise,Resolved,-1,2023,2,February,2012,11.0,56-65
1638,55,Other,Milwaukee,Savings,9586.84,2018-07-14,2023-03-06,Deposit,3112.01,12698.85,Auto,32066.41,1.69,Approved,Visa,4197.47,Complaint,Pending,1,2023,3,March,2018,4.6,46-55
1639,52,Female,Milwaukee,Savings,8492.08,2021-07-22,2023-09-03,Deposit,4722.85,3769.23,Personal,44939.4,1.64,Approved,Visa,3149.65,Suggestion,Resolved,1,2023,9,September,2021,2.1,46-55
1640,48,Female,Dallas,Savings,9225.72,2005-10-03,2023-05-29,Deposit,3267.97,5957.75,Mortgage,24131.2,1.12,Approved,Visa,3172.25,Praise,Resolved,1,2023,5,May,2005,17.7,46-55
1641,30,Female,San Jose,Current,6442.9,2010-07-19,2023-06-26,Transfer,3735.5,2707.4,Auto,38463.59,3.76,Rejected,MasterCard,3918.93,Praise,Resolved,1,2023,6,June,2010,12.9,26-35
1642,43,Male,Columbus,Savings,2267.27,2007-12-14,2023-02-02,Transfer,1793.56,473.71,Personal,32146.39,7.62,Closed,AMEX,3152.47,Suggestion,Resolved,1,2023,2,February,2007,15.1,36-45
1643,39,Other,Jacksonville,Current,5233.14,2003-12-24,2023-05-25,Transfer,857.64,4375.5,Mortgage,1150.14,6.99,Closed,MasterCard,1290.63,Praise,Resolved,1,2023,5,May,2003,19.4,36-45
1644,49,Other,Milwaukee,Current,7678.78,2006-08-31,2023-09-26,Withdrawal,3292.81,4385.97,Auto,6977.92,10.0,Approved,AMEX,51.64,Complaint,Pending,1,2023,9,September,2006,17.1,46-55
1645,32,Male,Atlanta,Current,740.71,2012-05-16,2023-08-29,Deposit,4596.24,5336.95,Auto,38966.93,6.35,Rejected,AMEX,3943.33,Praise,Pending,1,2023,8,August,2012,11.3,26-35
1646,28,Female,El Paso,Current,8644.86,2002-02-25,2023-10-26,Transfer,4909.69,3735.17,Mortgage,2982.19,1.99,Rejected,MasterCard,4786.85,Suggestion,Resolved,1,2023,10,October,2002,21.7,26-35
1647,33,Other,Portland,Savings,6350.37,2018-08-17,2023-04-23,Withdrawal,2255.73,8606.1,Mortgage,47856.14,9.81,Rejected,Visa,3597.05,Suggestion,Pending,1,2023,4,April,2018,4.7,26-35
1648,64,Female,Philadelphia,Current,7263.36,2008-10-24,2023-11-25,Withdrawal,2703.14,4560.22,Personal,44809.73,7.24,Approved,Visa,4130.71,Complaint,Resolved,1,2023,11,November,2008,15.1,56-65
1649,23,Male,Detroit,Current,6973.52,2019-11-15,2023-11-17,Withdrawal,1562.96,8536.48,Mortgage,18756.37,4.37,Rejected,MasterCard,4318.9,Praise,Pending,1,2023,11,November,2019,4.0,18-25
1650,63,Female,Los Angeles,Current,8492.85,2018-05-05,2023-02-09,Deposit,3365.85,5127.0,Mortgage,16208.81,3.22,Rejected,AMEX,1264.63,Praise,Resolved,1,2023,2,February,2018,4.8,56-65
1651,28,Male,San Jose,Savings,966.46,2004-11-08,2023-06-11,Transfer,3828.45,4794.91,Mortgage,31033.66,3.0,Approved,MasterCard,1784.36,Complaint,Resolved,1,2023,6,June,2004,18.6,26-35
1652,69,Female,Denver,Savings,3832.74,2005-08-04,2023-02-05,Withdrawal,215.57,4048.31,Personal,30977.84,9.61,Approved,Visa,3669.93,Complaint,Resolved,1,2023,2,February,2005,17.5,65+
1653,27,Male,New York,Current,5075.9,2019-08-18,2023-12-31,Transfer,4234.68,9310.58,Auto,5362.63,4.77,Rejected,AMEX,2197.26,Praise,Pending,1,2023,12,December,2019,4.4,26-35
1654,33,Other,Omaha,Current,5511.31,2020-10-30,2023-07-25,Withdrawal,2573.85,2937.46,Mortgage,11553.9,5.38,Closed,AMEX,3184.32,Complaint,Pending,1,2023,7,July,2020,2.7,26-35
1655,29,Male,Albuquerque,Savings,9431.3,2011-08-13,2023-08-23,Withdrawal,2902.78,6528.52,Personal,32186.86,8.53,Approved,AMEX,1345.98,Suggestion,Resolved,1,2023,8,August,2011,12.0,26-35
1656,24,Female,Washington,Current,520.39,2004-06-13,2023-04-17,Transfer,1039.07,-518.68,Personal,40237.76,9.67,Closed,MasterCard,3574.54,Praise,Pending,1,2023,4,April,2004,18.8,18-25
1657,56,Other,Memphis,Savings,8677.29,2004-01-11,2023-03-26,Withdrawal,61.4,8615.89,Auto,10408.12,1.04,Closed,MasterCard,2970.73,Complaint,Pending,1,2023,3,March,2004,19.2,56-65
1658,44,Female,Los Angeles,Current,5563.82,2015-03-12,2023-04-02,Withdrawal,4761.49,10325.31,Personal,35394.68,9.91,Closed,AMEX,4788.16,Suggestion,Resolved,-1,2023,4,April,2015,8.1,36-45
1659,41,Female,Omaha,Current,5590.82,2003-09-08,2023-08-12,Withdrawal,4642.72,948.1,Auto,43653.29,1.68,Approved,Visa,4617.51,Suggestion,Pending,1,2023,8,August,2003,19.9,36-45
1660,67,Male,Kansas City,Savings,3271.27,2000-01-14,2023-02-09,Deposit,3873.96,-602.69,Mortgage,6772.45,8.53,Closed,AMEX,2806.28,Suggestion,Resolved,1,2023,2,February,2000,23.1,65+
1661,32,Male,Austin,Savings,6471.84,2004-12-31,2023-04-03,Withdrawal,2373.25,8845.09,Auto,22516.07,9.55,Approved,Visa,1258.41,Praise,Pending,1,2023,4,April,2004,18.3,26-35
1662,23,Female,San Francisco,Current,6499.49,2015-01-29,2023-09-29,Deposit,1594.93,4904.56,Personal,42677.22,6.05,Approved,MasterCard,1945.51,Complaint,Pending,1,2023,9,September,2015,8.7,18-25
1663,36,Male,San Diego,Savings,1974.01,2011-05-15,2023-12-19,Deposit,788.83,1185.18,Auto,19160.72,5.97,Closed,MasterCard,3691.06,Praise,Resolved,1,2023,12,December,2011,12.6,36-45
1664,25,Female,Washington,Current,6802.36,2007-01-05,2023-11-02,Transfer,413.79,7216.15,Mortgage,14203.41,7.02,Rejected,Visa,2108.03,Complaint,Resolved,1,2023,11,November,2007,16.8,18-25
1665,69,Male,Houston,Savings,2740.39,2005-03-17,2023-08-22,Deposit,2291.95,448.44,Auto,37535.12,4.18,Rejected,Visa,4111.31,Praise,Pending,1,2023,8,August,2005,18.4,65+
1666,64,Male,Austin,Savings,6918.99,2021-09-03,2023-02-12,Withdrawal,3963.31,10882.3,Auto,20638.12,2.49,Approved,MasterCard,1193.68,Suggestion,Pending,1,2023,2,February,2021,1.4,56-65
1667,53,Female,San Diego,Savings,6158.24,2015-08-30,2023-12-09,Deposit,3632.35,9790.59,Auto,35609.28,1.6,Closed,MasterCard,3856.0,Complaint,Resolved,1,2023,12,December,2015,8.3,46-55
1668,67,Other,Dallas,Current,7187.92,2002-05-08,2023-05-13,Transfer,3782.11,10970.03,Mortgage,7193.17,8.93,Closed,MasterCard,3924.56,Complaint,Resolved,1,2023,5,May,2002,21.0,65+
1669,30,Male,Detroit,Current,295.03,2000-07-27,2023-03-06,Transfer,602.06,897.09,Personal,28122.03,5.93,Rejected,MasterCard,921.27,Praise,Resolved,1,2023,3,March,2000,22.6,26-35
1670,50,Female,Los Angeles,Current,1341.12,2005-12-30,2023-12-17,Withdrawal,4315.12,-2974.0,Personal,19593.58,7.25,Closed,Visa,441.66,Praise,Resolved,1,2023,12,December,2005,18.0,46-55
1671,49,Other,Indianapolis,Savings,8417.99,2022-03-15,2023-03-23,Deposit,4021.82,4396.17,Mortgage,49867.95,3.99,Approved,AMEX,3006.95,Complaint,Pending,1,2023,3,March,2022,1.0,46-55
1672,45,Male,Milwaukee,Current,3869.16,2021-05-04,2023-05-29,Deposit,479.5,3389.66,Personal,29978.18,8.26,Approved,MasterCard,3873.17,Suggestion,Pending,1,2023,5,May,2021,2.1,36-45
1673,57,Male,Philadelphia,Savings,8383.51,2004-12-27,2023-03-12,Transfer,1789.1,10172.61,Auto,34426.1,4.15,Closed,Visa,4688.47,Praise,Resolved,1,2023,3,March,2004,18.2,56-65
1674,68,Female,Nashville,Savings,720.48,2021-03-12,2023-11-17,Transfer,1882.37,2602.85,Auto,7420.72,1.27,Rejected,MasterCard,3412.46,Praise,Pending,1,2023,11,November,2021,2.7,65+
1675,66,Male,Detroit,Savings,7716.78,2001-06-29,2023-10-06,Transfer,3678.21,11394.99,Personal,49606.49,4.03,Closed,AMEX,3415.77,Complaint,Pending,1,2023,10,October,2001,22.3,65+
1676,27,Female,Denver,Savings,929.29,2003-02-01,2023-04-01,Transfer,4303.81,5233.1,Auto,3518.82,8.65,Approved,Visa,2168.17,Suggestion,Pending,1,2023,4,April,2003,20.2,26-35
1677,50,Female,Louisville,Current,4736.43,2017-09-24,2023-09-12,Transfer,1884.87,2851.56,Mortgage,4471.0,8.88,Approved,MasterCard,1584.33,Complaint,Pending,1,2023,9,September,2017,6.0,46-55
1678,18,Male,San Diego,Current,9381.98,2011-03-16,2023-06-11,Deposit,662.89,10044.87,Auto,4711.03,9.41,Approved,AMEX,2112.11,Complaint,Resolved,1,2023,6,June,2011,12.2,18-25
1679,38,Other,Columbus,Current,869.01,2000-09-03,2023-11-09,Deposit,421.98,447.03,Mortgage,43659.43,5.5,Rejected,Visa,3483.71,Praise,Pending,1,2023,11,November,2000,23.2,36-45
1680,22,Male,Las Vegas,Savings,3571.56,2017-08-23,2023-09-29,Deposit,3197.82,373.74,Auto,36700.88,9.61,Approved,Visa,4918.21,Suggestion,Pending,1,2023,9,September,2017,6.1,18-25
1681,18,Other,Atlanta,Current,5231.65,2001-09-11,2023-12-26,Withdrawal,2494.91,7726.56,Personal,48679.59,5.49,Approved,AMEX,3427.38,Complaint,Resolved,1,2023,12,December,2001,22.3,18-25
1682,38,Male,Detroit,Savings,9004.63,2005-05-12,2023-12-06,Withdrawal,4511.22,4493.41,Personal,4261.46,2.39,Closed,AMEX,2897.13,Complaint,Pending,1,2023,12,December,2005,18.6,36-45
1683,42,Other,Milwaukee,Current,3392.81,2018-04-17,2023-06-25,Withdrawal,4768.11,-1375.3,Auto,34892.11,5.52,Closed,MasterCard,2058.55,Suggestion,Resolved,1,2023,6,June,2018,5.2,36-45
1684,37,Male,Albuquerque,Current,8089.71,2006-07-06,2023-10-08,Deposit,4491.31,3598.4,Mortgage,27130.19,8.82,Rejected,MasterCard,1939.48,Praise,Pending,1,2023,10,October,2006,17.3,36-45
1685,62,Other,Los Angeles,Current,7209.91,2009-03-05,2023-07-15,Deposit,387.41,7597.32,Mortgage,32317.67,8.07,Rejected,AMEX,2161.05,Complaint,Pending,1,2023,7,July,2009,14.4,56-65
1686,26,Other,Boston,Current,3139.97,2002-06-03,2023-06-09,Withdrawal,1428.48,1711.49,Mortgage,26132.9,4.91,Closed,AMEX,2466.41,Praise,Pending,1,2023,6,June,2002,21.0,26-35
1687,33,Male,Los Angeles,Current,3474.05,2018-01-11,2023-10-28,Deposit,1201.65,4675.7,Mortgage,34092.0,2.91,Approved,MasterCard,2164.2,Praise,Pending,1,2023,10,October,2018,5.8,26-35
1688,45,Male,New York,Current,1991.02,2017-05-14,2023-04-02,Transfer,352.63,1638.39,Mortgage,45445.9,6.23,Approved,AMEX,4372.66,Praise,Pending,-1,2023,4,April,2017,5.9,36-45
1689,57,Female,Mesa,Savings,6960.33,2001-07-04,2023-06-17,Withdrawal,4592.18,2368.15,Mortgage,29786.22,9.38,Approved,Visa,87.1,Suggestion,Pending,1,2023,6,June,2001,22.0,56-65
1690,63,Other,Fort Worth,Savings,5674.71,2022-12-22,2023-05-21,Deposit,4474.98,1199.73,Mortgage,44924.38,2.6,Closed,AMEX,2813.48,Suggestion,Pending,1,2023,5,May,2022,0.4,56-65
1691,66,Male,Dallas,Savings,1634.03,2010-03-31,2023-09-18,Transfer,1959.93,-325.9,Personal,39325.95,8.44,Approved,AMEX,4220.77,Praise,Resolved,1,2023,9,September,2010,13.5,65+
1692,53,Female,Mesa,Current,6238.7,2003-12-14,2023-05-25,Withdrawal,4793.96,11032.66,Personal,43381.28,2.33,Closed,AMEX,2179.52,Suggestion,Pending,1,2023,5,May,2003,19.4,46-55
1693,56,Male,Louisville,Savings,5036.63,2013-01-26,2023-08-27,Deposit,2821.09,7857.72,Personal,33303.29,9.28,Rejected,MasterCard,4353.56,Complaint,Pending,1,2023,8,August,2013,10.6,56-65
1694,66,Other,Kansas City,Current,1016.64,2000-02-23,2023-03-12,Deposit,2175.82,-1159.18,Personal,26411.68,7.24,Approved,Visa,2992.02,Praise,Pending,1,2023,3,March,2000,23.0,65+
1695,41,Male,Tucson,Savings,9541.66,2000-06-12,2023-07-06,Transfer,2752.75,6788.91,Auto,4408.16,1.98,Closed,Visa,1385.87,Praise,Pending,1,2023,7,July,2000,23.1,36-45
1696,33,Male,Washington,Current,8364.08,2018-08-12,2023-02-04,Withdrawal,2116.06,6248.02,Mortgage,41910.22,2.82,Approved,AMEX,1081.78,Praise,Pending,1,2023,2,February,2018,4.5,26-35
1697,31,Female,Boston,Current,803.14,2007-08-21,2023-07-03,Deposit,1466.52,2269.66,Personal,12858.53,9.34,Closed,MasterCard,220.38,Complaint,Pending,1,2023,7,July,2007,15.9,26-35
1698,65,Male,Seattle,Savings,9319.55,2012-05-14,2023-05-24,Transfer,913.7,8405.85,Mortgage,2796.39,5.57,Approved,MasterCard,3518.41,Suggestion,Pending,1,2023,5,May,2012,11.0,56-65
1699,51,Female,Philadelphia,Current,9175.11,2014-09-03,2023-11-04,Deposit,2308.52,6866.59,Mortgage,26434.49,5.08,Rejected,AMEX,3253.99,Complaint,Pending,1,2023,11,November,2014,9.2,46-55
1700,41,Other,Seattle,Current,517.61,2015-06-23,2023-06-04,Deposit,2658.58,3176.19,Mortgage,31993.27,1.52,Rejected,AMEX,3914.5,Praise,Resolved,1,2023,6,June,2015,7.9,36-45
1701,64,Other,Indianapolis,Savings,2094.64,2002-12-16,2023-07-09,Withdrawal,4109.89,-2015.25,Mortgage,33429.74,1.76,Closed,MasterCard,4778.83,Complaint,Pending,1,2023,7,July,2002,20.6,56-65
1702,28,Male,Charlotte,Savings,7053.84,2014-02-04,2023-09-19,Withdrawal,2372.16,9426.0,Auto,33816.07,7.22,Closed,MasterCard,1643.1,Praise,Resolved,1,2023,9,September,2014,9.6,26-35
1703,62,Female,San Diego,Savings,9352.28,2006-03-15,2023-04-13,Deposit,4148.76,13501.04,Mortgage,33032.4,7.99,Rejected,Visa,1211.93,Suggestion,Pending,1,2023,4,April,2006,17.1,56-65
1704,53,Other,San Jose,Savings,8248.84,2012-09-15,2023-10-07,Deposit,4773.71,3475.13,Personal,40601.41,8.8,Closed,AMEX,1387.4,Suggestion,Pending,1,2023,10,October,2012,11.1,46-55
1705,18,Male,San Antonio,Savings,2890.79,2002-04-28,2023-08-31,Withdrawal,3610.22,-719.43,Personal,38698.72,5.53,Rejected,MasterCard,2775.37,Praise,Resolved,1,2023,8,August,2002,21.3,18-25
1706,64,Male,San Francisco,Current,431.04,2012-10-05,2023-03-28,Deposit,607.38,-176.34,Auto,40828.87,3.96,Approved,MasterCard,2326.99,Praise,Pending,1,2023,3,March,2012,10.5,56-65
1707,29,Male,Albuquerque,Current,4781.59,2021-02-10,2023-05-13,Deposit,2311.71,2469.88,Auto,23552.84,6.63,Rejected,Visa,447.71,Suggestion,Pending,1,2023,5,May,2021,2.3,26-35
1708,38,Male,Washington,Savings,1010.42,2012-08-04,2023-07-18,Deposit,4284.98,5295.4,Mortgage,4078.12,6.57,Approved,Visa,1096.81,Suggestion,Resolved,1,2023,7,July,2012,11.0,36-45
1709,26,Male,San Jose,Current,2528.43,2015-07-02,2023-03-27,Transfer,2463.29,65.14,Auto,32339.24,1.31,Closed,AMEX,2777.8,Praise,Pending,1,2023,3,March,2015,7.7,26-35
1710,56,Female,El Paso,Savings,6436.96,2016-09-24,2023-04-03,Transfer,4055.53,10492.49,Auto,11300.52,9.45,Rejected,Visa,4872.86,Suggestion,Pending,1,2023,4,April,2016,6.5,56-65
1711,20,Male,Memphis,Current,5000.69,2015-02-06,2023-06-30,Withdrawal,3881.71,1118.98,Personal,43116.56,6.78,Approved,AMEX,3819.45,Complaint,Pending,1,2023,6,June,2015,8.4,18-25
1712,33,Male,Washington,Current,3829.52,2003-12-30,2023-06-08,Deposit,807.63,4637.15,Auto,36361.62,1.06,Rejected,Visa,4914.85,Praise,Resolved,-1,2023,6,June,2003,19.4,26-35
1713,21,Male,New York,Current,9306.63,2012-05-29,2023-02-04,Deposit,1654.15,7652.48,Personal,38527.62,9.64,Approved,AMEX,3605.25,Complaint,Pending,1,2023,2,February,2012,10.7,18-25
1714,43,Male,Memphis,Savings,2010.37,2016-07-04,2023-04-08,Transfer,3821.92,5832.29,Personal,15034.69,9.57,Closed,AMEX,4936.57,Complaint,Pending,1,2023,4,April,2016,6.8,36-45
1715,63,Male,Phoenix,Current,4926.03,2017-03-21,2023-05-27,Withdrawal,804.3,4121.73,Personal,32019.65,9.51,Closed,AMEX,1248.32,Complaint,Resolved,1,2023,5,May,2017,6.2,56-65
1716,30,Male,Sacramento,Savings,5777.6,2006-01-22,2023-02-03,Withdrawal,2119.72,7897.32,Mortgage,26876.11,9.0,Rejected,MasterCard,4576.76,Praise,Resolved,1,2023,2,February,2006,17.0,26-35
1717,37,Male,Jacksonville,Savings,3287.23,2001-08-20,2023-07-30,Deposit,695.41,2591.82,Personal,14154.14,2.66,Approved,AMEX,3342.99,Complaint,Pending,1,2023,7,July,2001,21.9,36-45
1718,36,Other,Denver,Savings,7082.44,2015-02-19,2023-06-18,Deposit,1186.16,8268.6,Auto,40799.06,9.79,Closed,MasterCard,2990.17,Suggestion,Resolved,1,2023,6,June,2015,8.3,36-45
1719,44,Other,Atlanta,Current,8686.06,2013-01-01,2023-05-02,Transfer,1435.25,7250.81,Auto,27947.96,7.86,Approved,Visa,3507.88,Praise,Resolved,1,2023,5,May,2013,10.3,36-45
1720,19,Male,San Antonio,Current,5460.64,2000-02-16,2023-11-05,Transfer,2656.02,2804.62,Personal,10348.62,6.77,Closed,MasterCard,2846.06,Suggestion,Pending,1,2023,11,November,2000,23.7,18-25
1721,27,Female,Sacramento,Current,7835.24,2021-08-08,2023-07-27,Withdrawal,4560.4,3274.84,Personal,15957.11,9.48,Approved,MasterCard,1801.69,Praise,Resolved,1,2023,7,July,2021,2.0,26-35
1722,42,Male,San Jose,Savings,703.52,2003-07-10,2023-05-06,Transfer,1933.93,-1230.41,Personal,12128.27,4.43,Approved,MasterCard,4067.78,Suggestion,Resolved,1,2023,5,May,2003,19.8,36-45
1723,36,Female,Jacksonville,Savings,1622.45,2007-05-25,2023-07-11,Transfer,4251.33,5873.78,Personal,16307.6,9.38,Approved,Visa,1857.6,Praise,Pending,1,2023,7,July,2007,16.1,36-45
1724,32,Female,Los Angeles,Savings,4674.05,2002-07-31,2023-03-03,Withdrawal,3478.94,8152.99,Personal,10220.29,6.45,Approved,AMEX,2153.15,Suggestion,Pending,1,2023,3,March,2002,20.6,26-35
1725,56,Female,Philadelphia,Savings,9218.1,2006-04-09,2023-02-24,Withdrawal,3904.46,5313.64,Auto,19185.81,6.21,Closed,AMEX,3943.33,Complaint,Pending,1,2023,2,February,2006,16.9,56-65
1726,64,Female,San Diego,Savings,5362.76,2002-06-22,2023-12-14,Withdrawal,3813.41,1549.35,Mortgage,35005.18,6.81,Approved,Visa,4870.25,Suggestion,Pending,1,2023,12,December,2002,21.5,56-65
1727,66,Female,Mesa,Savings,4379.79,2014-12-05,2023-01-11,Deposit,1517.57,5897.36,Personal,48005.67,7.79,Approved,AMEX,1569.79,Praise,Pending,1,2023,1,January,2014,8.1,65+
1728,41,Other,Boston,Current,6041.06,2007-04-13,2023-08-28,Deposit,1188.89,4852.17,Personal,11316.27,5.0,Rejected,AMEX,4898.59,Suggestion,Resolved,1,2023,8,August,2007,16.4,36-45
1729,33,Male,Omaha,Savings,1332.21,2003-02-05,2023-11-04,Transfer,4888.14,6220.35,Mortgage,15691.65,9.83,Closed,AMEX,4440.0,Suggestion,Pending,1,2023,11,November,2003,20.7,26-35
1730,34,Other,San Antonio,Current,6571.44,2006-06-26,2023-08-12,Transfer,3691.76,10263.2,Personal,1105.52,1.8,Rejected,AMEX,990.49,Praise,Resolved,1,2023,8,August,2006,17.1,26-35
1731,33,Other,El Paso,Savings,1030.81,2019-01-09,2023-01-26,Transfer,1835.23,-804.42,Auto,12039.93,9.22,Rejected,Visa,802.87,Praise,Pending,1,2023,1,January,2019,4.0,26-35
1732,35,Male,Denver,Savings,5810.25,2009-09-14,2023-11-26,Deposit,2776.37,3033.88,Auto,21504.14,6.92,Approved,AMEX,4092.89,Suggestion,Resolved,1,2023,11,November,2009,14.2,26-35
1733,66,Other,Washington,Current,7172.46,2011-02-09,2023-12-09,Deposit,3881.6,11054.06,Mortgage,23625.13,9.19,Rejected,AMEX,332.61,Suggestion,Resolved,1,2023,12,December,2011,12.8,65+
1734,21,Male,San Jose,Current,4173.92,2013-04-12,2023-02-17,Withdrawal,288.28,4462.2,Personal,14050.24,4.32,Approved,MasterCard,4922.46,Complaint,Pending,1,2023,2,February,2013,9.9,18-25
1735,19,Male,Nashville,Current,9117.94,2011-01-17,2023-10-28,Withdrawal,504.17,9622.11,Personal,8365.83,8.46,Rejected,MasterCard,1026.27,Praise,Pending,1,2023,10,October,2011,12.8,18-25
1736,66,Male,New York,Current,1605.12,2003-02-09,2023-10-16,Deposit,135.15,1740.27,Auto,28590.42,6.54,Closed,AMEX,118.25,Complaint,Resolved,1,2023,10,October,2003,20.7,65+
1737,66,Male,Denver,Current,1792.49,2012-01-01,2023-03-19,Deposit,828.69,2621.18,Auto,21050.27,8.48,Closed,MasterCard,3323.8,Complaint,Resolved,1,2023,3,March,2012,11.2,65+
1738,48,Female,Tucson,Current,5217.45,2015-04-04,2023-01-09,Deposit,605.58,4611.87,Personal,21887.03,3.93,Rejected,AMEX,2848.34,Praise,Resolved,1,2023,1,January,2015,7.8,46-55
1739,19,Female,Houston,Current,9323.39,2001-10-21,2023-11-30,Transfer,2320.63,11644.02,Personal,44854.05,9.26,Rejected,AMEX,4556.12,Praise,Pending,1,2023,11,November,2001,22.1,18-25
1740,19,Other,Chicago,Savings,3967.92,2000-07-04,2023-08-16,Withdrawal,1443.13,2524.79,Personal,28510.7,9.32,Closed,MasterCard,687.2,Suggestion,Pending,1,2023,8,August,2000,23.1,18-25
1741,32,Male,Portland,Savings,9271.36,2005-09-07,2023-09-04,Transfer,237.49,9508.85,Personal,20028.63,5.27,Approved,AMEX,928.24,Praise,Resolved,1,2023,9,September,2005,18.0,26-35
1742,65,Male,Sacramento,Savings,6965.4,2003-12-02,2023-04-15,Withdrawal,2252.72,9218.12,Personal,13435.7,4.6,Rejected,MasterCard,3651.55,Praise,Pending,1,2023,4,April,2003,19.4,56-65
1743,60,Male,Louisville,Savings,7847.3,2002-01-16,2023-01-02,Deposit,2897.1,4950.2,Auto,22001.29,6.18,Approved,Visa,1954.68,Suggestion,Pending,1,2023,1,January,2002,21.0,56-65
1744,46,Male,Philadelphia,Current,9384.92,2010-07-01,2023-09-27,Transfer,1857.45,7527.47,Auto,43231.55,2.8,Approved,MasterCard,3142.53,Complaint,Resolved,-1,2023,9,September,2010,13.2,46-55
1745,51,Female,Philadelphia,Current,5766.05,2019-04-27,2023-06-13,Withdrawal,1309.14,7075.19,Auto,48289.9,5.47,Approved,Visa,174.36,Praise,Pending,1,2023,6,June,2019,4.1,46-55
1746,57,Female,El Paso,Savings,6452.36,2019-11-16,2023-02-04,Transfer,1958.37,8410.73,Auto,19484.31,9.07,Closed,MasterCard,4037.71,Complaint,Resolved,1,2023,2,February,2019,3.2,56-65
1747,49,Female,Tucson,Current,5832.01,2008-02-23,2023-03-05,Deposit,2604.29,8436.3,Mortgage,11240.12,4.29,Closed,Visa,1317.18,Praise,Pending,1,2023,3,March,2008,15.0,46-55
1748,38,Other,Indianapolis,Savings,7870.1,2017-04-16,2023-04-16,Withdrawal,2185.78,5684.32,Auto,45811.46,7.62,Rejected,AMEX,2664.92,Praise,Resolved,1,2023,4,April,2017,6.0,36-45
1749,47,Male,Las Vegas,Current,2806.72,2011-07-11,2023-09-01,Deposit,475.44,2331.28,Personal,8077.41,6.61,Rejected,AMEX,3471.55,Complaint,Pending,1,2023,9,September,2011,12.1,46-55
1750,41,Female,Phoenix,Savings,7901.67,2020-04-27,2023-12-19,Withdrawal,2289.62,10191.29,Auto,15571.88,3.35,Closed,MasterCard,830.34,Suggestion,Pending,1,2023,12,December,2020,3.6,36-45
1751,61,Female,San Jose,Savings,7164.1,2008-06-20,2023-01-09,Transfer,3604.46,10768.56,Auto,11003.15,5.79,Approved,AMEX,394.26,Complaint,Pending,1,2023,1,January,2008,14.6,56-65
1752,31,Male,Fort Worth,Savings,6060.46,2010-05-01,2023-07-24,Withdrawal,4101.79,10162.25,Auto,28725.65,8.67,Rejected,MasterCard,2.11,Praise,Resolved,1,2023,7,July,2010,13.2,26-35
1753,45,Female,Phoenix,Current,484.04,2007-11-03,2023-02-12,Transfer,2203.3,-1719.26,Mortgage,21023.42,5.99,Rejected,AMEX,288.83,Suggestion,Resolved,1,2023,2,February,2007,15.3,36-45
1754,31,Male,Atlanta,Savings,7767.99,2021-05-25,2023-09-23,Deposit,4969.03,2798.96,Auto,15071.15,7.27,Closed,AMEX,4554.46,Complaint,Pending,1,2023,9,September,2021,2.3,26-35
1755,61,Male,Milwaukee,Savings,1411.02,2006-08-30,2023-07-04,Deposit,4215.86,5626.88,Auto,38628.48,7.98,Rejected,AMEX,2596.29,Complaint,Pending,1,2023,7,July,2006,16.8,56-65
1756,51,Female,Louisville,Savings,9623.52,2020-05-26,2023-02-02,Withdrawal,1084.77,10708.29,Personal,33541.72,1.44,Rejected,AMEX,323.82,Complaint,Pending,1,2023,2,February,2020,2.7,46-55
1757,31,Other,Louisville,Current,906.78,2005-04-07,2023-02-23,Deposit,2289.28,3196.06,Personal,49780.06,1.46,Rejected,MasterCard,4982.27,Suggestion,Resolved,1,2023,2,February,2005,17.9,26-35
1758,42,Male,Baltimore,Savings,7230.73,2001-10-02,2023-08-20,Withdrawal,1484.37,5746.36,Personal,16287.42,2.03,Approved,AMEX,452.7,Complaint,Pending,1,2023,8,August,2001,21.9,36-45
1759,29,Other,Seattle,Current,3668.21,2004-01-24,2023-09-26,Transfer,2755.7,912.51,Personal,42418.77,2.47,Closed,MasterCard,4590.87,Praise,Resolved,1,2023,9,September,2004,19.7,26-35
1760,58,Female,Portland,Current,7383.33,2016-01-11,2023-06-01,Withdrawal,1128.35,8511.68,Mortgage,15822.87,8.3,Approved,Visa,1095.64,Complaint,Pending,1,2023,6,June,2016,7.4,56-65
1761,57,Male,Sacramento,Savings,5237.63,2010-05-20,2023-03-03,Withdrawal,185.79,5051.84,Auto,1442.83,4.92,Closed,AMEX,3513.49,Suggestion,Pending,1,2023,3,March,2010,12.8,56-65
1762,37,Male,Detroit,Current,6332.1,2005-04-09,2023-06-17,Withdrawal,4522.87,10854.97,Mortgage,8393.99,2.67,Approved,AMEX,1166.25,Suggestion,Resolved,1,2023,6,June,2005,18.2,36-45
1763,65,Female,Colorado Springs,Current,846.82,2003-08-24,2023-11-11,Deposit,2603.61,-1756.79,Auto,25915.06,5.79,Rejected,Visa,4960.47,Complaint,Pending,1,2023,11,November,2003,20.2,56-65
1764,59,Other,Seattle,Current,9668.14,2014-12-05,2023-11-08,Transfer,4575.66,5092.48,Personal,40690.46,7.87,Approved,MasterCard,897.48,Suggestion,Resolved,-1,2023,11,November,2014,8.9,56-65
1765,24,Female,Tucson,Current,138.08,2017-05-04,2023-03-05,Withdrawal,599.58,-461.5,Auto,3813.22,2.26,Approved,MasterCard,1753.21,Complaint,Resolved,1,2023,3,March,2017,5.8,18-25
1766,32,Female,Boston,Savings,9417.48,2019-08-06,2023-03-01,Transfer,765.9,8651.58,Auto,41768.72,4.1,Closed,MasterCard,681.34,Praise,Resolved,1,2023,3,March,2019,3.6,26-35
1767,26,Female,Milwaukee,Current,5725.68,2005-11-10,2023-10-06,Deposit,1140.16,4585.52,Auto,36087.65,2.75,Rejected,MasterCard,2474.34,Praise,Pending,1,2023,10,October,2005,17.9,26-35
1768,21,Other,Atlanta,Savings,2656.87,2020-09-27,2023-06-04,Withdrawal,2291.02,4947.89,Mortgage,2691.44,6.82,Closed,AMEX,2148.64,Suggestion,Resolved,-1,2023,6,June,2020,2.7,18-25
1769,48,Male,Los Angeles,Current,6413.5,2004-07-01,2023-04-18,Withdrawal,4401.21,2012.29,Personal,6208.49,2.23,Rejected,Visa,4068.26,Complaint,Resolved,-1,2023,4,April,2004,18.8,46-55
1770,40,Male,Tucson,Current,6761.68,2018-10-12,2023-11-13,Transfer,3255.56,10017.24,Personal,4705.87,8.03,Rejected,Visa,4271.94,Praise,Resolved,1,2023,11,November,2018,5.1,36-45
1771,23,Female,Colorado Springs,Savings,7330.28,2013-12-15,2023-10-27,Transfer,284.47,7614.75,Mortgage,34270.66,2.87,Rejected,Visa,4290.77,Complaint,Pending,1,2023,10,October,2013,9.9,18-25
1772,45,Female,Albuquerque,Current,262.73,2016-02-28,2023-02-26,Transfer,2041.91,2304.64,Mortgage,28490.45,1.53,Approved,Visa,183.76,Praise,Resolved,-1,2023,2,February,2016,7.0,36-45
1773,29,Other,Seattle,Current,9829.55,2022-06-04,2023-02-12,Withdrawal,3619.04,6210.51,Mortgage,18584.06,9.2,Approved,Visa,899.7,Praise,Resolved,1,2023,2,February,2022,0.7,26-35
1774,64,Female,San Francisco,Savings,6217.34,2010-02-27,2023-11-14,Withdrawal,1618.71,4598.63,Personal,5327.27,4.0,Rejected,AMEX,3195.5,Praise,Resolved,1,2023,11,November,2010,13.7,56-65
1775,68,Other,Fresno,Current,3837.61,2007-07-15,2023-12-15,Transfer,2467.88,1369.73,Personal,20256.09,5.52,Closed,AMEX,3008.84,Complaint,Pending,1,2023,12,December,2007,16.4,65+
1776,39,Other,Colorado Springs,Savings,5749.44,2016-12-15,2023-04-22,Transfer,3560.04,2189.4,Personal,34426.48,1.91,Closed,MasterCard,4032.65,Complaint,Resolved,1,2023,4,April,2016,6.3,36-45
1777,41,Other,San Antonio,Savings,1866.38,2020-04-07,2023-11-26,Transfer,4825.28,6691.66,Mortgage,5577.17,5.32,Approved,AMEX,3873.97,Praise,Pending,1,2023,11,November,2020,3.6,36-45
1778,51,Female,Sacramento,Current,2547.94,2000-11-14,2023-08-11,Deposit,1672.74,875.2,Mortgage,42972.66,3.0,Closed,MasterCard,1078.72,Complaint,Pending,1,2023,8,August,2000,22.7,46-55
1779,36,Male,Baltimore,Savings,949.22,2014-04-09,2023-07-14,Withdrawal,3724.44,-2775.22,Personal,4082.52,8.56,Rejected,AMEX,1719.69,Praise,Pending,1,2023,7,July,2014,9.3,36-45
1780,41,Other,Fort Worth,Current,8804.41,2009-05-06,2023-06-30,Transfer,3739.54,12543.95,Auto,30801.49,7.42,Closed,AMEX,2828.44,Praise,Resolved,1,2023,6,June,2009,14.1,36-45
1781,37,Male,Sacramento,Current,2590.84,2017-06-25,2023-06-20,Deposit,2718.08,-127.24,Auto,10268.24,6.97,Rejected,Visa,4313.79,Suggestion,Resolved,1,2023,6,June,2017,6.0,36-45
1782,69,Other,Austin,Savings,7423.13,2007-04-13,2023-12-26,Withdrawal,4068.69,11491.82,Personal,5490.34,8.03,Closed,MasterCard,2626.04,Praise,Resolved,1,2023,12,December,2007,16.7,65+
1783,51,Female,Houston,Current,2814.57,2004-02-16,2023-09-14,Deposit,2685.22,5499.79,Auto,18393.61,3.64,Approved,MasterCard,3451.71,Complaint,Resolved,1,2023,9,September,2004,19.6,46-55
1784,64,Other,Boston,Savings,1545.29,2019-05-30,2023-02-18,Transfer,3128.75,4674.04,Mortgage,33679.47,5.08,Closed,MasterCard,1928.13,Suggestion,Pending,1,2023,2,February,2019,3.7,56-65
1785,44,Other,Albuquerque,Current,1170.53,2013-08-01,2023-02-17,Deposit,4187.74,5358.27,Personal,6931.59,1.78,Approved,MasterCard,486.64,Praise,Resolved,1,2023,2,February,2013,9.5,36-45
1786,61,Male,Oklahoma City,Savings,8616.42,2005-07-13,2023-08-15,Deposit,2386.57,11002.99,Mortgage,24309.17,1.61,Closed,MasterCard,2210.39,Praise,Resolved,1,2023,8,August,2005,18.1,56-65
1787,46,Female,Milwaukee,Savings,1285.39,2000-06-03,2023-07-26,Transfer,2395.0,-1109.61,Auto,20899.25,3.96,Approved,AMEX,798.0,Suggestion,Pending,1,2023,7,July,2000,23.1,46-55
1788,18,Other,Houston,Savings,962.78,2020-03-14,2023-08-14,Transfer,2959.28,-1996.5,Personal,21945.26,8.4,Closed,Visa,1791.7,Complaint,Pending,1,2023,8,August,2020,3.4,18-25
1789,63,Female,Kansas City,Savings,192.61,2021-08-10,2023-06-30,Withdrawal,4022.93,-3830.32,Auto,47227.42,6.38,Rejected,AMEX,1515.16,Suggestion,Resolved,1,2023,6,June,2021,1.9,56-65
1790,53,Male,New York,Savings,3727.76,2004-05-23,2023-01-11,Deposit,644.66,4372.42,Mortgage,18102.47,4.82,Closed,AMEX,1226.7,Suggestion,Pending,1,2023,1,January,2004,18.6,46-55
1791,60,Female,Chicago,Savings,9432.6,2006-12-11,2023-11-13,Transfer,3858.37,5574.23,Personal,49589.82,9.7,Closed,AMEX,3427.91,Suggestion,Resolved,1,2023,11,November,2006,16.9,56-65
1792,56,Female,Atlanta,Current,9095.63,2007-12-09,2023-05-01,Transfer,1480.85,7614.78,Mortgage,27381.17,4.98,Closed,Visa,1004.34,Praise,Resolved,1,2023,5,May,2007,15.4,56-65
1793,62,Male,Washington,Current,1239.02,2016-01-18,2023-03-29,Transfer,364.46,1603.48,Mortgage,42281.56,5.22,Rejected,MasterCard,3385.39,Suggestion,Pending,1,2023,3,March,2016,7.2,56-65
1794,63,Other,San Francisco,Current,223.7,2014-06-14,2023-04-11,Withdrawal,3962.96,-3739.26,Mortgage,18094.35,9.93,Rejected,Visa,194.1,Complaint,Resolved,1,2023,4,April,2014,8.8,56-65
1795,24,Other,Columbus,Current,7534.97,2002-05-18,2023-04-09,Deposit,734.26,6800.71,Mortgage,5153.92,2.18,Approved,MasterCard,3371.65,Suggestion,Pending,1,2023,4,April,2002,20.9,18-25
1796,60,Female,Sacramento,Savings,3134.13,2008-04-01,2023-01-22,Transfer,1074.18,2059.95,Personal,5135.78,3.3,Closed,MasterCard,212.66,Praise,Pending,1,2023,1,January,2008,14.8,56-65
1797,37,Other,San Jose,Savings,8363.3,2009-01-23,2023-04-14,Deposit,3533.78,4829.52,Auto,29133.32,5.08,Rejected,Visa,890.08,Complaint,Pending,1,2023,4,April,2009,14.2,36-45
1798,37,Male,Sacramento,Savings,2232.75,2001-11-13,2023-03-12,Transfer,2826.97,5059.72,Auto,46565.87,6.14,Approved,Visa,2515.99,Complaint,Resolved,1,2023,3,March,2001,21.3,36-45
1799,42,Female,Los Angeles,Savings,4972.87,2004-01-01,2023-10-13,Transfer,4603.28,9576.15,Mortgage,4489.82,2.33,Closed,MasterCard,4939.53,Praise,Pending,1,2023,10,October,2004,19.8,36-45
1800,60,Female,San Jose,Current,426.17,2010-06-26,2023-11-12,Deposit,4772.13,5198.3,Mortgage,34766.75,3.96,Rejected,AMEX,3189.49,Suggestion,Pending,1,2023,11,November,2010,13.4,56-65
1801,38,Other,Indianapolis,Savings,8957.68,2000-05-25,2023-02-24,Deposit,1576.67,10534.35,Mortgage,28599.3,2.98,Rejected,MasterCard,17.12,Suggestion,Pending,1,2023,2,February,2000,22.8,36-45
1802,26,Other,Seattle,Savings,1861.96,2005-05-28,2023-05-07,Withdrawal,1627.75,234.21,Auto,32960.28,8.65,Closed,Visa,3879.38,Suggestion,Resolved,1,2023,5,May,2005,17.9,26-35
1803,44,Other,San Antonio,Savings,3017.56,2015-05-29,2023-02-08,Withdrawal,1056.61,1960.95,Personal,11561.51,8.51,Rejected,Visa,1702.98,Suggestion,Pending,1,2023,2,February,2015,7.7,36-45
1804,45,Female,Mesa,Current,4849.03,2004-12-25,2023-05-19,Deposit,2592.91,7441.94,Auto,4454.92,3.16,Approved,AMEX,4960.5,Praise,Resolved,1,2023,5,May,2004,18.4,36-45
1805,42,Other,Baltimore,Current,2785.56,2017-02-27,2023-05-12,Transfer,1896.16,4681.72,Auto,4661.68,4.91,Approved,AMEX,3031.9,Complaint,Resolved,1,2023,5,May,2017,6.2,36-45
1806,53,Female,San Antonio,Current,497.62,2021-07-17,2023-08-24,Withdrawal,83.12,580.74,Mortgage,13089.51,6.86,Rejected,MasterCard,4626.76,Suggestion,Resolved,-1,2023,8,August,2021,2.1,46-55
1807,51,Other,Charlotte,Current,387.95,2019-01-23,2023-06-10,Deposit,1980.83,2368.78,Mortgage,11468.32,1.43,Rejected,MasterCard,244.44,Suggestion,Resolved,1,2023,6,June,2019,4.4,46-55
1808,19,Female,Omaha,Savings,9556.61,2017-09-23,2023-02-14,Withdrawal,317.89,9874.5,Personal,7191.52,8.95,Rejected,MasterCard,1845.45,Suggestion,Resolved,1,2023,2,February,2017,5.4,18-25
1809,26,Female,Denver,Current,3322.41,2017-05-03,2023-06-14,Deposit,3997.23,-674.82,Mortgage,13969.47,5.6,Approved,MasterCard,1437.06,Praise,Resolved,1,2023,6,June,2017,6.1,26-35
1810,36,Female,Atlanta,Current,3410.48,2004-05-25,2023-12-06,Transfer,4645.18,-1234.7,Mortgage,27164.71,3.04,Approved,MasterCard,1872.92,Praise,Resolved,1,2023,12,December,2004,19.5,36-45
1811,32,Other,Los Angeles,Savings,9236.71,2011-08-10,2023-08-14,Withdrawal,1486.16,10722.87,Mortgage,47526.18,4.57,Rejected,MasterCard,1523.65,Complaint,Pending,1,2023,8,August,2011,12.0,26-35
1812,38,Other,San Jose,Current,8377.92,2004-03-27,2023-05-29,Withdrawal,3257.06,11634.98,Auto,46191.17,9.12,Approved,AMEX,1390.97,Praise,Resolved,1,2023,5,May,2004,19.2,36-45
1813,67,Male,Omaha,Current,6900.72,2019-02-03,2023-11-10,Withdrawal,451.72,6449.0,Personal,14313.97,1.22,Closed,MasterCard,2406.17,Praise,Resolved,-1,2023,11,November,2019,4.8,65+
1814,33,Female,Milwaukee,Savings,6619.21,2007-08-04,2023-11-03,Withdrawal,1823.98,8443.19,Personal,4244.28,2.29,Approved,AMEX,3902.46,Suggestion,Pending,1,2023,11,November,2007,16.2,26-35
1815,19,Other,Indianapolis,Current,8030.75,2005-06-10,2023-11-23,Deposit,2883.81,5146.94,Auto,49786.05,2.73,Rejected,Visa,3233.04,Praise,Resolved,1,2023,11,November,2005,18.5,18-25
1816,43,Male,Philadelphia,Current,1771.87,2007-12-06,2023-05-24,Deposit,529.82,2301.69,Auto,24344.01,1.54,Approved,AMEX,1848.12,Suggestion,Pending,-1,2023,5,May,2007,15.5,36-45
1817,61,Male,Louisville,Current,6676.32,2019-02-05,2023-08-12,Withdrawal,1891.93,4784.39,Mortgage,48936.75,3.03,Closed,MasterCard,2947.78,Praise,Pending,1,2023,8,August,2019,4.5,56-65
1818,46,Other,Albuquerque,Current,1074.15,2022-05-19,2023-06-27,Transfer,4776.65,-3702.5,Personal,27344.46,8.35,Rejected,AMEX,4534.79,Suggestion,Resolved,1,2023,6,June,2022,1.1,46-55
1819,50,Female,Jacksonville,Savings,1352.48,2018-01-08,2023-11-27,Deposit,838.75,513.73,Auto,44431.68,5.74,Approved,MasterCard,1343.59,Praise,Pending,1,2023,11,November,2018,5.9,46-55
1820,51,Male,Seattle,Savings,2503.29,2022-11-11,2023-06-25,Deposit,3104.95,5608.24,Auto,22913.81,6.45,Closed,AMEX,2502.71,Suggestion,Resolved,1,2023,6,June,2022,0.6,46-55
1821,63,Male,Houston,Current,7127.06,2016-06-18,2023-01-29,Transfer,4168.41,11295.47,Mortgage,31479.13,2.4,Approved,AMEX,4558.19,Suggestion,Pending,1,2023,1,January,2016,6.6,56-65
1822,44,Female,Dallas,Savings,8936.2,2003-09-12,2023-10-25,Withdrawal,3858.14,5078.06,Mortgage,27251.28,3.5,Closed,MasterCard,3655.29,Praise,Resolved,1,2023,10,October,2003,20.1,36-45
1823,24,Other,San Antonio,Savings,6938.78,2021-01-14,2023-04-08,Withdrawal,3859.2,3079.58,Personal,11773.99,9.26,Closed,AMEX,873.71,Praise,Pending,1,2023,4,April,2021,2.2,18-25
1824,66,Female,San Diego,Current,4224.57,2019-04-28,2023-07-06,Deposit,305.02,3919.55,Personal,38426.12,2.89,Approved,MasterCard,3966.97,Complaint,Resolved,1,2023,7,July,2019,4.2,65+
1825,32,Female,San Antonio,Current,5185.25,2021-11-11,2023-11-26,Transfer,4868.27,10053.52,Personal,3685.47,9.16,Rejected,MasterCard,4011.3,Suggestion,Resolved,1,2023,11,November,2021,2.0,26-35
1826,34,Other,Omaha,Savings,7152.03,2016-02-01,2023-08-12,Transfer,3638.45,3513.58,Mortgage,18758.18,6.97,Closed,Visa,3729.5,Suggestion,Pending,1,2023,8,August,2016,7.5,26-35
1827,26,Male,Chicago,Savings,6171.49,2019-12-07,2023-04-18,Deposit,4772.16,1399.33,Personal,43625.23,5.52,Rejected,MasterCard,2979.02,Suggestion,Resolved,1,2023,4,April,2019,3.4,26-35
1828,30,Female,San Francisco,Current,5341.73,2008-04-18,2023-03-25,Withdrawal,4896.5,10238.23,Mortgage,25631.5,2.57,Closed,Visa,590.01,Complaint,Resolved,1,2023,3,March,2008,14.9,26-35
1829,49,Male,Los Angeles,Savings,2444.25,2001-11-06,2023-09-15,Withdrawal,1791.44,652.81,Personal,4804.63,7.06,Closed,Visa,2346.17,Complaint,Resolved,1,2023,9,September,2001,21.9,46-55
1830,19,Male,Charlotte,Savings,6207.91,2001-01-03,2023-05-16,Transfer,2721.48,8929.39,Mortgage,11168.98,8.98,Closed,AMEX,433.38,Complaint,Resolved,1,2023,5,May,2001,22.4,18-25
1831,49,Male,Memphis,Current,284.81,2018-07-15,2023-04-24,Transfer,3650.03,-3365.22,Personal,6372.34,2.44,Rejected,Visa,2594.53,Praise,Pending,1,2023,4,April,2018,4.8,46-55
1832,64,Other,Washington,Current,5644.53,2009-03-14,2023-10-24,Transfer,4246.93,9891.46,Auto,14604.03,1.06,Approved,Visa,2025.72,Suggestion,Resolved,1,2023,10,October,2009,14.6,56-65
1833,37,Male,Houston,Current,8225.38,2004-01-11,2023-05-08,Transfer,4855.03,3370.35,Mortgage,9100.28,7.66,Closed,MasterCard,29.56,Praise,Resolved,1,2023,5,May,2004,19.3,36-45
1834,60,Female,Philadelphia,Current,1879.53,2014-08-26,2023-03-30,Transfer,4872.54,6752.07,Auto,35885.59,6.4,Approved,Visa,3888.55,Complaint,Resolved,1,2023,3,March,2014,8.6,56-65
1835,36,Female,Kansas City,Savings,1230.68,2003-09-10,2023-05-19,Transfer,1645.49,2876.17,Personal,33311.89,5.53,Closed,AMEX,3253.82,Praise,Pending,1,2023,5,May,2003,19.7,36-45
1836,63,Female,Detroit,Current,9705.33,2008-04-04,2023-01-24,Transfer,3405.59,13110.92,Mortgage,7618.86,5.1,Closed,AMEX,1203.88,Suggestion,Pending,1,2023,1,January,2008,14.8,56-65
1837,44,Other,Austin,Savings,8450.29,2001-10-31,2023-02-04,Transfer,743.19,9193.48,Personal,22804.55,5.48,Closed,AMEX,3210.2,Complaint,Pending,1,2023,2,February,2001,21.3,36-45
1838,53,Female,Detroit,Savings,3089.81,2015-09-06,2023-05-13,Transfer,4054.52,-964.71,Mortgage,15496.24,4.37,Closed,AMEX,2720.64,Complaint,Resolved,1,2023,5,May,2015,7.7,46-55
1839,47,Other,San Francisco,Current,2164.87,2003-06-08,2023-04-16,Deposit,805.91,2970.78,Auto,17523.58,1.74,Approved,AMEX,2540.59,Complaint,Resolved,1,2023,4,April,2003,19.9,46-55
1840,28,Male,Las Vegas,Savings,3406.99,2005-07-01,2023-09-27,Withdrawal,4454.49,-1047.5,Personal,29223.01,7.98,Approved,Visa,1882.08,Praise,Resolved,1,2023,9,September,2005,18.2,26-35
1841,33,Male,Louisville,Current,4369.13,2002-04-06,2023-10-01,Deposit,4895.71,9264.84,Mortgage,45035.76,5.21,Rejected,Visa,217.21,Complaint,Resolved,1,2023,10,October,2002,21.5,26-35
1842,43,Other,Sacramento,Current,8228.72,2006-04-30,2023-04-14,Deposit,440.88,7787.84,Auto,44968.93,8.42,Closed,MasterCard,4930.85,Suggestion,Pending,1,2023,4,April,2006,17.0,36-45
1843,47,Other,Milwaukee,Savings,2468.12,2004-06-22,2023-06-23,Transfer,2566.67,5034.79,Auto,21238.05,9.84,Approved,AMEX,2548.97,Praise,Resolved,1,2023,6,June,2004,19.0,46-55
1844,19,Other,San Jose,Savings,7236.37,2021-08-26,2023-08-13,Transfer,1331.01,5905.36,Auto,20266.56,2.55,Approved,AMEX,273.74,Complaint,Pending,1,2023,8,August,2021,2.0,18-25
1845,51,Male,Sacramento,Savings,9299.98,2010-01-17,2023-03-09,Transfer,2355.47,6944.51,Personal,26380.82,8.14,Approved,Visa,253.4,Complaint,Resolved,1,2023,3,March,2010,13.1,46-55
1846,58,Other,Indianapolis,Current,3857.17,2012-12-02,2023-02-26,Deposit,1475.94,2381.23,Personal,24231.64,9.8,Approved,Visa,3847.82,Suggestion,Resolved,-1,2023,2,February,2012,10.2,56-65
1847,39,Male,Charlotte,Current,357.86,2012-03-06,2023-02-09,Transfer,337.58,20.28,Auto,4027.47,7.52,Rejected,MasterCard,1723.64,Suggestion,Resolved,1,2023,2,February,2012,10.9,36-45
1848,48,Male,Seattle,Current,8293.4,2002-10-04,2023-08-01,Transfer,1976.7,10270.1,Mortgage,29358.72,3.21,Closed,AMEX,2144.18,Suggestion,Pending,1,2023,8,August,2002,20.8,46-55
1849,38,Female,Atlanta,Savings,7113.3,2002-10-07,2023-06-22,Withdrawal,1030.8,6082.5,Personal,29651.89,9.07,Closed,AMEX,3076.36,Praise,Pending,1,2023,6,June,2002,20.7,36-45
1850,53,Male,Portland,Current,1575.79,2020-12-25,2023-04-22,Transfer,2750.96,4326.75,Personal,23066.53,8.14,Closed,Visa,10.47,Praise,Resolved,1,2023,4,April,2020,2.3,46-55
1851,57,Other,Sacramento,Current,6009.37,2007-09-01,2023-11-14,Withdrawal,3405.98,2603.39,Personal,21284.27,5.04,Approved,MasterCard,2579.61,Suggestion,Resolved,1,2023,11,November,2007,16.2,56-65
1852,40,Other,Sacramento,Savings,8265.68,2021-02-26,2023-10-06,Deposit,2032.48,10298.16,Auto,47008.34,6.15,Closed,MasterCard,3464.0,Suggestion,Resolved,1,2023,10,October,2021,2.6,36-45
1853,43,Other,Louisville,Savings,1892.21,2020-08-11,2023-08-04,Withdrawal,1026.16,2918.37,Mortgage,30440.38,7.5,Rejected,AMEX,1963.75,Suggestion,Resolved,1,2023,8,August,2020,3.0,36-45
1854,35,Male,Colorado Springs,Current,2306.73,2022-11-08,2023-07-20,Transfer,966.61,3273.34,Personal,40997.69,2.12,Rejected,MasterCard,811.38,Suggestion,Pending,-1,2023,7,July,2022,0.7,26-35
1855,32,Male,Kansas City,Current,2097.64,2013-11-05,2023-03-24,Transfer,21.91,2075.73,Mortgage,47738.21,9.34,Approved,Visa,4259.92,Suggestion,Resolved,1,2023,3,March,2013,9.4,26-35
1856,51,Female,Dallas,Current,9975.27,2012-03-19,2023-08-07,Withdrawal,3514.9,13490.17,Personal,40694.98,9.89,Approved,MasterCard,1986.5,Praise,Resolved,1,2023,8,August,2012,11.4,46-55
1857,39,Female,Fort Worth,Savings,2372.26,2008-08-18,2023-04-14,Withdrawal,1273.1,1099.16,Personal,47206.0,3.97,Closed,AMEX,4982.17,Praise,Resolved,1,2023,4,April,2008,14.7,36-45
1858,45,Other,Charlotte,Current,2742.49,2021-05-17,2023-02-20,Transfer,4853.99,7596.48,Mortgage,38205.39,7.44,Rejected,Visa,2677.71,Suggestion,Pending,1,2023,2,February,2021,1.8,36-45
1859,60,Male,Nashville,Current,574.46,2021-06-17,2023-09-14,Withdrawal,3737.82,-3163.36,Mortgage,9335.91,4.79,Approved,MasterCard,632.05,Complaint,Resolved,1,2023,9,September,2021,2.2,56-65
1860,66,Other,Sacramento,Savings,9834.46,2008-07-27,2023-03-18,Withdrawal,1483.94,8350.52,Mortgage,12119.59,1.25,Closed,AMEX,398.12,Suggestion,Pending,1,2023,3,March,2008,14.6,65+
1861,24,Other,Tucson,Current,2542.87,2012-07-03,2023-01-04,Transfer,803.14,1739.73,Auto,10500.87,9.63,Rejected,AMEX,1041.42,Praise,Pending,1,2023,1,January,2012,10.5,18-25
1862,57,Other,Denver,Current,7279.81,2015-02-25,2023-11-07,Deposit,3125.48,4154.33,Mortgage,16784.18,2.28,Approved,Visa,4474.64,Complaint,Pending,1,2023,11,November,2015,8.7,56-65
1863,59,Female,El Paso,Current,361.05,2012-03-27,2023-03-30,Deposit,4324.14,4685.19,Mortgage,18394.65,1.67,Approved,MasterCard,2460.66,Suggestion,Resolved,1,2023,3,March,2012,11.0,56-65
1864,41,Other,San Jose,Savings,7855.69,2009-04-03,2023-05-18,Transfer,2925.77,10781.46,Mortgage,40747.92,8.53,Closed,Visa,4139.49,Complaint,Pending,1,2023,5,May,2009,14.1,36-45
1865,52,Female,New York,Savings,7531.04,2004-06-18,2023-09-07,Withdrawal,64.76,7466.28,Mortgage,18681.75,1.3,Approved,MasterCard,3354.14,Complaint,Pending,1,2023,9,September,2004,19.2,46-55
1866,30,Male,Memphis,Savings,933.11,2018-07-21,2023-12-29,Deposit,3933.62,-3000.51,Mortgage,36633.72,7.19,Approved,Visa,4291.04,Complaint,Pending,1,2023,12,December,2018,5.4,26-35
1867,66,Other,Las Vegas,Savings,1313.76,2000-02-05,2023-01-30,Withdrawal,4821.47,-3507.71,Mortgage,45287.02,9.37,Closed,Visa,2588.86,Complaint,Resolved,1,2023,1,January,2000,23.0,65+
1868,30,Female,Indianapolis,Current,3021.58,2001-12-25,2023-08-12,Transfer,246.89,2774.69,Mortgage,6613.12,4.66,Approved,Visa,4095.26,Complaint,Pending,1,2023,8,August,2001,21.6,26-35
1869,48,Male,Boston,Savings,3611.21,2006-11-11,2023-06-07,Withdrawal,4047.56,-436.35,Personal,1012.8,1.62,Approved,MasterCard,4715.21,Suggestion,Pending,1,2023,6,June,2006,16.6,46-55
1870,36,Female,El Paso,Savings,7856.65,2009-01-10,2023-01-05,Deposit,3597.79,11454.44,Mortgage,44544.27,2.96,Approved,AMEX,723.05,Praise,Pending,1,2023,1,January,2009,14.0,36-45
1871,46,Other,Louisville,Savings,705.77,2002-06-09,2023-09-28,Withdrawal,1993.51,2699.28,Mortgage,12674.55,9.53,Approved,MasterCard,4984.98,Complaint,Resolved,1,2023,9,September,2002,21.3,46-55
1872,39,Male,Indianapolis,Savings,6537.37,2003-11-01,2023-02-17,Deposit,3174.02,9711.39,Mortgage,8518.45,5.19,Closed,MasterCard,3695.91,Complaint,Resolved,1,2023,2,February,2003,19.3,36-45
1873,58,Male,Kansas City,Current,2362.49,2021-09-06,2023-12-19,Withdrawal,802.44,3164.93,Mortgage,15465.23,5.87,Closed,Visa,2872.36,Praise,Resolved,1,2023,12,December,2021,2.3,56-65
1874,38,Male,Austin,Savings,3886.45,2011-03-25,2023-07-23,Deposit,3603.27,7489.72,Mortgage,10115.28,2.4,Closed,MasterCard,4961.09,Praise,Resolved,1,2023,7,July,2011,12.3,36-45
1875,33,Female,Chicago,Current,121.82,2020-09-23,2023-10-08,Withdrawal,2910.4,3032.22,Personal,39888.95,9.26,Rejected,AMEX,833.35,Suggestion,Resolved,1,2023,10,October,2020,3.0,26-35
1876,47,Female,Charlotte,Savings,2982.12,2007-04-14,2023-10-02,Deposit,442.05,2540.07,Auto,32090.89,5.65,Approved,MasterCard,3238.32,Suggestion,Pending,1,2023,10,October,2007,16.5,46-55
1877,22,Female,New York,Current,1796.25,2016-04-24,2023-02-28,Deposit,4342.51,-2546.26,Mortgage,9197.91,5.76,Approved,Visa,941.51,Suggestion,Resolved,1,2023,2,February,2016,6.8,18-25
1878,58,Male,San Antonio,Savings,5089.32,2010-04-07,2023-06-30,Transfer,650.53,5739.85,Personal,29594.62,6.18,Rejected,Visa,2542.94,Praise,Resolved,1,2023,6,June,2010,13.2,56-65
1879,58,Other,New York,Savings,1666.1,2012-04-06,2023-06-16,Withdrawal,2197.14,-531.04,Auto,11196.46,7.91,Rejected,Visa,197.98,Complaint,Pending,1,2023,6,June,2012,11.2,56-65
1880,23,Other,Albuquerque,Savings,8374.59,2019-06-15,2023-09-18,Deposit,664.56,9039.15,Mortgage,10680.24,2.83,Rejected,Visa,1718.44,Praise,Pending,1,2023,9,September,2019,4.3,18-25
1881,38,Male,Dallas,Current,8840.77,2018-02-28,2023-08-01,Withdrawal,3234.15,5606.62,Personal,30176.9,9.48,Approved,MasterCard,4366.55,Praise,Pending,1,2023,8,August,2018,5.4,36-45
1882,59,Other,Memphis,Savings,8468.37,2018-04-30,2023-04-10,Withdrawal,3691.9,4776.47,Auto,33569.66,2.58,Rejected,MasterCard,3792.78,Suggestion,Pending,1,2023,4,April,2018,4.9,56-65
1883,67,Male,Detroit,Current,9819.85,2014-10-08,2023-01-19,Transfer,4736.69,5083.16,Auto,17963.9,2.78,Closed,MasterCard,1984.25,Suggestion,Resolved,1,2023,1,January,2014,8.3,65+
1884,28,Other,El Paso,Current,9155.0,2012-11-16,2023-11-20,Deposit,1270.49,10425.49,Auto,38406.97,1.11,Rejected,MasterCard,855.66,Complaint,Resolved,1,2023,11,November,2012,11.0,26-35
1885,41,Other,Memphis,Current,2869.9,2022-11-14,2023-01-24,Deposit,1837.82,1032.08,Auto,42023.51,1.18,Closed,MasterCard,309.91,Suggestion,Pending,1,2023,1,January,2022,0.2,36-45
1886,45,Other,Kansas City,Savings,3213.16,2001-08-23,2023-03-31,Withdrawal,1939.72,1273.44,Auto,45900.87,4.86,Rejected,AMEX,4765.11,Suggestion,Resolved,1,2023,3,March,2001,21.6,36-45
1887,32,Female,Tucson,Savings,5373.33,2013-07-28,2023-05-27,Transfer,494.04,5867.37,Personal,31676.94,2.65,Closed,Visa,2162.05,Praise,Pending,1,2023,5,May,2013,9.8,26-35
1888,56,Female,San Antonio,Savings,3911.08,2016-11-25,2023-11-11,Deposit,4041.46,-130.38,Mortgage,11781.22,2.91,Approved,MasterCard,3602.02,Suggestion,Pending,1,2023,11,November,2016,7.0,56-65
1889,63,Male,Fort Worth,Savings,9702.12,2012-07-12,2023-11-13,Deposit,422.72,10124.84,Auto,37674.78,9.89,Approved,MasterCard,4541.02,Suggestion,Pending,1,2023,11,November,2012,11.3,56-65
1890,57,Female,Milwaukee,Savings,3461.36,2011-10-26,2023-02-01,Withdrawal,1699.34,1762.02,Personal,6284.45,9.36,Closed,AMEX,3682.86,Praise,Resolved,1,2023,2,February,2011,11.3,56-65
1891,68,Male,Albuquerque,Current,7426.82,2021-03-04,2023-12-28,Deposit,960.02,8386.84,Mortgage,9879.53,3.9,Closed,AMEX,2342.15,Complaint,Resolved,1,2023,12,December,2021,2.8,65+
1892,64,Female,Oklahoma City,Savings,5796.08,2017-02-23,2023-02-14,Withdrawal,3325.25,9121.33,Personal,41806.62,4.09,Rejected,Visa,1845.7,Complaint,Pending,1,2023,2,February,2017,6.0,56-65
1893,36,Other,San Francisco,Savings,9569.16,2016-06-17,2023-08-20,Deposit,4528.79,5040.37,Personal,45630.64,3.63,Closed,AMEX,4365.61,Suggestion,Pending,1,2023,8,August,2016,7.2,36-45
1894,67,Female,Mesa,Savings,7470.72,2021-09-27,2023-05-10,Deposit,3734.96,11205.68,Auto,4269.14,8.94,Approved,Visa,1594.46,Suggestion,Resolved,1,2023,5,May,2021,1.6,65+
1895,34,Female,Chicago,Current,3106.09,2018-03-24,2023-08-13,Transfer,3874.85,-768.76,Mortgage,16293.96,1.88,Approved,AMEX,1635.71,Complaint,Resolved,1,2023,8,August,2018,5.4,26-35
1896,20,Female,New York,Savings,2050.98,2003-10-22,2023-10-28,Deposit,401.73,2452.71,Personal,31829.7,6.26,Approved,AMEX,3784.53,Complaint,Pending,1,2023,10,October,2003,20.0,18-25
1897,20,Male,Portland,Savings,8560.72,2019-11-04,2023-06-10,Deposit,3697.42,4863.3,Mortgage,46993.74,2.68,Rejected,AMEX,2929.1,Praise,Resolved,1,2023,6,June,2019,3.6,18-25
1898,56,Male,Omaha,Savings,9119.04,2020-08-09,2023-10-06,Transfer,322.03,8797.01,Auto,28965.55,7.82,Rejected,MasterCard,2139.87,Complaint,Pending,1,2023,10,October,2020,3.2,56-65
1899,45,Other,Tucson,Savings,8327.83,2011-09-26,2023-08-14,Deposit,2426.19,10754.02,Mortgage,41228.64,6.68,Rejected,AMEX,2252.79,Complaint,Resolved,1,2023,8,August,2011,11.9,36-45
1900,48,Other,Oklahoma City,Current,7400.75,2005-05-11,2023-04-16,Withdrawal,3462.8,3937.95,Auto,46215.0,4.49,Closed,MasterCard,2917.86,Complaint,Resolved,1,2023,4,April,2005,17.9,46-55
1901,59,Other,Columbus,Current,3285.13,2008-06-15,2023-03-10,Withdrawal,1281.13,4566.26,Personal,26433.1,1.88,Closed,Visa,2187.14,Suggestion,Resolved,1,2023,3,March,2008,14.7,56-65
1902,66,Female,Mesa,Savings,5103.19,2014-03-17,2023-07-27,Transfer,3416.02,1687.17,Mortgage,37282.03,7.91,Rejected,AMEX,1583.39,Complaint,Resolved,1,2023,7,July,2014,9.4,65+
1903,64,Other,Phoenix,Current,9165.46,2005-01-01,2023-07-18,Deposit,4403.85,13569.31,Mortgage,33458.23,1.69,Closed,MasterCard,4530.41,Suggestion,Pending,1,2023,7,July,2005,18.5,56-65
1904,25,Male,El Paso,Current,1435.48,2005-06-28,2023-05-17,Transfer,4391.05,5826.53,Auto,33896.75,3.46,Rejected,Visa,2531.95,Complaint,Pending,1,2023,5,May,2005,17.9,18-25
1905,34,Other,Charlotte,Current,4999.7,2003-03-07,2023-09-01,Transfer,968.6,4031.1,Auto,26336.27,3.28,Rejected,Visa,993.03,Complaint,Pending,1,2023,9,September,2003,20.5,26-35
1906,52,Other,Philadelphia,Savings,3619.54,2018-01-16,2023-12-27,Deposit,1379.83,4999.37,Mortgage,31536.39,6.21,Closed,MasterCard,822.82,Complaint,Resolved,1,2023,12,December,2018,5.9,46-55
1907,53,Other,Tucson,Current,6807.15,2000-06-16,2023-03-29,Deposit,3333.53,10140.68,Personal,28164.35,5.62,Approved,Visa,1438.15,Complaint,Pending,1,2023,3,March,2000,22.8,46-55
1908,44,Other,Denver,Savings,6377.29,2002-11-03,2023-02-18,Deposit,4208.16,2169.13,Personal,32249.41,3.52,Closed,MasterCard,4932.62,Complaint,Pending,1,2023,2,February,2002,20.3,36-45
1909,57,Other,San Jose,Savings,5644.57,2016-12-20,2023-01-26,Transfer,2281.54,7926.11,Personal,25754.69,4.87,Rejected,AMEX,4623.38,Praise,Pending,1,2023,1,January,2016,6.1,56-65
1910,62,Male,Memphis,Current,2868.19,2013-03-16,2023-08-12,Transfer,4611.78,-1743.59,Personal,11902.35,4.93,Rejected,Visa,460.46,Complaint,Resolved,-1,2023,8,August,2013,10.4,56-65
1911,50,Female,Philadelphia,Current,1679.55,2020-08-11,2023-10-10,Transfer,2877.33,-1197.78,Auto,34987.3,6.16,Approved,MasterCard,421.4,Suggestion,Pending,1,2023,10,October,2020,3.2,46-55
1912,67,Other,Charlotte,Current,7864.95,2010-11-17,2023-06-18,Deposit,1317.12,6547.83,Auto,19817.55,9.08,Closed,MasterCard,1909.18,Suggestion,Pending,1,2023,6,June,2010,12.6,65+
1913,28,Female,Indianapolis,Savings,9918.32,2000-07-18,2023-12-05,Transfer,109.63,9808.69,Personal,7259.33,2.28,Rejected,Visa,2566.16,Praise,Resolved,1,2023,12,December,2000,23.4,26-35
1914,38,Other,Las Vegas,Current,1774.03,2009-05-06,2023-07-30,Transfer,4038.72,5812.75,Personal,42714.89,6.02,Approved,MasterCard,1517.92,Suggestion,Pending,1,2023,7,July,2009,14.2,36-45
1915,23,Female,El Paso,Savings,850.34,2000-06-27,2023-04-17,Deposit,473.09,1323.43,Mortgage,9886.0,1.17,Closed,AMEX,3280.53,Praise,Resolved,1,2023,4,April,2000,22.8,18-25
1916,65,Male,Jacksonville,Current,7482.74,2004-09-20,2023-12-09,Deposit,401.43,7884.17,Auto,27494.74,7.28,Closed,AMEX,2142.85,Complaint,Pending,1,2023,12,December,2004,19.2,56-65
1917,38,Female,San Francisco,Current,3504.17,2003-03-25,2023-11-18,Transfer,3887.9,7392.07,Personal,36334.75,6.76,Closed,MasterCard,2686.54,Complaint,Resolved,1,2023,11,November,2003,20.7,36-45
1918,68,Other,Baltimore,Current,2208.74,2013-03-28,2023-11-13,Withdrawal,167.93,2376.67,Personal,32737.42,7.25,Rejected,MasterCard,1402.99,Complaint,Pending,1,2023,11,November,2013,10.6,65+
1919,45,Female,Jacksonville,Savings,5298.74,2002-05-17,2023-11-19,Transfer,4215.37,1083.37,Mortgage,8882.12,5.27,Rejected,Visa,347.29,Praise,Resolved,1,2023,11,November,2002,21.5,36-45
1920,34,Female,Denver,Current,6784.62,2002-09-04,2023-11-18,Withdrawal,2997.64,9782.26,Personal,10512.77,2.68,Approved,AMEX,3460.63,Praise,Pending,1,2023,11,November,2002,21.2,26-35
1921,35,Other,Memphis,Savings,2227.01,2009-12-19,2023-07-24,Transfer,3186.36,-959.35,Mortgage,8293.55,5.03,Approved,AMEX,3630.8,Praise,Pending,1,2023,7,July,2009,13.6,26-35
1922,28,Female,Los Angeles,Current,9945.59,2002-02-21,2023-08-12,Withdrawal,4690.87,5254.72,Auto,4554.81,1.21,Closed,MasterCard,2370.04,Praise,Resolved,-1,2023,8,August,2002,21.5,26-35
1923,63,Other,Mesa,Savings,3349.42,2011-10-07,2023-02-12,Deposit,4334.79,7684.21,Personal,14880.4,4.43,Approved,MasterCard,4311.73,Complaint,Resolved,1,2023,2,February,2011,11.4,56-65
1924,61,Male,Denver,Current,3218.03,2022-01-03,2023-04-17,Deposit,389.22,2828.81,Personal,26682.78,8.55,Rejected,MasterCard,1531.23,Praise,Pending,1,2023,4,April,2022,1.3,56-65
1925,42,Other,San Antonio,Current,4287.71,2018-06-07,2023-03-03,Transfer,4266.4,8554.11,Mortgage,9474.59,4.05,Rejected,MasterCard,3620.7,Praise,Pending,1,2023,3,March,2018,4.7,36-45
1926,47,Male,Detroit,Current,7475.79,2009-09-20,2023-01-13,Deposit,3339.05,4136.74,Mortgage,48572.1,6.33,Rejected,Visa,2900.88,Complaint,Resolved,1,2023,1,January,2009,13.3,46-55
1927,69,Female,Charlotte,Current,8745.25,2021-11-26,2023-03-24,Transfer,1590.7,10335.95,Personal,35242.69,3.35,Rejected,MasterCard,2147.06,Suggestion,Resolved,1,2023,3,March,2021,1.3,65+
1928,42,Other,Kansas City,Current,3307.46,2020-08-19,2023-10-07,Transfer,4268.27,7575.73,Auto,29588.29,2.21,Approved,MasterCard,1060.17,Suggestion,Pending,1,2023,10,October,2020,3.1,36-45
1929,24,Female,Chicago,Current,1275.6,2009-06-12,2023-12-19,Deposit,126.26,1401.86,Personal,34389.51,5.69,Rejected,AMEX,3304.0,Complaint,Pending,1,2023,12,December,2009,14.5,18-25
1930,66,Male,Kansas City,Savings,2635.7,2022-10-06,2023-03-18,Withdrawal,4189.34,6825.04,Mortgage,22361.55,1.32,Rejected,MasterCard,800.22,Praise,Resolved,1,2023,3,March,2022,0.4,65+
1931,54,Male,Indianapolis,Current,934.37,2016-12-19,2023-04-05,Transfer,3104.75,-2170.38,Auto,24025.5,9.14,Approved,AMEX,3625.51,Praise,Resolved,1,2023,4,April,2016,6.3,46-55
1932,63,Female,Los Angeles,Current,6340.41,2015-04-22,2023-06-15,Withdrawal,1313.23,5027.18,Personal,44544.58,7.99,Rejected,MasterCard,1074.8,Suggestion,Pending,1,2023,6,June,2015,8.1,56-65
1933,44,Other,Milwaukee,Savings,7432.89,2020-03-09,2023-01-08,Withdrawal,39.73,7393.16,Auto,36375.03,9.98,Closed,Visa,86.53,Praise,Pending,1,2023,1,January,2020,2.8,36-45
1934,43,Other,Louisville,Savings,4349.74,2017-04-11,2023-11-10,Deposit,2611.41,6961.15,Mortgage,29821.16,9.94,Approved,AMEX,1515.23,Complaint,Pending,1,2023,11,November,2017,6.6,36-45
1935,30,Other,San Antonio,Current,9532.67,2013-12-03,2023-06-07,Transfer,2117.06,7415.61,Mortgage,47560.42,7.56,Rejected,MasterCard,4320.69,Praise,Pending,1,2023,6,June,2013,9.5,26-35
1936,41,Other,Baltimore,Savings,7302.49,2002-08-17,2023-01-19,Deposit,4314.11,2988.38,Mortgage,33469.42,7.99,Approved,MasterCard,143.69,Suggestion,Pending,1,2023,1,January,2002,20.4,36-45
1937,29,Male,San Antonio,Savings,3858.62,2014-01-17,2023-10-13,Transfer,3941.7,-83.08,Personal,20535.81,5.75,Rejected,MasterCard,311.96,Suggestion,Resolved,1,2023,10,October,2014,9.7,26-35
1938,31,Other,Mesa,Current,1111.92,2012-08-09,2023-02-24,Withdrawal,2952.39,4064.31,Auto,3325.44,2.97,Closed,MasterCard,2668.9,Complaint,Pending,1,2023,2,February,2012,10.5,26-35
1939,26,Female,Memphis,Savings,4987.67,2001-12-25,2023-06-23,Transfer,762.74,4224.93,Auto,20143.13,8.28,Rejected,AMEX,20.59,Suggestion,Pending,1,2023,6,June,2001,21.5,26-35
1940,48,Male,Las Vegas,Current,5087.97,2019-10-09,2023-06-15,Withdrawal,3633.36,1454.61,Mortgage,46315.48,3.43,Closed,MasterCard,3193.18,Complaint,Pending,1,2023,6,June,2019,3.7,46-55
1941,21,Female,Colorado Springs,Savings,5550.81,2007-03-13,2023-09-30,Deposit,2972.18,8522.99,Personal,3187.84,6.85,Closed,MasterCard,3121.83,Suggestion,Resolved,1,2023,9,September,2007,16.6,18-25
1942,36,Female,Houston,Savings,6856.25,2017-03-15,2023-12-20,Deposit,122.49,6733.76,Mortgage,10043.57,7.58,Closed,MasterCard,1105.53,Complaint,Pending,1,2023,12,December,2017,6.8,36-45
1943,18,Female,Memphis,Savings,2717.39,2003-06-01,2023-02-06,Deposit,3811.42,6528.81,Mortgage,40628.63,6.08,Approved,AMEX,2175.14,Complaint,Resolved,1,2023,2,February,2003,19.7,18-25
1944,46,Male,Phoenix,Current,124.6,2006-07-22,2023-11-07,Transfer,4160.29,-4035.69,Personal,18882.79,6.96,Closed,Visa,3830.97,Suggestion,Pending,1,2023,11,November,2006,17.3,46-55
1945,62,Other,Memphis,Current,8147.16,2013-07-29,2023-11-21,Transfer,3874.73,4272.43,Mortgage,10109.04,3.64,Closed,Visa,1008.3,Suggestion,Resolved,-1,2023,11,November,2013,10.3,56-65
1946,23,Female,Baltimore,Current,8253.01,2017-11-04,2023-02-11,Deposit,889.89,7363.12,Auto,40967.59,7.84,Closed,MasterCard,3015.65,Suggestion,Resolved,1,2023,2,February,2017,5.3,18-25
1947,18,Female,Memphis,Current,9125.06,2003-05-12,2023-09-12,Transfer,2517.48,11642.54,Personal,28363.54,9.49,Approved,MasterCard,2195.08,Complaint,Resolved,1,2023,9,September,2003,20.3,18-25
1948,42,Other,Detroit,Current,9693.46,2017-08-14,2023-03-06,Transfer,2641.14,12334.6,Personal,27874.71,5.36,Closed,Visa,1971.31,Praise,Pending,1,2023,3,March,2017,5.6,36-45
1949,44,Other,Denver,Current,1675.8,2017-07-30,2023-12-02,Transfer,4672.43,-2996.63,Mortgage,15395.46,2.09,Closed,Visa,1646.72,Complaint,Pending,1,2023,12,December,2017,6.3,36-45
1950,39,Other,Detroit,Savings,3603.33,2016-10-25,2023-04-04,Withdrawal,4628.76,8232.09,Personal,34081.6,6.58,Rejected,Visa,2723.09,Complaint,Resolved,1,2023,4,April,2016,6.4,36-45
1951,34,Other,Atlanta,Savings,8528.46,2020-07-18,2023-01-10,Transfer,320.77,8849.23,Mortgage,43229.48,4.07,Closed,Visa,1256.2,Complaint,Resolved,1,2023,1,January,2020,2.5,26-35
1952,46,Female,Portland,Current,9346.59,2003-01-28,2023-06-29,Deposit,4995.99,14342.58,Mortgage,37760.06,4.77,Approved,AMEX,3183.33,Praise,Resolved,1,2023,6,June,2003,20.4,46-55
1953,20,Male,Baltimore,Savings,243.84,2017-04-01,2023-10-07,Deposit,3935.58,4179.42,Mortgage,31008.88,2.36,Rejected,MasterCard,571.27,Praise,Resolved,1,2023,10,October,2017,6.5,18-25
1954,34,Other,Baltimore,Current,3936.59,2017-03-22,2023-01-21,Transfer,1883.9,5820.49,Mortgage,18175.46,6.63,Approved,Visa,4291.87,Suggestion,Resolved,1,2023,1,January,2017,5.8,26-35
1955,19,Other,Chicago,Current,1222.52,2010-12-03,2023-06-29,Withdrawal,3718.98,-2496.46,Auto,42885.38,8.09,Rejected,AMEX,3823.08,Suggestion,Pending,1,2023,6,June,2010,12.6,18-25
1956,49,Female,San Antonio,Savings,7905.74,2000-08-29,2023-12-25,Withdrawal,1889.48,6016.26,Mortgage,28739.27,7.9,Closed,AMEX,2078.88,Complaint,Pending,1,2023,12,December,2000,23.3,46-55
1957,39,Other,Dallas,Savings,7496.59,2011-09-14,2023-03-20,Withdrawal,4682.03,12178.62,Personal,44589.65,9.94,Closed,AMEX,890.95,Praise,Pending,1,2023,3,March,2011,11.5,36-45
1958,56,Female,San Jose,Current,7567.6,2006-02-05,2023-05-13,Deposit,1896.78,9464.38,Mortgage,13454.75,2.91,Closed,Visa,1975.14,Complaint,Resolved,-1,2023,5,May,2006,17.3,56-65
1959,50,Female,Charlotte,Current,3963.33,2019-03-26,2023-06-13,Deposit,3832.83,7796.16,Mortgage,33060.48,9.23,Closed,AMEX,3371.0,Praise,Resolved,1,2023,6,June,2019,4.2,46-55
1960,39,Female,Phoenix,Savings,4121.85,2017-05-23,2023-04-25,Transfer,784.82,4906.67,Mortgage,46824.26,7.59,Approved,MasterCard,1830.75,Complaint,Pending,1,2023,4,April,2017,5.9,36-45
1961,64,Female,Memphis,Savings,2692.46,2020-12-16,2023-10-05,Transfer,4263.06,-1570.6,Auto,19330.2,7.37,Closed,MasterCard,411.88,Complaint,Pending,1,2023,10,October,2020,2.8,56-65
1962,21,Other,Sacramento,Savings,3672.85,2020-04-19,2023-02-21,Transfer,3106.01,566.84,Mortgage,47612.05,7.15,Rejected,AMEX,545.58,Complaint,Resolved,1,2023,2,February,2020,2.8,18-25
1963,55,Male,Portland,Current,9832.51,2018-04-22,2023-03-25,Withdrawal,4039.93,5792.58,Mortgage,20230.64,5.85,Closed,Visa,3482.74,Praise,Pending,1,2023,3,March,2018,4.9,46-55
1964,30,Other,Portland,Current,561.03,2014-10-14,2023-10-11,Transfer,2095.62,2656.65,Personal,22446.71,4.41,Approved,Visa,4284.0,Suggestion,Resolved,1,2023,10,October,2014,9.0,26-35
1965,40,Male,San Diego,Current,3307.67,2003-12-12,2023-10-14,Transfer,1738.11,1569.56,Auto,40515.92,9.49,Approved,Visa,4146.27,Praise,Resolved,1,2023,10,October,2003,19.8,36-45
1966,30,Other,Albuquerque,Current,7920.24,2001-08-29,2023-11-05,Transfer,2667.78,10588.02,Personal,13777.81,2.36,Closed,MasterCard,3721.6,Praise,Resolved,1,2023,11,November,2001,22.2,26-35
1967,37,Female,Oklahoma City,Current,3885.23,2008-07-06,2023-06-01,Transfer,1947.06,1938.17,Mortgage,35587.78,2.58,Closed,AMEX,3800.16,Complaint,Resolved,1,2023,6,June,2008,14.9,36-45
1968,50,Other,Jacksonville,Savings,9504.85,2000-12-31,2023-09-11,Transfer,2575.6,12080.45,Personal,15621.07,1.15,Closed,MasterCard,4903.4,Complaint,Pending,1,2023,9,September,2000,22.7,46-55
1969,51,Female,San Jose,Current,3388.23,2020-02-08,2023-10-28,Deposit,2158.93,1229.3,Personal,30094.74,7.65,Approved,MasterCard,779.95,Praise,Resolved,-1,2023,10,October,2020,3.7,46-55
1970,55,Other,Memphis,Current,8512.61,2011-01-24,2023-05-10,Deposit,991.25,9503.86,Auto,39022.08,9.05,Approved,AMEX,2726.63,Suggestion,Resolved,1,2023,5,May,2011,12.3,46-55
1971,46,Female,Sacramento,Current,8169.44,2003-01-29,2023-03-04,Withdrawal,4883.38,3286.06,Auto,2280.83,2.67,Rejected,Visa,1314.32,Complaint,Resolved,1,2023,3,March,2003,20.1,46-55
1972,49,Male,San Diego,Savings,191.16,2021-11-22,2023-12-05,Withdrawal,90.27,100.89,Auto,5335.38,1.31,Closed,Visa,1151.38,Suggestion,Resolved,1,2023,12,December,2021,2.0,46-55
1973,28,Female,Memphis,Current,4089.59,2009-12-23,2023-02-10,Withdrawal,4628.98,8718.57,Personal,46784.34,3.2,Approved,MasterCard,2046.46,Suggestion,Resolved,1,2023,2,February,2009,13.1,26-35
1974,35,Other,Milwaukee,Savings,2878.31,2011-07-26,2023-03-30,Deposit,4138.7,-1260.39,Auto,40975.65,8.95,Closed,Visa,1683.12,Complaint,Pending,1,2023,3,March,2011,11.7,26-35
1975,62,Female,Baltimore,Current,4848.12,2005-07-19,2023-10-06,Deposit,2110.31,6958.43,Personal,43973.47,1.15,Closed,Visa,3271.05,Complaint,Pending,1,2023,10,October,2005,18.2,56-65
1976,38,Male,Washington,Current,4681.43,2000-01-21,2023-06-27,Transfer,1617.26,3064.17,Personal,22508.14,1.91,Rejected,MasterCard,2073.95,Praise,Pending,1,2023,6,June,2000,23.4,36-45
1977,29,Male,Nashville,Savings,9064.74,2022-07-03,2023-11-26,Withdrawal,831.79,8232.95,Mortgage,36101.24,1.22,Rejected,AMEX,1425.91,Complaint,Resolved,1,2023,11,November,2022,1.4,26-35
1978,69,Other,Fort Worth,Savings,1917.46,2013-09-27,2023-06-10,Transfer,673.97,2591.43,Personal,49915.49,9.49,Approved,Visa,418.82,Praise,Resolved,1,2023,6,June,2013,9.7,65+
1979,56,Female,Austin,Current,1903.69,2019-05-12,2023-02-12,Deposit,2759.08,4662.77,Mortgage,22194.03,2.22,Rejected,MasterCard,1454.19,Praise,Pending,1,2023,2,February,2019,3.8,56-65
1980,37,Other,Los Angeles,Savings,1169.86,2003-12-24,2023-02-24,Transfer,536.08,1705.94,Personal,42492.21,9.1,Approved,AMEX,2419.49,Complaint,Pending,1,2023,2,February,2003,19.2,36-45
1981,24,Female,Los Angeles,Savings,7412.65,2014-05-23,2023-02-20,Transfer,2387.59,9800.24,Mortgage,4884.87,5.26,Closed,Visa,3035.32,Complaint,Pending,1,2023,2,February,2014,8.7,18-25
1982,44,Male,Fresno,Savings,9186.82,2017-09-09,2023-12-20,Transfer,4075.4,13262.22,Auto,27649.27,4.55,Approved,Visa,3196.56,Suggestion,Pending,1,2023,12,December,2017,6.3,36-45
1983,24,Other,Chicago,Current,3748.19,2013-03-28,2023-06-14,Transfer,3787.52,7535.71,Mortgage,17328.75,4.84,Rejected,AMEX,1047.2,Suggestion,Pending,1,2023,6,June,2013,10.2,18-25
1984,19,Male,Indianapolis,Current,712.04,2016-05-22,2023-03-04,Deposit,671.23,40.81,Personal,26631.43,4.77,Approved,Visa,2044.32,Suggestion,Pending,1,2023,3,March,2016,6.8,18-25
1985,60,Female,Houston,Current,1644.61,2004-01-15,2023-11-19,Deposit,4805.77,6450.38,Mortgage,6589.65,4.08,Closed,AMEX,2015.68,Praise,Pending,1,2023,11,November,2004,19.8,56-65
1986,50,Male,El Paso,Current,1113.6,2002-07-24,2023-09-06,Deposit,1437.99,-324.39,Mortgage,19016.41,8.3,Closed,AMEX,74.56,Complaint,Pending,1,2023,9,September,2002,21.1,46-55
1987,38,Female,Oklahoma City,Savings,5964.17,2000-02-04,2023-11-23,Deposit,3531.4,2432.77,Auto,4749.96,5.57,Closed,AMEX,4420.67,Praise,Pending,1,2023,11,November,2000,23.8,36-45
1988,46,Other,Boston,Current,2894.75,2009-08-26,2023-04-17,Withdrawal,1509.48,1385.27,Mortgage,23201.56,9.92,Approved,MasterCard,3369.53,Suggestion,Resolved,1,2023,4,April,2009,13.6,46-55
1989,49,Female,Baltimore,Savings,8984.73,2016-05-14,2023-06-26,Withdrawal,3090.96,12075.69,Auto,22647.95,5.66,Closed,MasterCard,3311.08,Praise,Resolved,1,2023,6,June,2016,7.1,46-55
1990,62,Female,Seattle,Current,1706.6,2021-05-17,2023-05-09,Transfer,2866.72,-1160.12,Mortgage,17155.8,8.37,Rejected,MasterCard,2891.58,Suggestion,Resolved,1,2023,5,May,2021,2.0,56-65
1991,29,Other,Austin,Current,9308.54,2001-12-06,2023-09-12,Transfer,899.8,10208.34,Mortgage,47467.29,7.71,Approved,AMEX,2303.93,Suggestion,Pending,1,2023,9,September,2001,21.8,26-35
1992,30,Other,Memphis,Savings,3394.11,2013-04-09,2023-07-12,Transfer,3266.27,6660.38,Personal,5063.74,4.61,Approved,Visa,1123.98,Praise,Resolved,1,2023,7,July,2013,10.3,26-35
1993,56,Male,San Francisco,Current,8686.33,2011-11-23,2023-04-04,Transfer,1636.77,7049.56,Personal,41419.05,8.1,Closed,AMEX,1962.14,Complaint,Pending,1,2023,4,April,2011,11.4,56-65
1994,61,Female,Detroit,Current,9495.06,2014-08-09,2023-04-06,Withdrawal,3059.64,6435.42,Auto,18391.43,2.39,Rejected,MasterCard,881.94,Complaint,Pending,1,2023,4,April,2014,8.7,56-65
1995,66,Female,El Paso,Current,9865.0,2020-06-11,2023-06-26,Deposit,2711.47,12576.47,Auto,10766.37,2.83,Approved,AMEX,4077.29,Complaint,Resolved,1,2023,6,June,2020,3.0,65+
1996,57,Male,Oklahoma City,Savings,8055.57,2012-05-27,2023-02-16,Transfer,4214.84,3840.73,Personal,14355.39,6.57,Approved,AMEX,1054.82,Praise,Resolved,1,2023,2,February,2012,10.7,56-65
1997,20,Female,Los Angeles,Current,1106.7,2000-08-26,2023-05-07,Withdrawal,1075.82,2182.52,Auto,45192.8,7.4,Approved,AMEX,1386.3,Complaint,Resolved,1,2023,5,May,2000,22.7,18-25
1998,56,Female,Las Vegas,Savings,648.25,2011-08-15,2023-09-23,Withdrawal,765.55,-117.3,Personal,41420.03,6.79,Closed,AMEX,63.56,Suggestion,Pending,1,2023,9,September,2011,12.1,56-65
1999,68,Other,Milwaukee,Savings,7423.32,2005-10-05,2023-10-27,Transfer,4275.94,3147.38,Mortgage,1772.12,5.58,Rejected,AMEX,1872.14,Praise,Resolved,1,2023,10,October,2005,18.1,65+
2000,69,Other,Portland,Current,8980.69,2010-01-16,2023-08-28,Transfer,2228.28,11208.97,Auto,8219.14,2.24,Approved,AMEX,3549.02,Praise,Resolved,1,2023,8,August,2010,13.6,65+
2001,25,Other,Los Angeles,Current,1743.96,2012-09-05,2023-10-27,Withdrawal,3911.4,-2167.44,Mortgage,34076.33,4.35,Rejected,AMEX,891.32,Complaint,Pending,1,2023,10,October,2012,11.1,18-25
2002,63,Male,Columbus,Current,9416.57,2005-12-02,2023-08-13,Withdrawal,4798.27,14214.84,Personal,16553.29,6.44,Closed,AMEX,2556.83,Praise,Pending,1,2023,8,August,2005,17.7,56-65
2003,63,Other,Houston,Current,6141.26,2017-09-22,2023-12-31,Transfer,2726.19,3415.07,Auto,46037.91,3.03,Closed,Visa,4693.65,Praise,Pending,1,2023,12,December,2017,6.3,56-65
2004,19,Male,San Jose,Savings,1327.69,2012-03-19,2023-01-04,Deposit,1510.39,-182.7,Auto,39538.58,6.74,Rejected,MasterCard,2192.56,Praise,Pending,1,2023,1,January,2012,10.8,18-25
2005,23,Other,Mesa,Savings,1753.63,2009-10-05,2023-03-05,Deposit,3973.2,-2219.57,Auto,43876.9,3.11,Rejected,Visa,3973.29,Praise,Resolved,1,2023,3,March,2009,13.4,18-25
2006,65,Female,Sacramento,Current,752.96,2014-09-12,2023-11-06,Transfer,4655.41,5408.37,Auto,10450.65,1.88,Closed,AMEX,3991.89,Praise,Pending,1,2023,11,November,2014,9.1,56-65
2007,58,Female,San Diego,Current,1517.83,2008-01-12,2023-08-24,Transfer,1233.29,284.54,Mortgage,8384.56,3.92,Rejected,MasterCard,3261.25,Suggestion,Pending,1,2023,8,August,2008,15.6,56-65
2008,32,Other,Los Angeles,Current,7348.03,2008-07-05,2023-09-10,Deposit,3444.84,3903.19,Auto,46664.57,3.45,Rejected,MasterCard,1830.38,Complaint,Resolved,1,2023,9,September,2008,15.2,26-35
2009,68,Other,Philadelphia,Savings,2265.79,2001-04-09,2023-06-18,Withdrawal,3905.11,-1639.32,Auto,20805.51,8.29,Approved,Visa,3798.17,Complaint,Resolved,1,2023,6,June,2001,22.2,65+
2010,64,Male,Milwaukee,Current,5660.38,2014-08-15,2023-01-30,Transfer,142.55,5517.83,Auto,21370.12,5.35,Rejected,MasterCard,4699.76,Praise,Pending,1,2023,1,January,2014,8.5,56-65
2011,29,Female,Jacksonville,Current,7238.7,2007-12-30,2023-03-12,Transfer,2965.42,4273.28,Auto,34543.96,1.58,Closed,AMEX,1360.69,Praise,Resolved,1,2023,3,March,2007,15.2,26-35
2012,58,Other,Nashville,Current,8963.25,2002-03-21,2023-08-18,Deposit,3169.5,5793.75,Personal,20475.1,8.34,Closed,MasterCard,2507.88,Complaint,Resolved,1,2023,8,August,2002,21.4,56-65
2013,65,Other,Jacksonville,Savings,5940.28,2016-03-06,2023-12-16,Transfer,3186.34,9126.62,Mortgage,43884.38,3.42,Closed,Visa,3001.58,Praise,Resolved,1,2023,12,December,2016,7.8,56-65
2014,49,Female,El Paso,Savings,5740.2,2016-05-14,2023-05-16,Withdrawal,429.69,6169.89,Personal,47994.67,6.11,Rejected,Visa,2971.92,Suggestion,Resolved,1,2023,5,May,2016,7.0,46-55
2015,23,Other,Chicago,Current,9136.95,2018-02-24,2023-03-26,Withdrawal,118.22,9018.73,Mortgage,17293.43,5.87,Rejected,Visa,2083.61,Complaint,Pending,1,2023,3,March,2018,5.1,18-25
2016,69,Female,Albuquerque,Savings,3019.56,2001-02-02,2023-12-31,Transfer,1475.53,4495.09,Auto,11194.83,9.74,Approved,Visa,2718.0,Suggestion,Resolved,1,2023,12,December,2001,22.9,65+
2017,44,Other,Oklahoma City,Current,2116.65,2021-01-30,2023-11-23,Withdrawal,1795.58,321.07,Auto,4689.98,3.29,Approved,AMEX,279.25,Praise,Pending,1,2023,11,November,2021,2.8,36-45
2018,64,Female,Jacksonville,Current,8740.68,2002-12-11,2023-07-16,Withdrawal,731.67,8009.01,Personal,11503.78,2.31,Rejected,Visa,322.11,Complaint,Pending,1,2023,7,July,2002,20.6,56-65
2019,30,Male,Memphis,Savings,837.78,2020-10-20,2023-06-09,Withdrawal,2552.84,3390.62,Mortgage,7832.83,3.33,Rejected,AMEX,4658.83,Suggestion,Pending,1,2023,6,June,2020,2.6,26-35
2020,40,Other,Fresno,Current,1977.85,2005-02-05,2023-07-27,Transfer,1145.45,832.4,Auto,2426.9,6.19,Rejected,MasterCard,2755.53,Praise,Pending,1,2023,7,July,2005,18.5,36-45
2021,27,Other,Atlanta,Savings,4171.41,2002-06-04,2023-02-09,Transfer,1694.28,5865.69,Mortgage,3286.22,2.96,Approved,Visa,976.09,Suggestion,Resolved,-1,2023,2,February,2002,20.7,26-35
2022,31,Other,Oklahoma City,Savings,3676.38,2015-03-01,2023-07-09,Transfer,1471.19,2205.19,Mortgage,25958.82,4.06,Closed,MasterCard,1322.44,Complaint,Pending,1,2023,7,July,2015,8.4,26-35
2023,20,Male,San Diego,Current,7090.31,2007-01-10,2023-08-06,Withdrawal,3862.44,10952.75,Mortgage,35681.9,6.92,Closed,AMEX,3519.63,Complaint,Resolved,1,2023,8,August,2007,16.6,18-25
2024,29,Other,San Antonio,Current,1008.89,2004-07-31,2023-06-04,Deposit,4386.6,5395.49,Mortgage,49179.65,2.05,Approved,Visa,3460.29,Praise,Pending,1,2023,6,June,2004,18.8,26-35
2025,42,Other,Philadelphia,Current,4823.86,2014-05-26,2023-05-03,Deposit,1499.38,3324.48,Personal,8628.34,9.51,Rejected,Visa,3290.65,Praise,Pending,1,2023,5,May,2014,8.9,36-45
2026,18,Female,Austin,Current,8104.69,2017-10-08,2023-08-08,Deposit,1889.48,9994.17,Auto,35213.26,5.79,Rejected,Visa,1249.72,Suggestion,Resolved,1,2023,8,August,2017,5.8,18-25
2027,49,Other,Seattle,Current,6865.1,2004-08-18,2023-10-16,Withdrawal,4078.21,2786.89,Auto,28145.85,5.35,Approved,AMEX,4167.6,Praise,Resolved,1,2023,10,October,2004,19.2,46-55
2028,41,Other,Memphis,Savings,6353.33,2011-05-16,2023-11-18,Deposit,3797.91,2555.42,Auto,24428.15,4.27,Closed,Visa,324.39,Complaint,Pending,1,2023,11,November,2011,12.5,36-45
2029,65,Female,Boston,Savings,2469.66,2001-10-19,2023-04-15,Transfer,3546.88,6016.54,Mortgage,36370.18,3.21,Approved,Visa,2109.26,Praise,Resolved,1,2023,4,April,2001,21.5,56-65
2030,59,Male,Nashville,Savings,3996.96,2008-11-30,2023-03-20,Withdrawal,3542.21,454.75,Mortgage,12694.11,5.35,Closed,Visa,3818.08,Praise,Resolved,1,2023,3,March,2008,14.3,56-65
2031,26,Male,Chicago,Savings,1889.16,2017-04-22,2023-07-18,Deposit,1492.92,396.24,Mortgage,16253.3,5.38,Approved,MasterCard,1191.3,Praise,Pending,1,2023,7,July,2017,6.2,26-35
2032,67,Female,Seattle,Savings,5138.36,2011-02-06,2023-07-31,Withdrawal,4683.28,455.08,Mortgage,19845.95,1.51,Approved,AMEX,1202.23,Suggestion,Resolved,1,2023,7,July,2011,12.5,65+
2033,18,Male,Las Vegas,Current,5883.27,2014-05-13,2023-01-13,Withdrawal,4047.88,1835.39,Personal,9937.41,8.63,Closed,Visa,6.72,Praise,Pending,1,2023,1,January,2014,8.7,18-25
2034,59,Male,Kansas City,Savings,6348.69,2017-05-04,2023-12-18,Transfer,1067.54,7416.23,Mortgage,24452.45,8.39,Rejected,AMEX,2471.42,Complaint,Resolved,1,2023,12,December,2017,6.6,56-65
2035,56,Other,Jacksonville,Current,8771.96,2007-02-27,2023-10-12,Withdrawal,3314.14,5457.82,Mortgage,7461.46,5.03,Approved,AMEX,4593.06,Praise,Pending,1,2023,10,October,2007,16.6,56-65
2036,27,Other,Portland,Current,712.12,2002-02-10,2023-11-20,Transfer,782.92,-70.8,Mortgage,16589.01,4.03,Approved,Visa,2563.38,Praise,Pending,1,2023,11,November,2002,21.8,26-35
2037,61,Other,Fort Worth,Savings,3944.29,2007-01-18,2023-05-18,Transfer,2892.4,6836.69,Mortgage,6544.95,5.49,Rejected,Visa,4667.73,Suggestion,Resolved,1,2023,5,May,2007,16.3,56-65
2038,60,Male,San Antonio,Savings,5950.61,2006-01-05,2023-12-22,Deposit,1452.6,7403.21,Personal,2758.27,2.99,Closed,Visa,1077.16,Suggestion,Pending,1,2023,12,December,2006,18.0,56-65
2039,58,Other,San Francisco,Savings,5744.22,2021-09-20,2023-03-17,Deposit,535.18,6279.4,Mortgage,18405.29,1.01,Approved,MasterCard,1974.26,Praise,Pending,1,2023,3,March,2021,1.5,56-65
2040,47,Male,New York,Current,314.87,2017-05-28,2023-07-05,Withdrawal,3019.85,3334.72,Auto,31259.97,4.19,Rejected,AMEX,4957.96,Suggestion,Pending,1,2023,7,July,2017,6.1,46-55
2041,22,Other,Detroit,Current,1974.16,2012-11-28,2023-08-02,Deposit,4422.64,-2448.48,Mortgage,8442.62,1.16,Rejected,AMEX,3997.65,Suggestion,Resolved,1,2023,8,August,2012,10.7,18-25
2042,21,Male,Charlotte,Current,8472.87,2005-06-20,2023-12-21,Withdrawal,712.15,7760.72,Personal,49679.4,1.37,Rejected,Visa,2878.15,Suggestion,Pending,1,2023,12,December,2005,18.5,18-25
2043,69,Female,Tucson,Savings,5202.38,2005-09-13,2023-07-05,Transfer,4496.33,706.05,Mortgage,14443.07,1.27,Closed,MasterCard,435.39,Suggestion,Pending,-1,2023,7,July,2005,17.8,65+
2044,62,Female,Atlanta,Current,4194.23,2017-06-03,2023-12-26,Withdrawal,647.79,3546.44,Auto,2112.04,8.92,Approved,MasterCard,652.37,Suggestion,Pending,-1,2023,12,December,2017,6.6,56-65
2045,25,Other,Milwaukee,Current,9011.74,2003-03-09,2023-07-28,Transfer,3711.97,5299.77,Mortgage,2373.68,2.29,Approved,Visa,2201.27,Complaint,Resolved,1,2023,7,July,2003,20.4,18-25
2046,33,Male,Sacramento,Savings,842.03,2019-01-02,2023-03-11,Transfer,4948.1,5790.13,Personal,33661.86,3.29,Rejected,MasterCard,4074.65,Praise,Pending,1,2023,3,March,2019,4.2,26-35
2047,18,Female,New York,Current,9230.87,2017-07-18,2023-02-14,Withdrawal,477.46,9708.33,Mortgage,33823.65,5.41,Rejected,MasterCard,3706.92,Praise,Resolved,1,2023,2,February,2017,5.6,18-25
2048,66,Female,San Diego,Current,375.05,2013-05-14,2023-06-27,Transfer,1071.23,-696.18,Personal,45232.44,5.76,Rejected,Visa,4272.69,Praise,Resolved,1,2023,6,June,2013,10.1,65+
2049,32,Other,Fort Worth,Savings,5670.44,2013-11-04,2023-06-25,Deposit,2323.14,3347.3,Mortgage,5451.22,2.1,Closed,MasterCard,2026.13,Praise,Pending,1,2023,6,June,2013,9.6,26-35
2050,41,Other,Denver,Current,5595.4,2010-02-10,2023-09-27,Withdrawal,3690.61,9286.01,Mortgage,19442.06,9.19,Approved,AMEX,2887.36,Praise,Pending,1,2023,9,September,2010,13.6,36-45
2051,32,Male,Boston,Savings,6426.78,2015-07-17,2023-12-19,Deposit,4490.56,10917.34,Mortgage,44574.38,3.08,Rejected,AMEX,1539.98,Suggestion,Resolved,1,2023,12,December,2015,8.4,26-35
2052,67,Female,Albuquerque,Savings,393.3,2002-02-11,2023-06-21,Transfer,3648.26,-3254.96,Personal,40086.19,9.48,Approved,AMEX,2690.66,Suggestion,Pending,1,2023,6,June,2002,21.4,65+
2053,23,Male,Fort Worth,Current,5352.14,2001-12-24,2023-09-01,Transfer,3858.39,1493.75,Auto,12439.04,3.31,Closed,MasterCard,3081.55,Praise,Resolved,1,2023,9,September,2001,21.7,18-25
2054,19,Male,San Jose,Current,1224.78,2003-05-03,2023-06-05,Withdrawal,2266.16,-1041.38,Mortgage,44608.4,1.02,Closed,Visa,2580.09,Complaint,Resolved,1,2023,6,June,2003,20.1,18-25
2055,22,Other,Louisville,Savings,1644.19,2001-12-06,2023-07-08,Transfer,1785.52,-141.33,Personal,34360.01,9.75,Rejected,Visa,990.39,Suggestion,Pending,-1,2023,7,July,2001,21.6,18-25
2056,68,Male,New York,Current,2232.01,2012-06-03,2023-07-18,Deposit,2543.74,-311.73,Mortgage,13951.53,5.35,Approved,AMEX,1696.92,Suggestion,Pending,1,2023,7,July,2012,11.1,65+
2057,56,Male,Philadelphia,Current,6170.45,2001-09-02,2023-03-16,Withdrawal,3251.13,9421.58,Mortgage,3196.39,8.91,Rejected,MasterCard,3146.58,Complaint,Pending,1,2023,3,March,2001,21.5,56-65
2058,58,Female,San Diego,Savings,3961.88,2013-11-02,2023-02-02,Withdrawal,2516.69,6478.57,Personal,25374.72,7.61,Approved,MasterCard,2869.49,Praise,Pending,1,2023,2,February,2013,9.3,56-65
2059,51,Male,Houston,Savings,944.84,2021-11-01,2023-07-14,Deposit,3953.74,4898.58,Mortgage,35940.8,2.61,Approved,AMEX,2242.15,Suggestion,Resolved,1,2023,7,July,2021,1.7,46-55
2060,56,Female,Phoenix,Savings,2961.23,2011-01-29,2023-04-03,Transfer,793.8,3755.03,Personal,14163.56,8.61,Rejected,Visa,311.61,Praise,Resolved,1,2023,4,April,2011,12.2,56-65
2061,49,Female,Boston,Savings,858.55,2022-01-01,2023-05-14,Transfer,1986.98,-1128.43,Personal,9268.06,1.46,Closed,MasterCard,2268.65,Suggestion,Pending,-1,2023,5,May,2022,1.4,46-55
2062,46,Male,Washington,Savings,6674.86,2020-08-14,2023-07-11,Withdrawal,341.88,6332.98,Mortgage,4688.78,5.57,Approved,AMEX,2832.49,Complaint,Pending,1,2023,7,July,2020,2.9,46-55
2063,46,Male,Louisville,Savings,5618.91,2020-01-10,2023-04-16,Deposit,3360.47,8979.38,Mortgage,42259.21,3.29,Approved,Visa,1093.95,Suggestion,Pending,1,2023,4,April,2020,3.3,46-55
2064,41,Female,Colorado Springs,Current,4136.09,2022-11-23,2023-08-19,Withdrawal,3787.59,348.5,Personal,3681.84,4.25,Rejected,MasterCard,72.03,Complaint,Pending,1,2023,8,August,2022,0.7,36-45
2065,63,Male,El Paso,Current,9284.0,2021-07-29,2023-10-26,Withdrawal,3340.25,12624.25,Personal,30860.78,7.81,Approved,AMEX,2560.69,Complaint,Pending,1,2023,10,October,2021,2.2,56-65
2066,48,Female,Houston,Savings,5235.38,2019-07-02,2023-01-28,Transfer,4776.22,10011.6,Auto,38398.92,7.15,Rejected,MasterCard,1896.1,Praise,Resolved,1,2023,1,January,2019,3.6,46-55
2067,41,Male,Houston,Savings,8886.6,2006-07-27,2023-11-10,Withdrawal,4661.39,13547.99,Personal,39243.61,4.96,Rejected,MasterCard,3449.29,Complaint,Pending,1,2023,11,November,2006,17.3,36-45
2068,32,Female,Nashville,Savings,5832.94,2013-07-26,2023-01-15,Deposit,1359.38,7192.32,Mortgage,33031.3,1.41,Closed,Visa,628.99,Praise,Pending,1,2023,1,January,2013,9.5,26-35
2069,29,Female,Atlanta,Savings,3830.25,2003-10-06,2023-06-01,Deposit,1223.43,2606.82,Personal,32987.0,1.36,Rejected,Visa,2708.91,Praise,Pending,1,2023,6,June,2003,19.7,26-35
2070,37,Other,Los Angeles,Savings,5436.07,2004-05-15,2023-12-29,Deposit,136.36,5299.71,Mortgage,24230.5,7.32,Closed,MasterCard,4497.93,Suggestion,Resolved,1,2023,12,December,2004,19.6,36-45
2071,21,Male,San Antonio,Current,1603.44,2017-03-16,2023-03-31,Deposit,2517.82,4121.26,Auto,21418.64,9.54,Approved,Visa,4627.22,Suggestion,Resolved,1,2023,3,March,2017,6.0,18-25
2072,30,Female,Indianapolis,Savings,6780.06,2002-01-15,2023-07-09,Transfer,4306.99,2473.07,Personal,7730.38,8.63,Rejected,AMEX,4397.77,Praise,Pending,-1,2023,7,July,2002,21.5,26-35
2073,58,Female,San Francisco,Current,9823.12,2015-01-06,2023-07-12,Transfer,795.96,9027.16,Mortgage,27232.33,2.1,Rejected,Visa,4009.46,Praise,Resolved,1,2023,7,July,2015,8.5,56-65
2074,61,Male,Oklahoma City,Savings,2549.64,2009-08-21,2023-01-26,Transfer,2970.97,5520.61,Mortgage,4480.46,2.09,Approved,AMEX,4690.1,Praise,Resolved,1,2023,1,January,2009,13.4,56-65
2075,27,Male,El Paso,Current,3299.66,2009-05-15,2023-04-20,Transfer,3604.63,6904.29,Mortgage,23941.66,6.49,Approved,AMEX,4844.26,Praise,Resolved,1,2023,4,April,2009,13.9,26-35
2076,58,Male,Fresno,Current,4120.31,2008-08-21,2023-12-17,Deposit,1844.76,5965.07,Mortgage,36814.14,6.92,Approved,MasterCard,1422.13,Complaint,Pending,1,2023,12,December,2008,15.3,56-65
2077,40,Other,Austin,Savings,4886.48,2007-06-16,2023-05-09,Deposit,3517.69,8404.17,Auto,22700.29,6.55,Approved,Visa,2438.67,Complaint,Pending,1,2023,5,May,2007,15.9,36-45
2078,24,Male,Fresno,Savings,7219.12,2011-09-08,2023-03-23,Withdrawal,4188.21,11407.33,Mortgage,25905.87,8.97,Rejected,Visa,3548.03,Praise,Resolved,1,2023,3,March,2011,11.5,18-25
2079,29,Other,Tucson,Savings,1453.06,2016-06-30,2023-07-28,Withdrawal,62.44,1515.5,Personal,42268.09,3.08,Closed,AMEX,2540.3,Suggestion,Resolved,1,2023,7,July,2016,7.1,26-35
2080,65,Male,Detroit,Current,3094.41,2016-08-05,2023-02-15,Transfer,3678.79,-584.38,Auto,32682.53,2.55,Closed,Visa,4537.62,Suggestion,Resolved,1,2023,2,February,2016,6.5,56-65
2081,32,Other,Los Angeles,Savings,5432.84,2011-08-11,2023-01-01,Withdrawal,3003.2,2429.64,Mortgage,7252.23,9.23,Closed,AMEX,4872.95,Praise,Resolved,-1,2023,1,January,2011,11.4,26-35
2082,24,Male,El Paso,Savings,5936.82,2009-08-23,2023-02-20,Transfer,4225.73,10162.55,Auto,27603.92,7.5,Approved,MasterCard,2480.79,Suggestion,Resolved,1,2023,2,February,2009,13.5,18-25
2083,25,Other,Washington,Current,5412.64,2003-03-17,2023-06-13,Transfer,701.64,6114.28,Personal,18864.19,7.41,Approved,Visa,1653.72,Complaint,Resolved,1,2023,6,June,2003,20.2,18-25
2084,24,Female,Fresno,Current,4411.34,2017-03-01,2023-11-21,Transfer,4037.43,8448.77,Auto,11134.8,4.02,Approved,MasterCard,2035.34,Suggestion,Pending,1,2023,11,November,2017,6.7,18-25
2085,60,Other,Charlotte,Savings,7143.6,2016-07-04,2023-11-21,Withdrawal,714.49,6429.11,Auto,32750.47,6.65,Closed,MasterCard,3392.94,Suggestion,Pending,1,2023,11,November,2016,7.4,56-65
2086,21,Other,Jacksonville,Savings,2124.3,2007-06-15,2023-11-18,Withdrawal,2928.56,-804.26,Mortgage,19938.66,7.54,Approved,AMEX,3631.24,Praise,Resolved,1,2023,11,November,2007,16.4,18-25
2087,67,Female,Charlotte,Savings,2899.0,2020-11-24,2023-04-09,Transfer,1361.71,4260.71,Mortgage,38598.04,6.4,Rejected,Visa,1890.32,Praise,Resolved,1,2023,4,April,2020,2.4,65+
2088,68,Male,Memphis,Savings,4500.39,2019-10-30,2023-10-13,Deposit,1207.64,5708.03,Mortgage,29738.54,7.63,Closed,Visa,4231.89,Praise,Resolved,1,2023,10,October,2019,4.0,65+
2089,24,Female,El Paso,Savings,6985.48,2004-02-18,2023-09-15,Withdrawal,2498.71,9484.19,Mortgage,6108.57,6.31,Rejected,Visa,630.06,Complaint,Pending,1,2023,9,September,2004,19.6,18-25
2090,62,Female,San Francisco,Savings,915.27,2021-09-22,2023-04-10,Deposit,3789.08,-2873.81,Personal,18167.11,9.84,Approved,AMEX,118.98,Praise,Pending,1,2023,4,April,2021,1.5,56-65
2091,58,Female,Dallas,Savings,1245.14,2006-03-13,2023-12-25,Transfer,3229.66,4474.8,Personal,14222.3,5.43,Approved,MasterCard,4898.79,Complaint,Pending,1,2023,12,December,2006,17.8,56-65
2092,47,Other,Mesa,Current,7845.84,2018-11-08,2023-01-25,Transfer,4942.93,2902.91,Auto,8348.66,1.11,Approved,AMEX,4601.53,Suggestion,Resolved,1,2023,1,January,2018,4.2,46-55
2093,35,Female,Dallas,Current,2683.45,2006-04-03,2023-05-27,Withdrawal,604.11,3287.56,Personal,40210.76,2.47,Closed,MasterCard,1528.81,Complaint,Resolved,1,2023,5,May,2006,17.1,26-35
2094,47,Male,Indianapolis,Current,9638.52,2008-02-07,2023-08-31,Withdrawal,3611.58,13250.1,Mortgage,19547.91,9.68,Rejected,AMEX,4779.99,Suggestion,Pending,1,2023,8,August,2008,15.6,46-55
2095,24,Other,Mesa,Current,9617.91,2008-12-10,2023-03-12,Withdrawal,286.8,9904.71,Personal,31049.68,5.23,Rejected,Visa,1564.5,Praise,Pending,-1,2023,3,March,2008,14.3,18-25
2096,69,Other,Tucson,Savings,6890.86,2009-08-19,2023-12-26,Transfer,1793.69,8684.55,Auto,44218.59,2.08,Closed,AMEX,2360.24,Suggestion,Pending,1,2023,12,December,2009,14.4,65+
2097,65,Female,Milwaukee,Savings,7197.04,2017-01-06,2023-01-14,Deposit,1724.07,8921.11,Personal,27607.32,2.4,Closed,AMEX,2641.87,Complaint,Resolved,1,2023,1,January,2017,6.0,56-65
2098,40,Other,Philadelphia,Current,6544.9,2005-07-08,2023-10-16,Deposit,1288.5,5256.4,Auto,13645.95,1.26,Rejected,MasterCard,3193.38,Suggestion,Resolved,1,2023,10,October,2005,18.3,36-45
2099,54,Male,Jacksonville,Current,1855.58,2020-12-24,2023-10-20,Withdrawal,2666.69,4522.27,Auto,39743.56,3.04,Closed,AMEX,2628.33,Praise,Resolved,1,2023,10,October,2020,2.8,46-55
2100,24,Other,Indianapolis,Savings,5054.51,2022-11-07,2023-12-29,Withdrawal,1225.73,3828.78,Mortgage,22351.99,9.88,Closed,AMEX,4557.16,Praise,Resolved,1,2023,12,December,2022,1.1,18-25
2101,55,Female,Houston,Savings,7950.86,2022-12-17,2023-10-13,Withdrawal,1844.18,9795.04,Auto,28627.99,3.96,Closed,Visa,2799.46,Complaint,Resolved,1,2023,10,October,2022,0.8,46-55
2102,46,Female,Washington,Current,7769.31,2020-09-16,2023-07-25,Deposit,4298.88,3470.43,Auto,45202.08,3.25,Approved,Visa,150.68,Complaint,Pending,1,2023,7,July,2020,2.9,46-55
2103,51,Female,San Jose,Current,8997.83,2017-05-23,2023-09-26,Withdrawal,1625.35,7372.48,Mortgage,24974.48,7.01,Approved,MasterCard,883.08,Praise,Resolved,1,2023,9,September,2017,6.3,46-55
2104,56,Other,Indianapolis,Current,9017.9,2003-12-08,2023-12-04,Withdrawal,4929.94,4087.96,Auto,17400.02,7.07,Approved,MasterCard,4790.83,Suggestion,Pending,1,2023,12,December,2003,20.0,56-65
2105,58,Female,Memphis,Current,2688.71,2008-05-02,2023-10-21,Transfer,1387.46,4076.17,Personal,36642.29,9.71,Rejected,AMEX,222.73,Suggestion,Resolved,1,2023,10,October,2008,15.5,56-65
2106,62,Other,Philadelphia,Savings,7245.03,2003-12-22,2023-03-14,Withdrawal,4515.99,2729.04,Personal,7541.52,7.57,Closed,Visa,3780.47,Suggestion,Pending,1,2023,3,March,2003,19.2,56-65
2107,66,Female,Detroit,Savings,6548.27,2019-05-28,2023-03-28,Transfer,2162.07,8710.34,Personal,45772.49,1.99,Approved,AMEX,4883.1,Praise,Resolved,1,2023,3,March,2019,3.8,65+
2108,66,Female,Austin,Savings,8869.72,2012-11-22,2023-12-17,Deposit,4538.57,13408.29,Auto,45861.77,9.87,Rejected,Visa,150.19,Suggestion,Pending,1,2023,12,December,2012,11.1,65+
2109,64,Female,Las Vegas,Current,1916.4,2003-07-12,2023-11-18,Withdrawal,2139.7,-223.3,Auto,29390.96,7.75,Approved,MasterCard,4299.76,Complaint,Resolved,-1,2023,11,November,2003,20.4,56-65
2110,35,Male,Memphis,Savings,7423.95,2008-11-21,2023-06-15,Deposit,3854.1,11278.05,Mortgage,8560.5,3.33,Rejected,MasterCard,3521.24,Praise,Resolved,1,2023,6,June,2008,14.6,26-35
2111,64,Male,Chicago,Current,4290.99,2003-10-07,2023-10-24,Deposit,2005.99,2285.0,Auto,23152.46,3.35,Closed,Visa,163.72,Praise,Resolved,1,2023,10,October,2003,20.0,56-65
2112,60,Female,Jacksonville,Savings,4005.41,2011-09-19,2023-08-19,Deposit,3108.31,897.1,Auto,21741.95,9.64,Closed,AMEX,2994.58,Praise,Resolved,1,2023,8,August,2011,11.9,56-65
2113,42,Female,New York,Current,454.33,2020-07-05,2023-07-11,Deposit,266.93,187.4,Personal,15617.37,2.73,Closed,MasterCard,4580.7,Complaint,Pending,1,2023,7,July,2020,3.0,36-45
2114,44,Other,Detroit,Current,9618.46,2010-11-17,2023-02-25,Deposit,2999.01,6619.45,Personal,9579.91,3.05,Approved,MasterCard,2226.11,Suggestion,Resolved,1,2023,2,February,2010,12.3,36-45
2115,44,Other,Fort Worth,Savings,6790.11,2012-07-30,2023-08-03,Transfer,1586.59,5203.52,Auto,13921.08,4.23,Rejected,Visa,3717.37,Complaint,Resolved,1,2023,8,August,2012,11.0,36-45
2116,29,Male,Columbus,Savings,5947.95,2002-09-26,2023-11-01,Transfer,4981.47,966.48,Mortgage,28220.9,7.12,Closed,AMEX,1628.37,Suggestion,Pending,1,2023,11,November,2002,21.1,26-35
2117,40,Other,Boston,Savings,2586.54,2017-05-09,2023-07-06,Deposit,4055.0,6641.54,Personal,34599.63,4.87,Rejected,Visa,1969.03,Complaint,Resolved,1,2023,7,July,2017,6.2,36-45
2118,34,Other,San Diego,Current,6618.61,2005-08-04,2023-04-06,Deposit,407.07,6211.54,Auto,49000.21,3.8,Rejected,MasterCard,3442.85,Complaint,Pending,1,2023,4,April,2005,17.7,26-35
2119,61,Other,Houston,Current,9461.47,2002-11-10,2023-09-02,Withdrawal,999.36,10460.83,Mortgage,11572.16,3.41,Rejected,AMEX,152.97,Suggestion,Resolved,1,2023,9,September,2002,20.8,56-65
2120,24,Other,Louisville,Current,1716.55,2013-05-25,2023-06-16,Deposit,3084.21,-1367.66,Mortgage,10996.8,2.13,Closed,AMEX,3664.26,Suggestion,Pending,1,2023,6,June,2013,10.1,18-25
2121,41,Male,San Antonio,Savings,9839.71,2015-07-29,2023-11-07,Transfer,1509.14,11348.85,Auto,6734.63,5.92,Closed,Visa,1314.98,Suggestion,Resolved,1,2023,11,November,2015,8.3,36-45
2122,24,Male,Jacksonville,Current,4331.55,2012-01-17,2023-09-16,Transfer,1072.39,5403.94,Personal,47010.68,3.46,Closed,Visa,4242.13,Suggestion,Resolved,1,2023,9,September,2012,11.7,18-25
2123,46,Other,Mesa,Savings,9784.47,2014-05-27,2023-05-16,Transfer,1784.91,7999.56,Mortgage,19710.61,3.98,Closed,MasterCard,2795.93,Complaint,Pending,-1,2023,5,May,2014,9.0,46-55
2124,45,Other,Los Angeles,Current,6375.29,2005-11-06,2023-07-26,Transfer,539.97,5835.32,Mortgage,46275.06,1.07,Closed,Visa,1441.81,Praise,Resolved,1,2023,7,July,2005,17.7,36-45
2125,40,Male,Detroit,Savings,3308.66,2008-01-06,2023-09-06,Deposit,2776.82,531.84,Mortgage,44582.34,5.78,Closed,AMEX,3411.63,Praise,Resolved,1,2023,9,September,2008,15.7,36-45
2126,27,Female,Columbus,Current,3807.0,2005-01-08,2023-09-11,Transfer,1422.21,2384.79,Personal,3154.81,7.27,Closed,Visa,4572.58,Complaint,Resolved,1,2023,9,September,2005,18.7,26-35
2127,33,Other,Indianapolis,Savings,2976.49,2021-03-25,2023-11-25,Transfer,4336.38,-1359.89,Auto,14708.79,9.35,Closed,Visa,2587.07,Praise,Pending,1,2023,11,November,2021,2.7,26-35
2128,60,Female,San Francisco,Savings,3414.29,2012-01-18,2023-01-16,Transfer,173.44,3240.85,Mortgage,15823.62,2.77,Approved,Visa,4310.45,Suggestion,Pending,1,2023,1,January,2012,11.0,56-65
2129,65,Other,Washington,Current,6500.71,2010-06-16,2023-10-09,Withdrawal,1761.2,8261.91,Personal,14590.01,9.27,Rejected,Visa,4679.51,Suggestion,Pending,1,2023,10,October,2010,13.3,56-65
2130,51,Male,Houston,Current,264.39,2020-03-20,2023-06-09,Deposit,2752.51,-2488.12,Personal,21841.45,4.25,Rejected,MasterCard,1877.22,Complaint,Resolved,1,2023,6,June,2020,3.2,46-55
2131,42,Other,Denver,Current,9679.55,2011-12-28,2023-12-04,Transfer,1183.47,10863.02,Mortgage,25466.08,8.22,Approved,Visa,4146.77,Praise,Pending,-1,2023,12,December,2011,11.9,36-45
2132,19,Female,Los Angeles,Current,7708.43,2020-08-12,2023-09-21,Transfer,296.19,8004.62,Personal,38151.77,9.07,Closed,AMEX,3888.57,Complaint,Pending,1,2023,9,September,2020,3.1,18-25
2133,67,Male,Colorado Springs,Savings,9415.99,2020-08-18,2023-12-25,Deposit,371.55,9787.54,Mortgage,14117.44,9.65,Closed,Visa,2781.97,Suggestion,Resolved,1,2023,12,December,2020,3.4,65+
2134,22,Other,Dallas,Current,7203.68,2010-10-29,2023-03-01,Transfer,805.02,8008.7,Personal,15638.59,3.93,Approved,AMEX,275.4,Suggestion,Resolved,1,2023,3,March,2010,12.3,18-25
2135,31,Other,Denver,Savings,4862.23,2005-05-16,2023-09-25,Transfer,1366.74,6228.97,Auto,30331.68,3.34,Rejected,Visa,4016.33,Complaint,Resolved,1,2023,9,September,2005,18.4,26-35
2136,48,Male,Indianapolis,Current,1978.3,2009-06-10,2023-07-06,Transfer,3531.62,-1553.32,Personal,9784.18,4.96,Approved,Visa,263.41,Praise,Pending,1,2023,7,July,2009,14.1,46-55
2137,57,Other,Boston,Current,5211.58,2009-10-07,2023-07-06,Withdrawal,2378.48,2833.1,Auto,24186.45,5.99,Closed,MasterCard,4836.32,Complaint,Pending,1,2023,7,July,2009,13.7,56-65
2138,23,Male,Seattle,Savings,7145.79,2021-05-27,2023-02-13,Transfer,174.29,7320.08,Auto,13298.27,7.22,Rejected,AMEX,2283.32,Complaint,Pending,1,2023,2,February,2021,1.7,18-25
2139,45,Other,El Paso,Current,8556.41,2007-12-04,2023-06-15,Transfer,783.62,7772.79,Mortgage,10701.51,7.23,Approved,Visa,133.9,Complaint,Resolved,1,2023,6,June,2007,15.5,36-45
2140,26,Male,Nashville,Current,3308.9,2008-03-29,2023-06-02,Deposit,1845.95,5154.85,Personal,39987.0,2.05,Rejected,Visa,1152.7,Praise,Resolved,1,2023,6,June,2008,15.2,26-35
2141,23,Other,Austin,Current,5153.76,2010-07-30,2023-06-01,Deposit,2104.67,7258.43,Auto,35649.02,6.51,Closed,AMEX,1147.68,Suggestion,Pending,1,2023,6,June,2010,12.8,18-25
2142,34,Male,Colorado Springs,Current,6237.81,2020-01-21,2023-04-07,Withdrawal,325.1,5912.71,Mortgage,13240.82,2.51,Closed,AMEX,4317.88,Praise,Resolved,1,2023,4,April,2020,3.2,26-35
2143,57,Male,Houston,Current,5927.07,2002-01-14,2023-07-08,Deposit,614.09,6541.16,Personal,21343.5,7.4,Closed,Visa,369.91,Suggestion,Pending,1,2023,7,July,2002,21.5,56-65
2144,52,Other,Boston,Current,618.49,2020-03-28,2023-05-17,Deposit,1318.34,1936.83,Auto,8556.98,9.79,Approved,MasterCard,862.48,Complaint,Resolved,1,2023,5,May,2020,3.1,46-55
2145,29,Male,Albuquerque,Savings,4885.6,2001-07-10,2023-08-05,Withdrawal,4184.91,9070.51,Personal,3605.25,7.94,Closed,MasterCard,1835.21,Suggestion,Pending,-1,2023,8,August,2001,22.1,26-35
2146,62,Other,Baltimore,Savings,8109.41,2010-05-28,2023-12-06,Transfer,1053.9,7055.51,Personal,29675.79,7.25,Rejected,AMEX,886.43,Complaint,Pending,1,2023,12,December,2010,13.5,56-65
2147,35,Other,Detroit,Current,8042.81,2012-12-08,2023-10-31,Deposit,1141.71,6901.1,Mortgage,18814.63,1.7,Rejected,Visa,959.76,Suggestion,Resolved,1,2023,10,October,2012,10.9,26-35
2148,60,Other,Mesa,Savings,5120.71,2005-01-25,2023-07-28,Deposit,2477.68,2643.03,Mortgage,11155.31,2.66,Approved,MasterCard,1065.17,Complaint,Resolved,1,2023,7,July,2005,18.5,56-65
2149,51,Male,Fresno,Current,9528.33,2006-06-14,2023-02-21,Withdrawal,4458.43,5069.9,Mortgage,6615.7,4.2,Approved,MasterCard,712.4,Praise,Resolved,1,2023,2,February,2006,16.7,46-55
2150,63,Other,Dallas,Current,8279.68,2010-07-31,2023-07-17,Deposit,2645.66,10925.34,Personal,34321.36,9.4,Approved,Visa,3092.83,Praise,Pending,1,2023,7,July,2010,13.0,56-65
2151,18,Male,Fort Worth,Current,7399.54,2011-06-29,2023-02-05,Deposit,406.0,7805.54,Auto,14301.54,3.98,Rejected,MasterCard,354.14,Complaint,Pending,1,2023,2,February,2011,11.6,18-25
2152,32,Female,Los Angeles,Savings,5204.45,2017-03-07,2023-04-15,Transfer,940.33,4264.12,Personal,45462.06,8.32,Approved,MasterCard,1783.15,Complaint,Resolved,1,2023,4,April,2017,6.1,26-35
2153,35,Female,Kansas City,Savings,5947.7,2005-02-26,2023-12-26,Withdrawal,4280.45,1667.25,Personal,10447.48,1.93,Approved,Visa,3359.04,Suggestion,Resolved,1,2023,12,December,2005,18.8,26-35
2154,39,Female,Phoenix,Current,2310.03,2011-10-07,2023-01-12,Transfer,4385.02,6695.05,Mortgage,12944.98,6.96,Rejected,Visa,1551.73,Suggestion,Pending,1,2023,1,January,2011,11.3,36-45
2155,35,Other,Phoenix,Current,5370.83,2020-05-29,2023-06-17,Transfer,3979.31,9350.14,Personal,42735.0,8.01,Approved,MasterCard,1718.89,Praise,Resolved,1,2023,6,June,2020,3.0,26-35
2156,66,Male,Washington,Current,5307.62,2010-07-10,2023-08-02,Transfer,2713.76,2593.86,Auto,29049.11,5.89,Closed,MasterCard,3839.89,Praise,Pending,1,2023,8,August,2010,13.1,65+
2157,18,Other,Phoenix,Savings,2107.35,2017-08-16,2023-02-11,Withdrawal,2201.36,4308.71,Mortgage,6310.55,7.9,Rejected,AMEX,3927.88,Suggestion,Pending,1,2023,2,February,2017,5.5,18-25
2158,63,Male,Houston,Savings,9516.37,2022-06-23,2023-12-15,Deposit,1348.43,10864.8,Personal,27923.55,7.51,Approved,MasterCard,3702.21,Praise,Resolved,1,2023,12,December,2022,1.5,56-65
2159,37,Female,Dallas,Current,2523.05,2001-11-02,2023-12-08,Transfer,2743.49,5266.54,Auto,16098.27,5.29,Rejected,MasterCard,1664.67,Suggestion,Resolved,1,2023,12,December,2001,22.1,36-45
2160,65,Female,Memphis,Current,1131.8,2016-09-05,2023-03-08,Withdrawal,3417.28,4549.08,Personal,37110.14,8.79,Closed,Visa,2652.99,Complaint,Resolved,1,2023,3,March,2016,6.5,56-65
2161,53,Female,Washington,Current,4723.39,2022-12-30,2023-06-18,Deposit,3000.28,1723.11,Mortgage,4811.72,4.07,Rejected,Visa,4367.88,Praise,Pending,1,2023,6,June,2022,0.5,46-55
2162,55,Other,Portland,Current,6892.13,2000-06-09,2023-06-01,Withdrawal,1135.53,8027.66,Personal,45976.39,4.83,Closed,MasterCard,2134.57,Complaint,Pending,1,2023,6,June,2000,23.0,46-55
2163,42,Other,Jacksonville,Savings,2032.0,2012-02-01,2023-07-16,Transfer,4516.49,6548.49,Auto,24431.92,5.86,Approved,MasterCard,1364.43,Complaint,Pending,1,2023,7,July,2012,11.5,36-45
2164,33,Male,Indianapolis,Savings,1910.63,2012-06-23,2023-01-13,Withdrawal,1958.26,-47.63,Personal,36979.97,2.18,Closed,MasterCard,143.91,Praise,Resolved,1,2023,1,January,2012,10.6,26-35
2165,37,Male,Jacksonville,Savings,2688.56,2004-05-01,2023-08-17,Transfer,4425.61,-1737.05,Auto,35528.42,5.64,Closed,MasterCard,2853.57,Praise,Resolved,1,2023,8,August,2004,19.3,36-45
2166,55,Female,Philadelphia,Savings,3096.9,2008-02-04,2023-06-11,Withdrawal,1993.27,5090.17,Personal,9734.29,3.92,Closed,AMEX,1075.17,Suggestion,Pending,1,2023,6,June,2008,15.3,46-55
2167,64,Other,Phoenix,Current,2537.38,2016-12-17,2023-04-13,Transfer,201.89,2335.49,Auto,44124.57,3.31,Closed,AMEX,3646.84,Complaint,Pending,1,2023,4,April,2016,6.3,56-65
2168,50,Other,Philadelphia,Savings,4759.92,2022-07-27,2023-05-11,Deposit,3692.39,1067.53,Personal,12402.36,6.19,Rejected,AMEX,420.93,Suggestion,Resolved,1,2023,5,May,2022,0.8,46-55
2169,24,Male,Boston,Current,280.8,2020-02-03,2023-04-06,Withdrawal,4601.49,-4320.69,Personal,10337.8,3.97,Rejected,AMEX,2069.39,Complaint,Pending,1,2023,4,April,2020,3.2,18-25
2170,40,Male,Houston,Savings,966.42,2012-11-18,2023-08-04,Withdrawal,1281.25,-314.83,Personal,26511.45,8.7,Closed,AMEX,1671.32,Praise,Pending,1,2023,8,August,2012,10.7,36-45
2171,28,Other,Omaha,Savings,7320.71,2004-10-10,2023-07-20,Deposit,2716.99,10037.7,Auto,49242.79,4.69,Approved,AMEX,1398.14,Complaint,Pending,1,2023,7,July,2004,18.8,26-35
2172,50,Other,Albuquerque,Savings,4182.17,2017-03-06,2023-05-11,Transfer,4040.02,142.15,Personal,16356.33,4.72,Rejected,AMEX,4943.54,Praise,Resolved,1,2023,5,May,2017,6.2,46-55
2173,57,Male,Sacramento,Current,3667.14,2022-03-23,2023-07-21,Transfer,1612.22,5279.36,Personal,48258.11,9.84,Closed,Visa,494.87,Praise,Resolved,1,2023,7,July,2022,1.3,56-65
2174,63,Other,Jacksonville,Savings,203.4,2013-07-03,2023-10-18,Transfer,1438.01,-1234.61,Mortgage,22319.47,4.07,Closed,MasterCard,12.26,Suggestion,Pending,1,2023,10,October,2013,10.3,56-65
2175,22,Other,Fresno,Savings,3052.36,2003-02-23,2023-10-03,Deposit,2061.22,991.14,Personal,41899.11,2.18,Rejected,Visa,74.44,Complaint,Resolved,1,2023,10,October,2003,20.6,18-25
2176,62,Female,Mesa,Savings,8229.75,2007-01-03,2023-12-27,Withdrawal,2757.37,5472.38,Personal,26969.23,8.89,Approved,AMEX,515.79,Praise,Resolved,1,2023,12,December,2007,17.0,56-65
2177,64,Other,Philadelphia,Savings,3469.64,2002-12-03,2023-11-28,Withdrawal,2767.14,702.5,Auto,11057.8,9.25,Closed,MasterCard,4242.51,Complaint,Pending,1,2023,11,November,2002,21.0,56-65
2178,58,Other,Indianapolis,Savings,9640.57,2005-01-03,2023-02-17,Withdrawal,2436.91,7203.66,Mortgage,44119.67,3.04,Approved,AMEX,815.9,Praise,Resolved,1,2023,2,February,2005,18.1,56-65
2179,25,Other,Denver,Savings,3960.59,2011-09-23,2023-02-12,Deposit,4103.49,8064.08,Mortgage,4526.35,8.94,Closed,MasterCard,2865.35,Suggestion,Resolved,1,2023,2,February,2011,11.4,18-25
2180,68,Male,Fresno,Current,4694.88,2002-07-11,2023-03-22,Transfer,773.07,5467.95,Mortgage,34454.97,5.45,Closed,MasterCard,3181.79,Praise,Resolved,1,2023,3,March,2002,20.7,65+
2181,34,Female,Boston,Current,8038.9,2018-06-21,2023-03-09,Transfer,434.96,7603.94,Mortgage,41707.16,1.39,Approved,Visa,3834.83,Complaint,Resolved,1,2023,3,March,2018,4.7,26-35
2182,68,Male,Milwaukee,Current,9831.94,2004-03-30,2023-08-22,Transfer,851.12,10683.06,Auto,41769.25,5.94,Rejected,MasterCard,652.89,Praise,Resolved,1,2023,8,August,2004,19.4,65+
2183,35,Female,San Francisco,Current,3778.81,2008-03-01,2023-08-29,Withdrawal,3522.98,7301.79,Personal,33109.66,8.64,Approved,Visa,643.94,Praise,Pending,1,2023,8,August,2008,15.5,26-35
2184,67,Female,Baltimore,Savings,1287.37,2005-08-06,2023-07-18,Deposit,734.77,2022.14,Personal,13298.87,4.57,Approved,AMEX,1553.0,Suggestion,Resolved,1,2023,7,July,2005,17.9,65+
2185,44,Other,Colorado Springs,Current,5278.27,2015-12-01,2023-07-02,Transfer,1620.9,6899.17,Auto,27051.67,5.96,Closed,Visa,515.48,Praise,Resolved,1,2023,7,July,2015,7.6,36-45
2186,48,Female,Milwaukee,Current,5958.43,2019-06-07,2023-07-29,Transfer,4399.61,1558.82,Auto,31847.28,2.27,Rejected,AMEX,1386.34,Suggestion,Pending,1,2023,7,July,2019,4.1,46-55
2187,21,Female,Denver,Current,9598.62,2004-05-16,2023-06-03,Withdrawal,709.74,10308.36,Auto,44595.02,8.58,Approved,MasterCard,2971.75,Complaint,Resolved,1,2023,6,June,2004,19.0,18-25
2188,19,Other,Sacramento,Savings,4197.83,2015-08-19,2023-06-08,Transfer,2645.59,1552.24,Personal,8823.73,1.96,Rejected,MasterCard,2143.73,Suggestion,Resolved,1,2023,6,June,2015,7.8,18-25
2189,22,Other,Memphis,Savings,999.02,2006-05-10,2023-07-01,Withdrawal,2535.14,-1536.12,Personal,23781.05,1.85,Rejected,MasterCard,1484.94,Praise,Pending,1,2023,7,July,2006,17.1,18-25
2190,34,Female,New York,Savings,6544.25,2013-04-20,2023-07-03,Transfer,179.89,6724.14,Auto,17323.66,9.4,Rejected,Visa,1679.87,Praise,Resolved,1,2023,7,July,2013,10.2,26-35
2191,56,Male,Houston,Current,309.01,2003-08-10,2023-02-25,Withdrawal,585.92,-276.91,Mortgage,21957.91,8.86,Approved,AMEX,1168.66,Suggestion,Resolved,1,2023,2,February,2003,19.5,56-65
2192,49,Female,Louisville,Current,4311.64,2009-09-25,2023-05-07,Withdrawal,4752.46,9064.1,Auto,9969.42,6.17,Closed,AMEX,2239.23,Complaint,Resolved,1,2023,5,May,2009,13.6,46-55
2193,46,Male,Seattle,Savings,4155.5,2011-10-07,2023-02-22,Transfer,4805.52,-650.02,Auto,11654.11,1.96,Rejected,MasterCard,2295.39,Complaint,Resolved,1,2023,2,February,2011,11.4,46-55
2194,33,Male,Detroit,Savings,2622.71,2004-04-06,2023-07-19,Withdrawal,4374.55,6997.26,Mortgage,38722.6,5.91,Closed,AMEX,4480.21,Praise,Pending,1,2023,7,July,2004,19.3,26-35
2195,18,Female,Omaha,Current,9646.66,2017-04-05,2023-02-03,Transfer,2164.98,7481.68,Mortgage,24440.44,9.28,Closed,MasterCard,3340.04,Suggestion,Resolved,1,2023,2,February,2017,5.8,18-25
2196,29,Male,Denver,Current,4093.74,2002-12-05,2023-02-15,Transfer,2968.78,1124.96,Mortgage,26193.21,6.51,Approved,Visa,3152.89,Praise,Resolved,1,2023,2,February,2002,20.2,26-35
2197,36,Female,Philadelphia,Savings,8957.6,2001-05-12,2023-07-27,Deposit,4122.52,4835.08,Mortgage,44976.43,2.78,Approved,MasterCard,1309.27,Praise,Pending,1,2023,7,July,2001,22.2,36-45
2198,26,Male,New York,Savings,5199.59,2000-04-14,2023-12-06,Transfer,3383.96,8583.55,Auto,12759.0,9.15,Approved,MasterCard,1705.09,Praise,Resolved,1,2023,12,December,2000,23.6,26-35
2199,65,Male,San Diego,Current,8223.31,2010-04-11,2023-11-26,Transfer,4476.71,12700.02,Auto,17134.31,8.79,Approved,AMEX,4361.77,Suggestion,Resolved,1,2023,11,November,2010,13.6,56-65
2200,24,Female,Tucson,Savings,4568.81,2013-10-21,2023-02-19,Deposit,1585.55,6154.36,Personal,16122.2,5.92,Closed,Visa,2830.52,Praise,Resolved,1,2023,2,February,2013,9.3,18-25
2201,47,Other,Nashville,Savings,9916.22,2011-01-18,2023-07-16,Deposit,3124.51,13040.73,Personal,33302.67,8.67,Closed,Visa,900.89,Complaint,Resolved,1,2023,7,July,2011,12.5,46-55
2202,32,Other,Las Vegas,Savings,6436.29,2014-04-01,2023-01-11,Withdrawal,2839.52,9275.81,Auto,28560.09,1.51,Approved,Visa,3631.96,Complaint,Resolved,1,2023,1,January,2014,8.8,26-35
2203,61,Female,Boston,Savings,1643.88,2005-01-21,2023-08-19,Deposit,4923.13,6567.01,Personal,24105.69,5.15,Closed,MasterCard,321.15,Complaint,Resolved,1,2023,8,August,2005,18.6,56-65
2204,21,Female,Denver,Savings,163.67,2007-01-16,2023-03-27,Deposit,4391.6,-4227.93,Personal,33731.23,2.6,Approved,AMEX,4467.49,Suggestion,Pending,1,2023,3,March,2007,16.2,18-25
2205,23,Other,Memphis,Current,9296.11,2019-01-26,2023-11-27,Withdrawal,834.3,10130.41,Personal,24712.01,8.54,Closed,Visa,2730.63,Complaint,Pending,1,2023,11,November,2019,4.8,18-25
2206,55,Other,Jacksonville,Current,6899.33,2002-09-10,2023-05-26,Deposit,303.88,7203.21,Mortgage,40981.91,9.74,Closed,MasterCard,4902.37,Suggestion,Pending,1,2023,5,May,2002,20.7,46-55
2207,64,Male,Fort Worth,Savings,1152.28,2017-08-13,2023-06-08,Transfer,2237.55,3389.83,Mortgage,21101.91,9.38,Approved,MasterCard,1382.04,Complaint,Resolved,1,2023,6,June,2017,5.8,56-65
2208,52,Male,Tucson,Current,7460.52,2017-09-30,2023-11-14,Deposit,2732.12,10192.64,Mortgage,44639.77,5.53,Approved,AMEX,551.97,Complaint,Resolved,1,2023,11,November,2017,6.1,46-55
2209,19,Male,San Antonio,Current,2348.77,2012-09-03,2023-01-23,Withdrawal,3951.43,-1602.66,Auto,6861.87,5.6,Closed,MasterCard,2449.5,Complaint,Pending,1,2023,1,January,2012,10.4,18-25
2210,22,Other,San Francisco,Savings,8111.38,2012-09-21,2023-12-26,Transfer,807.04,8918.42,Mortgage,5603.46,9.17,Closed,MasterCard,2738.27,Praise,Resolved,1,2023,12,December,2012,11.3,18-25
2211,25,Female,Jacksonville,Savings,6138.23,2020-08-23,2023-06-30,Withdrawal,4600.44,10738.67,Personal,33129.37,7.5,Approved,AMEX,3765.4,Suggestion,Resolved,-1,2023,6,June,2020,2.9,18-25
2212,68,Male,Milwaukee,Current,1324.23,2000-05-06,2023-03-03,Deposit,2862.22,4186.45,Auto,20095.59,1.67,Closed,MasterCard,3004.91,Praise,Pending,1,2023,3,March,2000,22.8,65+
2213,47,Female,Philadelphia,Current,802.4,2004-10-23,2023-03-15,Transfer,4215.31,-3412.91,Auto,23330.0,2.16,Rejected,MasterCard,2010.61,Praise,Pending,1,2023,3,March,2004,18.4,46-55
2214,65,Other,San Francisco,Current,4714.57,2020-03-26,2023-01-17,Deposit,4184.02,530.55,Personal,35104.91,9.57,Rejected,MasterCard,931.11,Suggestion,Pending,1,2023,1,January,2020,2.8,56-65
2215,36,Male,Atlanta,Savings,9375.25,2006-03-19,2023-10-24,Withdrawal,4759.8,4615.45,Personal,11512.43,4.29,Rejected,Visa,4440.37,Praise,Resolved,1,2023,10,October,2006,17.6,36-45
2216,47,Other,Seattle,Savings,5689.86,2004-06-02,2023-09-12,Withdrawal,3297.09,8986.95,Mortgage,3152.47,2.69,Approved,Visa,1563.28,Praise,Resolved,1,2023,9,September,2004,19.3,46-55
2217,48,Female,Detroit,Current,7615.18,2000-04-08,2023-12-31,Deposit,3921.29,3693.89,Personal,22505.57,7.62,Approved,MasterCard,1067.2,Complaint,Resolved,1,2023,12,December,2000,23.7,46-55
2218,33,Male,Indianapolis,Savings,4747.79,2004-02-15,2023-09-21,Withdrawal,4104.43,643.36,Mortgage,44841.54,8.92,Rejected,MasterCard,1321.24,Suggestion,Pending,1,2023,9,September,2004,19.6,26-35
2219,55,Female,San Diego,Current,3902.4,2009-07-07,2023-11-01,Deposit,2345.91,1556.49,Auto,23086.16,2.86,Closed,MasterCard,2731.06,Complaint,Pending,1,2023,11,November,2009,14.3,46-55
2220,39,Female,Las Vegas,Savings,8239.85,2008-12-01,2023-07-04,Withdrawal,2167.08,6072.77,Mortgage,29026.25,3.26,Closed,AMEX,68.51,Suggestion,Pending,1,2023,7,July,2008,14.6,36-45
2221,50,Male,San Jose,Savings,4687.53,2001-01-10,2023-06-30,Withdrawal,4733.61,9421.14,Auto,11210.04,9.1,Approved,Visa,3877.67,Praise,Pending,1,2023,6,June,2001,22.5,46-55
2222,67,Male,Memphis,Savings,1501.27,2009-07-06,2023-08-06,Withdrawal,344.19,1157.08,Auto,23739.62,1.12,Approved,MasterCard,3961.02,Suggestion,Resolved,1,2023,8,August,2009,14.1,65+
2223,39,Other,Albuquerque,Current,2817.75,2000-08-23,2023-04-16,Withdrawal,4765.19,-1947.44,Mortgage,24552.07,9.17,Approved,AMEX,4378.42,Suggestion,Pending,1,2023,4,April,2000,22.6,36-45
2224,25,Male,Las Vegas,Savings,5657.7,2013-01-05,2023-02-24,Transfer,2896.63,8554.33,Auto,12521.92,1.35,Rejected,AMEX,4085.28,Praise,Pending,1,2023,2,February,2013,10.1,18-25
2225,54,Male,Indianapolis,Savings,4085.51,2011-05-26,2023-05-17,Transfer,1480.46,5565.97,Personal,9026.04,1.86,Rejected,MasterCard,440.68,Praise,Resolved,1,2023,5,May,2011,12.0,46-55
2226,29,Male,Austin,Savings,3727.29,2019-06-21,2023-10-15,Deposit,2790.44,936.85,Auto,18162.63,8.76,Rejected,Visa,2648.75,Complaint,Resolved,1,2023,10,October,2019,4.3,26-35
2227,67,Male,Albuquerque,Savings,6720.77,2022-05-02,2023-12-09,Deposit,3192.58,9913.35,Mortgage,2904.41,3.24,Approved,AMEX,839.93,Complaint,Pending,1,2023,12,December,2022,1.6,65+
2228,22,Male,Philadelphia,Savings,6399.57,2021-01-29,2023-12-18,Deposit,562.82,5836.75,Auto,9156.14,3.02,Rejected,MasterCard,521.65,Praise,Resolved,1,2023,12,December,2021,2.9,18-25
2229,42,Other,Sacramento,Current,3208.86,2018-06-02,2023-02-26,Deposit,3352.92,6561.78,Mortgage,36836.32,8.6,Closed,MasterCard,18.44,Complaint,Pending,-1,2023,2,February,2018,4.7,36-45
2230,46,Female,Tucson,Savings,3658.32,2000-02-22,2023-04-10,Withdrawal,4513.87,8172.19,Mortgage,32807.56,5.88,Rejected,Visa,152.88,Suggestion,Pending,1,2023,4,April,2000,23.1,46-55
2231,30,Other,Seattle,Savings,7545.46,2014-09-30,2023-01-05,Withdrawal,4856.76,12402.22,Mortgage,16326.26,4.16,Approved,Visa,1760.92,Complaint,Resolved,1,2023,1,January,2014,8.3,26-35
2232,43,Female,Atlanta,Current,9220.75,2008-06-30,2023-04-22,Withdrawal,3002.95,12223.7,Auto,28006.94,7.43,Rejected,MasterCard,91.29,Praise,Pending,-1,2023,4,April,2008,14.8,36-45
2233,39,Male,San Jose,Savings,3309.73,2000-07-09,2023-04-05,Deposit,1641.95,4951.68,Personal,41639.86,8.29,Rejected,AMEX,2141.82,Praise,Resolved,1,2023,4,April,2000,22.7,36-45
2234,46,Other,Jacksonville,Savings,2989.59,2020-02-19,2023-11-15,Transfer,2821.73,167.86,Auto,42118.09,8.76,Closed,Visa,662.9,Complaint,Resolved,1,2023,11,November,2020,3.7,46-55
2235,29,Female,Atlanta,Savings,2726.27,2009-07-04,2023-08-11,Deposit,24.21,2750.48,Mortgage,33064.47,2.07,Rejected,MasterCard,4121.36,Praise,Resolved,1,2023,8,August,2009,14.1,26-35
2236,65,Female,Detroit,Savings,1500.92,2014-06-09,2023-07-05,Transfer,4597.0,6097.92,Mortgage,7078.62,6.24,Rejected,Visa,1910.3,Suggestion,Resolved,1,2023,7,July,2014,9.1,56-65
2237,63,Male,San Francisco,Current,3834.02,2005-09-29,2023-05-17,Transfer,3925.35,7759.37,Auto,8982.11,7.1,Approved,AMEX,3197.77,Complaint,Resolved,1,2023,5,May,2005,17.6,56-65
2238,60,Male,New York,Savings,5208.46,2007-01-29,2023-08-13,Withdrawal,840.53,6048.99,Mortgage,15291.99,2.05,Closed,Visa,2362.82,Suggestion,Pending,1,2023,8,August,2007,16.5,56-65
2239,45,Female,Boston,Savings,5420.59,2001-03-26,2023-09-08,Withdrawal,3050.74,8471.33,Mortgage,33865.02,6.49,Closed,AMEX,2287.36,Praise,Pending,1,2023,9,September,2001,22.5,36-45
2240,26,Other,Fresno,Savings,6941.2,2012-02-16,2023-12-21,Deposit,112.8,7054.0,Mortgage,13642.19,1.29,Rejected,AMEX,2369.3,Complaint,Pending,1,2023,12,December,2012,11.8,26-35
2241,27,Female,Colorado Springs,Savings,620.26,2001-04-26,2023-01-26,Deposit,1088.05,1708.31,Auto,23757.19,4.07,Closed,MasterCard,1396.54,Complaint,Resolved,1,2023,1,January,2001,21.8,26-35
2242,65,Other,Jacksonville,Current,5657.95,2006-08-04,2023-07-10,Transfer,858.36,6516.31,Auto,41450.76,2.55,Approved,MasterCard,618.45,Complaint,Pending,1,2023,7,July,2006,16.9,56-65
2243,68,Other,Oklahoma City,Savings,2624.39,2012-09-22,2023-07-13,Transfer,789.19,1835.2,Personal,44696.91,6.05,Closed,AMEX,4421.23,Praise,Pending,1,2023,7,July,2012,10.8,65+
2244,59,Female,San Antonio,Savings,2467.32,2000-03-16,2023-10-17,Withdrawal,2764.99,-297.67,Personal,42088.72,2.72,Rejected,MasterCard,3770.72,Suggestion,Resolved,1,2023,10,October,2000,23.6,56-65
2245,43,Other,Indianapolis,Current,7918.29,2003-12-31,2023-12-03,Transfer,4822.49,3095.8,Auto,6705.5,8.1,Rejected,AMEX,1253.87,Suggestion,Resolved,1,2023,12,December,2003,19.9,36-45
2246,53,Female,Atlanta,Savings,1619.42,2021-07-20,2023-01-06,Transfer,660.38,959.04,Mortgage,45626.95,2.09,Rejected,MasterCard,83.35,Complaint,Pending,1,2023,1,January,2021,1.5,46-55
2247,57,Female,Memphis,Current,3358.09,2020-07-15,2023-11-14,Deposit,4365.35,7723.44,Mortgage,34522.8,7.82,Approved,AMEX,2643.87,Complaint,Pending,1,2023,11,November,2020,3.3,56-65
2248,28,Male,Fort Worth,Savings,6412.62,2005-06-21,2023-12-17,Deposit,420.46,5992.16,Mortgage,31320.54,1.89,Approved,AMEX,447.96,Suggestion,Pending,1,2023,12,December,2005,18.5,26-35
2249,23,Female,San Francisco,Current,6464.45,2007-02-03,2023-08-08,Transfer,423.38,6041.07,Auto,13129.71,4.98,Closed,MasterCard,3555.31,Suggestion,Pending,1,2023,8,August,2007,16.5,18-25
2250,21,Female,Oklahoma City,Current,576.07,2013-10-11,2023-08-01,Transfer,3144.11,3720.18,Auto,46483.17,7.29,Rejected,MasterCard,1531.4,Complaint,Pending,1,2023,8,August,2013,9.8,18-25
2251,44,Male,Detroit,Current,818.33,2022-12-21,2023-03-16,Transfer,2876.78,-2058.45,Auto,1850.69,2.45,Approved,MasterCard,2939.27,Praise,Resolved,1,2023,3,March,2022,0.2,36-45
2252,41,Male,Denver,Current,6588.1,2003-01-02,2023-11-06,Deposit,1727.7,8315.8,Mortgage,5027.11,7.77,Approved,Visa,2198.1,Complaint,Resolved,1,2023,11,November,2003,20.8,36-45
2253,22,Other,Fort Worth,Savings,9536.2,2009-07-26,2023-06-13,Deposit,2671.61,6864.59,Mortgage,8530.05,9.58,Closed,MasterCard,446.61,Complaint,Pending,1,2023,6,June,2009,13.9,18-25
2254,67,Other,Nashville,Savings,9985.18,2010-11-09,2023-08-19,Withdrawal,3777.03,6208.15,Mortgage,35013.08,4.36,Rejected,AMEX,4891.25,Suggestion,Resolved,1,2023,8,August,2010,12.8,65+
2255,20,Male,Fresno,Current,9872.39,2005-11-11,2023-08-28,Withdrawal,3868.74,6003.65,Auto,31520.01,1.0,Closed,MasterCard,6.23,Praise,Resolved,1,2023,8,August,2005,17.8,18-25
2256,24,Male,San Antonio,Current,3580.64,2019-03-22,2023-04-01,Withdrawal,69.8,3510.84,Mortgage,47289.21,5.29,Rejected,AMEX,4664.5,Complaint,Pending,1,2023,4,April,2019,4.0,18-25
2257,41,Male,Sacramento,Current,2493.92,2017-10-21,2023-12-06,Withdrawal,399.64,2094.28,Auto,18100.1,9.12,Rejected,MasterCard,3491.16,Praise,Resolved,1,2023,12,December,2017,6.1,36-45
2258,39,Female,Charlotte,Savings,1076.63,2020-02-01,2023-04-23,Deposit,27.12,1103.75,Auto,18033.22,6.99,Closed,AMEX,2740.83,Complaint,Resolved,1,2023,4,April,2020,3.2,36-45
2259,29,Female,New York,Current,3325.69,2007-08-04,2023-12-06,Withdrawal,88.05,3237.64,Mortgage,33807.17,7.33,Approved,AMEX,4142.07,Suggestion,Resolved,1,2023,12,December,2007,16.3,26-35
2260,52,Female,Detroit,Savings,2840.85,2000-11-13,2023-05-10,Deposit,4199.8,-1358.95,Personal,9533.7,8.13,Rejected,Visa,142.97,Praise,Pending,1,2023,5,May,2000,22.5,46-55
2261,34,Male,Sacramento,Savings,5810.28,2000-09-28,2023-04-11,Deposit,426.93,6237.21,Auto,23738.09,9.17,Rejected,Visa,685.61,Suggestion,Pending,1,2023,4,April,2000,22.5,26-35
2262,20,Other,Boston,Current,3750.98,2003-09-29,2023-01-27,Withdrawal,3557.92,193.06,Auto,1756.23,2.12,Approved,AMEX,2997.59,Complaint,Resolved,1,2023,1,January,2003,19.3,18-25
2263,28,Other,Charlotte,Current,2392.15,2019-03-23,2023-01-18,Deposit,4900.36,-2508.21,Mortgage,30009.94,6.31,Approved,AMEX,2662.8,Suggestion,Pending,1,2023,1,January,2019,3.8,26-35
2264,23,Female,Washington,Savings,6164.19,2019-11-07,2023-07-24,Transfer,4106.34,2057.85,Personal,39415.53,9.01,Closed,AMEX,2747.96,Complaint,Resolved,1,2023,7,July,2019,3.7,18-25
2265,60,Female,Philadelphia,Current,3298.37,2009-01-24,2023-07-29,Withdrawal,341.32,3639.69,Personal,10983.96,7.98,Approved,MasterCard,4268.54,Complaint,Resolved,1,2023,7,July,2009,14.5,56-65
2266,53,Male,Charlotte,Current,3601.04,2002-12-28,2023-01-11,Withdrawal,4470.46,-869.42,Mortgage,16051.36,3.24,Approved,MasterCard,3330.93,Praise,Resolved,1,2023,1,January,2002,20.0,46-55
2267,34,Male,Las Vegas,Savings,6024.56,2010-05-12,2023-01-04,Transfer,4791.26,10815.82,Personal,7460.13,8.87,Closed,MasterCard,1769.34,Suggestion,Pending,1,2023,1,January,2010,12.6,26-35
2268,39,Other,Nashville,Current,1270.36,2018-02-07,2023-04-13,Withdrawal,3534.8,4805.16,Mortgage,31168.05,3.65,Closed,AMEX,3037.38,Suggestion,Pending,1,2023,4,April,2018,5.2,36-45
2269,18,Other,San Antonio,Current,7765.07,2007-10-28,2023-07-24,Deposit,3085.39,10850.46,Mortgage,28637.01,4.7,Closed,AMEX,3482.6,Complaint,Resolved,1,2023,7,July,2007,15.7,18-25
2270,61,Male,Memphis,Savings,9657.8,2005-04-28,2023-03-24,Deposit,3012.96,12670.76,Personal,41493.41,2.67,Rejected,MasterCard,965.94,Complaint,Pending,1,2023,3,March,2005,17.9,56-65
2271,20,Other,Albuquerque,Current,4959.18,2007-11-11,2023-02-12,Deposit,4103.06,856.12,Auto,48546.84,8.97,Rejected,Visa,132.3,Praise,Resolved,1,2023,2,February,2007,15.3,18-25
2272,33,Other,Albuquerque,Current,5642.6,2018-01-30,2023-09-09,Withdrawal,2771.73,8414.33,Personal,49198.54,1.84,Rejected,Visa,2519.02,Complaint,Pending,1,2023,9,September,2018,5.6,26-35
2273,52,Female,Phoenix,Savings,3907.97,2020-11-30,2023-02-08,Transfer,1675.56,2232.41,Auto,6251.22,9.95,Approved,Visa,3375.19,Suggestion,Resolved,1,2023,2,February,2020,2.2,46-55
2274,31,Male,Houston,Current,9571.51,2005-11-08,2023-11-11,Transfer,4852.47,14423.98,Auto,28103.69,3.96,Approved,Visa,4343.52,Suggestion,Resolved,1,2023,11,November,2005,18.0,26-35
2275,66,Male,Washington,Savings,1416.15,2018-12-29,2023-06-02,Withdrawal,251.81,1667.96,Auto,39693.08,7.4,Closed,Visa,2910.37,Complaint,Resolved,1,2023,6,June,2018,4.4,65+
2276,68,Male,Seattle,Current,8153.87,2016-09-28,2023-12-01,Deposit,3330.09,4823.78,Personal,33290.17,2.16,Closed,Visa,2935.76,Praise,Resolved,1,2023,12,December,2016,7.2,65+
2277,24,Female,Sacramento,Savings,6539.22,2009-02-26,2023-08-31,Deposit,2932.28,9471.5,Auto,44952.35,5.39,Rejected,Visa,2532.48,Suggestion,Pending,1,2023,8,August,2009,14.5,18-25
2278,43,Male,San Francisco,Savings,7935.81,2021-01-30,2023-03-25,Withdrawal,3199.36,4736.45,Mortgage,22644.24,1.36,Rejected,Visa,4623.22,Praise,Resolved,1,2023,3,March,2021,2.1,36-45
2279,60,Other,Las Vegas,Current,9509.55,2019-07-28,2023-12-03,Withdrawal,3214.61,12724.16,Mortgage,21927.76,8.91,Approved,MasterCard,4296.29,Complaint,Pending,1,2023,12,December,2019,4.4,56-65
2280,65,Female,Los Angeles,Savings,5011.91,2021-01-11,2023-02-24,Deposit,626.41,4385.5,Auto,2279.51,5.02,Rejected,AMEX,2540.7,Suggestion,Resolved,1,2023,2,February,2021,2.1,56-65
2281,48,Female,San Jose,Current,2954.47,2012-10-30,2023-11-17,Withdrawal,676.22,2278.25,Personal,1766.84,7.68,Closed,MasterCard,3383.57,Suggestion,Pending,1,2023,11,November,2012,11.0,46-55
2282,41,Male,Charlotte,Savings,7817.17,2018-05-05,2023-04-03,Transfer,346.19,8163.36,Auto,34939.65,9.05,Rejected,AMEX,3261.84,Suggestion,Pending,-1,2023,4,April,2018,4.9,36-45
2283,36,Other,Phoenix,Current,8461.25,2007-03-15,2023-04-18,Transfer,4692.53,3768.72,Mortgage,24101.84,1.62,Closed,AMEX,1239.24,Suggestion,Resolved,1,2023,4,April,2007,16.1,36-45
2284,54,Male,Chicago,Savings,6893.93,2021-09-01,2023-12-05,Withdrawal,3053.42,9947.35,Mortgage,33351.31,5.6,Rejected,AMEX,1187.37,Suggestion,Pending,1,2023,12,December,2021,2.3,46-55
2285,18,Other,Atlanta,Savings,8505.12,2000-08-11,2023-12-16,Deposit,394.78,8899.9,Auto,12672.89,2.71,Closed,Visa,4995.4,Complaint,Resolved,1,2023,12,December,2000,23.3,18-25
2286,42,Male,Atlanta,Current,7330.24,2004-03-01,2023-08-08,Transfer,2173.95,5156.29,Personal,43291.52,1.62,Closed,AMEX,4113.46,Complaint,Resolved,1,2023,8,August,2004,19.4,36-45
2287,27,Other,Atlanta,Current,9578.98,2004-07-12,2023-02-06,Withdrawal,1803.02,7775.96,Mortgage,45240.36,6.6,Closed,MasterCard,3730.98,Suggestion,Pending,1,2023,2,February,2004,18.6,26-35
2288,35,Other,Chicago,Savings,5749.74,2016-07-23,2023-08-22,Deposit,749.54,6499.28,Personal,33452.54,2.03,Approved,AMEX,4623.13,Praise,Pending,1,2023,8,August,2016,7.1,26-35
2289,59,Other,Sacramento,Savings,3866.69,2014-01-31,2023-05-02,Withdrawal,4111.87,7978.56,Mortgage,14612.27,5.43,Approved,MasterCard,3645.14,Complaint,Resolved,-1,2023,5,May,2014,9.2,56-65
2290,18,Female,El Paso,Savings,6837.15,2013-01-24,2023-03-16,Withdrawal,3880.27,2956.88,Mortgage,11591.64,2.77,Approved,MasterCard,4017.28,Praise,Pending,-1,2023,3,March,2013,10.1,18-25
2291,46,Male,Louisville,Savings,784.23,2017-04-08,2023-07-27,Withdrawal,2325.73,-1541.5,Auto,31649.49,2.78,Closed,MasterCard,1441.25,Complaint,Pending,1,2023,7,July,2017,6.3,46-55
2292,30,Male,Baltimore,Savings,5034.07,2002-01-06,2023-12-04,Withdrawal,2617.11,2416.96,Mortgage,47098.12,5.71,Rejected,Visa,2539.47,Suggestion,Pending,1,2023,12,December,2002,21.9,26-35
2293,21,Male,Seattle,Savings,7756.67,2022-10-29,2023-11-06,Withdrawal,2187.79,9944.46,Auto,29327.51,6.0,Approved,Visa,2136.84,Praise,Pending,1,2023,11,November,2022,1.0,18-25
2294,29,Female,Mesa,Savings,1772.74,2019-02-08,2023-03-14,Deposit,2759.59,4532.33,Mortgage,42125.94,1.03,Rejected,Visa,1629.71,Praise,Pending,1,2023,3,March,2019,4.1,26-35
2295,65,Other,Tucson,Savings,4064.03,2002-10-30,2023-04-01,Transfer,3665.49,398.54,Mortgage,28704.87,5.51,Approved,MasterCard,3709.38,Praise,Resolved,1,2023,4,April,2002,20.4,56-65
2296,36,Female,Detroit,Current,3567.84,2018-03-30,2023-11-04,Deposit,4381.09,7948.93,Personal,34055.46,7.03,Rejected,MasterCard,2288.95,Suggestion,Pending,1,2023,11,November,2018,5.6,36-45
2297,43,Female,Omaha,Current,3416.19,2006-03-31,2023-10-21,Transfer,2965.68,450.51,Auto,28821.06,7.11,Rejected,MasterCard,4575.75,Suggestion,Pending,1,2023,10,October,2006,17.6,36-45
2298,61,Other,San Francisco,Current,6541.2,2020-02-13,2023-10-27,Withdrawal,637.73,5903.47,Personal,29192.82,8.65,Closed,MasterCard,1997.57,Complaint,Pending,-1,2023,10,October,2020,3.7,56-65
2299,55,Male,Omaha,Current,5025.21,2016-07-08,2023-12-09,Withdrawal,3862.56,8887.77,Auto,37223.25,9.06,Approved,MasterCard,2192.34,Suggestion,Resolved,1,2023,12,December,2016,7.4,46-55
2300,33,Female,San Antonio,Savings,7993.42,2012-08-24,2023-08-23,Deposit,1867.67,9861.09,Personal,20415.98,6.61,Closed,MasterCard,4452.29,Complaint,Pending,1,2023,8,August,2012,11.0,26-35
2301,61,Other,San Diego,Savings,672.71,2013-07-10,2023-11-14,Deposit,3153.09,3825.8,Mortgage,45295.89,5.34,Closed,MasterCard,147.79,Praise,Resolved,1,2023,11,November,2013,10.3,56-65
2302,42,Other,Milwaukee,Current,4593.7,2017-09-26,2023-08-02,Transfer,1000.96,5594.66,Auto,43311.15,2.84,Rejected,Visa,2586.49,Complaint,Resolved,1,2023,8,August,2017,5.8,36-45
2303,27,Male,Fort Worth,Savings,238.59,2001-05-28,2023-03-09,Withdrawal,825.41,-586.82,Auto,36540.4,2.14,Rejected,AMEX,1245.62,Complaint,Resolved,-1,2023,3,March,2001,21.8,26-35
2304,54,Other,Milwaukee,Savings,2286.51,2022-07-02,2023-08-12,Deposit,272.84,2559.35,Auto,37427.88,6.48,Rejected,MasterCard,2146.65,Praise,Resolved,1,2023,8,August,2022,1.1,46-55
2305,45,Other,Denver,Current,7776.22,2001-10-26,2023-08-04,Withdrawal,1579.13,9355.35,Mortgage,21248.8,9.52,Closed,Visa,3341.74,Suggestion,Pending,1,2023,8,August,2001,21.8,36-45
2306,45,Other,Jacksonville,Current,1149.9,2005-12-27,2023-06-15,Withdrawal,2989.75,-1839.85,Mortgage,41793.8,3.5,Approved,Visa,3097.76,Praise,Resolved,1,2023,6,June,2005,17.5,36-45
2307,42,Male,Colorado Springs,Current,1145.23,2015-12-12,2023-03-02,Withdrawal,1600.69,2745.92,Auto,46697.87,1.9,Closed,MasterCard,1703.81,Complaint,Resolved,1,2023,3,March,2015,7.2,36-45
2308,42,Male,Fort Worth,Savings,4074.24,2017-01-29,2023-10-11,Transfer,1211.99,5286.23,Personal,39962.28,4.81,Approved,Visa,1591.68,Suggestion,Resolved,1,2023,10,October,2017,6.7,36-45
2309,68,Other,Oklahoma City,Savings,7791.72,2017-04-12,2023-03-11,Withdrawal,4974.38,12766.1,Personal,7518.12,1.0,Closed,MasterCard,1833.1,Complaint,Resolved,1,2023,3,March,2017,5.9,65+
2310,29,Other,Atlanta,Current,6416.43,2004-03-20,2023-12-19,Transfer,4994.22,11410.65,Mortgage,39544.47,5.98,Closed,AMEX,3696.49,Suggestion,Resolved,1,2023,12,December,2004,19.7,26-35
2311,25,Male,San Antonio,Current,7839.38,2007-03-16,2023-01-31,Deposit,3028.69,4810.69,Mortgage,23764.0,1.45,Closed,Visa,2232.27,Suggestion,Pending,1,2023,1,January,2007,15.9,18-25
2312,53,Male,Columbus,Current,590.53,2019-08-06,2023-07-04,Deposit,1624.72,-1034.19,Personal,30826.28,9.38,Closed,Visa,728.76,Complaint,Pending,1,2023,7,July,2019,3.9,46-55
2313,56,Male,Austin,Current,5680.88,2005-06-16,2023-05-07,Withdrawal,4309.53,1371.35,Personal,49566.84,8.83,Approved,AMEX,4589.87,Suggestion,Pending,1,2023,5,May,2005,17.9,56-65
2314,41,Female,San Antonio,Savings,4587.6,2001-12-04,2023-05-18,Withdrawal,3686.58,901.02,Mortgage,18608.39,2.03,Rejected,AMEX,1713.95,Complaint,Resolved,1,2023,5,May,2001,21.5,36-45
2315,40,Male,Memphis,Current,8970.61,2018-03-05,2023-05-20,Transfer,3083.53,12054.14,Personal,18077.89,2.32,Closed,AMEX,2283.88,Complaint,Resolved,1,2023,5,May,2018,5.2,36-45
2316,54,Other,Jacksonville,Savings,7399.66,2000-12-20,2023-09-20,Withdrawal,4542.19,2857.47,Personal,13893.52,9.58,Rejected,Visa,2539.49,Praise,Resolved,1,2023,9,September,2000,22.7,46-55
2317,28,Male,Memphis,Current,4300.98,2001-06-30,2023-03-29,Withdrawal,2232.11,6533.09,Personal,7229.03,8.32,Approved,AMEX,3578.49,Praise,Resolved,1,2023,3,March,2001,21.7,26-35
2318,34,Other,Dallas,Savings,5583.11,2014-01-23,2023-06-05,Withdrawal,1284.73,6867.84,Mortgage,9240.51,9.48,Rejected,MasterCard,1427.51,Suggestion,Pending,1,2023,6,June,2014,9.4,26-35
2319,45,Other,Mesa,Savings,4305.85,2000-04-19,2023-11-27,Transfer,4835.55,9141.4,Personal,26199.18,4.01,Rejected,MasterCard,3854.9,Praise,Resolved,1,2023,11,November,2000,23.6,36-45
2320,20,Other,Jacksonville,Current,4467.35,2004-02-07,2023-10-03,Transfer,4302.62,164.73,Auto,45580.19,2.0,Closed,Visa,14.52,Complaint,Pending,1,2023,10,October,2004,19.7,18-25
2321,19,Male,Denver,Savings,6377.42,2010-01-19,2023-04-30,Withdrawal,4561.21,10938.63,Mortgage,40685.06,6.54,Closed,MasterCard,3705.85,Suggestion,Pending,1,2023,4,April,2010,13.3,18-25
2322,68,Male,Milwaukee,Current,2243.69,2018-11-14,2023-11-17,Withdrawal,4591.85,-2348.16,Auto,9942.11,9.7,Closed,AMEX,839.53,Praise,Resolved,1,2023,11,November,2018,5.0,65+
2323,46,Male,San Francisco,Current,3398.52,2021-10-09,2023-06-13,Deposit,1919.24,5317.76,Auto,28522.82,2.17,Rejected,MasterCard,927.59,Suggestion,Pending,1,2023,6,June,2021,1.7,46-55
2324,51,Male,Dallas,Current,2863.67,2001-04-10,2023-11-22,Transfer,4305.43,-1441.76,Personal,42499.31,8.37,Rejected,AMEX,2707.53,Praise,Resolved,1,2023,11,November,2001,22.6,46-55
2325,31,Male,Tucson,Savings,8027.94,2000-06-25,2023-05-18,Deposit,4447.5,3580.44,Auto,27435.16,4.24,Closed,Visa,1537.18,Suggestion,Resolved,1,2023,5,May,2000,22.9,26-35
2326,50,Female,Fresno,Current,9425.24,2016-01-18,2023-08-19,Withdrawal,2742.46,6682.78,Mortgage,45660.17,2.04,Rejected,AMEX,694.41,Praise,Pending,1,2023,8,August,2016,7.6,46-55
2327,65,Male,Las Vegas,Savings,4201.58,2014-09-26,2023-10-27,Withdrawal,3130.04,1071.54,Mortgage,45486.36,5.13,Approved,MasterCard,908.09,Praise,Resolved,1,2023,10,October,2014,9.1,56-65
2328,64,Female,Dallas,Current,863.3,2008-01-06,2023-07-21,Withdrawal,2891.71,3755.01,Mortgage,18063.96,5.4,Closed,AMEX,4542.94,Suggestion,Resolved,-1,2023,7,July,2008,15.5,56-65
2329,35,Other,San Antonio,Savings,1026.15,2013-11-04,2023-03-31,Withdrawal,89.98,936.17,Mortgage,43822.55,1.08,Rejected,Visa,3538.32,Praise,Resolved,-1,2023,3,March,2013,9.4,26-35
2330,46,Other,Indianapolis,Current,4055.93,2004-01-22,2023-08-21,Transfer,2682.31,1373.62,Personal,29670.67,5.27,Approved,AMEX,774.19,Complaint,Pending,1,2023,8,August,2004,19.6,46-55
2331,19,Other,Denver,Current,4010.35,2017-07-19,2023-03-15,Withdrawal,198.81,3811.54,Mortgage,24512.47,6.83,Approved,MasterCard,4026.53,Praise,Pending,1,2023,3,March,2017,5.7,18-25
2332,28,Other,Colorado Springs,Savings,1546.95,2019-10-20,2023-10-16,Deposit,2260.86,3807.81,Auto,38939.0,7.88,Approved,Visa,4784.92,Suggestion,Pending,1,2023,10,October,2019,4.0,26-35
2333,48,Female,Philadelphia,Savings,8090.52,2001-03-02,2023-06-14,Deposit,237.97,8328.49,Personal,39691.22,1.89,Approved,MasterCard,511.18,Suggestion,Pending,1,2023,6,June,2001,22.3,46-55
2334,66,Female,Austin,Savings,5051.33,2004-03-07,2023-05-21,Deposit,2282.23,2769.1,Mortgage,34095.7,8.89,Approved,MasterCard,3549.61,Complaint,Pending,1,2023,5,May,2004,19.2,65+
2335,30,Other,Fort Worth,Current,1179.69,2014-05-17,2023-12-24,Transfer,1530.7,-351.01,Auto,40733.79,2.51,Closed,MasterCard,1348.28,Praise,Resolved,1,2023,12,December,2014,9.6,26-35
2336,61,Male,San Jose,Savings,1077.33,2016-04-18,2023-12-16,Deposit,3871.89,4949.22,Auto,47619.77,6.92,Approved,AMEX,2684.66,Praise,Pending,1,2023,12,December,2016,7.7,56-65
2337,43,Other,Fort Worth,Savings,4515.05,2007-08-26,2023-03-29,Transfer,2400.71,6915.76,Mortgage,43781.29,5.97,Rejected,MasterCard,1145.04,Suggestion,Resolved,1,2023,3,March,2007,15.6,36-45
2338,51,Other,Nashville,Savings,1256.68,2000-03-27,2023-12-20,Transfer,2565.35,-1308.67,Mortgage,4638.41,8.92,Rejected,Visa,713.37,Praise,Pending,1,2023,12,December,2000,23.7,46-55
2339,67,Female,Jacksonville,Savings,5655.84,2009-10-07,2023-10-20,Withdrawal,4519.39,10175.23,Auto,42651.42,1.35,Approved,Visa,2757.19,Suggestion,Pending,1,2023,10,October,2009,14.0,65+
2340,27,Other,Oklahoma City,Current,3911.65,2016-05-04,2023-01-19,Transfer,2416.67,6328.32,Auto,39294.86,2.72,Approved,MasterCard,4157.96,Complaint,Resolved,1,2023,1,January,2016,6.7,26-35
2341,29,Female,Mesa,Savings,9204.78,2018-03-24,2023-11-18,Transfer,790.29,8414.49,Mortgage,46410.33,2.1,Closed,AMEX,4828.33,Praise,Resolved,1,2023,11,November,2018,5.7,26-35
2342,66,Female,Louisville,Savings,4247.21,2017-04-04,2023-01-30,Transfer,571.76,3675.45,Auto,37238.88,3.95,Approved,AMEX,4045.99,Praise,Resolved,1,2023,1,January,2017,5.8,65+
2343,39,Other,Las Vegas,Current,6182.86,2021-09-30,2023-08-02,Withdrawal,1536.05,7718.91,Mortgage,44014.82,4.05,Rejected,Visa,1301.26,Complaint,Pending,-1,2023,8,August,2021,1.8,36-45
2344,63,Male,Phoenix,Current,8132.41,2012-09-15,2023-09-09,Withdrawal,1334.23,6798.18,Personal,1500.72,1.8,Closed,AMEX,3187.72,Complaint,Resolved,1,2023,9,September,2012,11.0,56-65
2345,48,Female,Atlanta,Current,3098.47,2015-10-29,2023-06-17,Withdrawal,4094.29,-995.82,Personal,48912.46,5.63,Rejected,Visa,683.76,Complaint,Pending,1,2023,6,June,2015,7.6,46-55
2346,36,Female,Fort Worth,Savings,5167.7,2015-06-11,2023-05-23,Deposit,3796.83,8964.53,Mortgage,10354.41,2.05,Approved,MasterCard,2063.11,Praise,Pending,1,2023,5,May,2015,7.9,36-45
2347,62,Female,Sacramento,Savings,1297.31,2016-12-05,2023-07-17,Deposit,302.53,1599.84,Mortgage,43347.25,1.67,Approved,MasterCard,743.9,Complaint,Pending,1,2023,7,July,2016,6.6,56-65
2348,41,Other,Omaha,Savings,4384.42,2021-09-20,2023-12-22,Transfer,1012.99,5397.41,Mortgage,46550.92,1.3,Rejected,AMEX,3856.47,Praise,Resolved,1,2023,12,December,2021,2.3,36-45
2349,42,Other,Los Angeles,Savings,3820.63,2001-05-05,2023-12-30,Deposit,2249.64,1570.99,Auto,1108.95,9.36,Closed,Visa,748.35,Suggestion,Pending,1,2023,12,December,2001,22.7,36-45
2350,52,Female,Colorado Springs,Savings,4339.07,2010-12-03,2023-12-02,Withdrawal,445.12,3893.95,Auto,45770.23,4.57,Closed,Visa,3709.35,Complaint,Pending,1,2023,12,December,2010,13.0,46-55
2351,25,Male,Dallas,Current,1163.36,2009-06-30,2023-03-26,Deposit,839.43,2002.79,Personal,41631.38,3.55,Closed,Visa,508.42,Complaint,Pending,1,2023,3,March,2009,13.7,18-25
2352,22,Other,Washington,Savings,4044.17,2002-11-14,2023-12-20,Withdrawal,4543.14,8587.31,Mortgage,46198.22,5.34,Closed,Visa,2721.2,Suggestion,Resolved,1,2023,12,December,2002,21.1,18-25
2353,39,Male,Phoenix,Savings,8715.64,2000-07-17,2023-04-14,Deposit,2710.57,6005.07,Mortgage,9667.23,2.42,Closed,AMEX,1034.26,Complaint,Pending,1,2023,4,April,2000,22.7,36-45
2354,45,Male,Fort Worth,Savings,9376.85,2001-04-04,2023-04-28,Withdrawal,3985.26,5391.59,Mortgage,39094.61,4.66,Closed,Visa,745.37,Suggestion,Resolved,1,2023,4,April,2001,22.1,36-45
2355,29,Other,New York,Savings,2493.1,2007-02-17,2023-02-07,Deposit,1659.44,4152.54,Auto,24886.81,2.71,Approved,Visa,2188.29,Praise,Resolved,1,2023,2,February,2007,16.0,26-35
2356,50,Female,Washington,Savings,3074.96,2018-12-24,2023-05-16,Transfer,1880.2,4955.16,Mortgage,13626.76,3.74,Closed,Visa,4818.08,Complaint,Pending,1,2023,5,May,2018,4.4,46-55
2357,33,Male,Kansas City,Savings,194.61,2020-06-07,2023-03-17,Deposit,4293.18,-4098.57,Auto,38052.4,9.32,Rejected,Visa,435.78,Suggestion,Pending,1,2023,3,March,2020,2.8,26-35
2358,43,Female,Denver,Current,1244.25,2014-12-14,2023-10-22,Deposit,3289.33,-2045.08,Personal,24189.41,2.34,Approved,MasterCard,2220.06,Suggestion,Pending,-1,2023,10,October,2014,8.9,36-45
2359,29,Male,Indianapolis,Current,3516.68,2012-10-12,2023-11-12,Transfer,3395.12,6911.8,Mortgage,45094.35,5.26,Rejected,MasterCard,462.97,Complaint,Resolved,1,2023,11,November,2012,11.1,26-35
2360,40,Female,Milwaukee,Current,6882.58,2003-07-17,2023-04-19,Transfer,3198.31,3684.27,Mortgage,35825.84,6.95,Closed,Visa,1218.21,Complaint,Pending,-1,2023,4,April,2003,19.8,36-45
2361,66,Other,Chicago,Current,2992.82,2003-04-13,2023-02-25,Withdrawal,2710.26,5703.08,Auto,7818.12,9.26,Closed,MasterCard,1360.72,Suggestion,Pending,1,2023,2,February,2003,19.9,65+
2362,43,Male,El Paso,Current,846.43,2013-09-16,2023-01-18,Transfer,4955.74,-4109.31,Mortgage,13287.41,9.31,Approved,AMEX,2534.73,Suggestion,Pending,1,2023,1,January,2013,9.3,36-45
2363,58,Male,Seattle,Current,7335.59,2013-07-05,2023-04-14,Deposit,4472.1,2863.49,Auto,13962.14,3.23,Closed,Visa,3911.47,Suggestion,Resolved,1,2023,4,April,2013,9.8,56-65
2364,30,Male,Detroit,Savings,4720.98,2018-12-21,2023-05-29,Withdrawal,3557.41,8278.39,Mortgage,17858.45,9.49,Approved,AMEX,1672.75,Suggestion,Pending,1,2023,5,May,2018,4.4,26-35
2365,40,Female,San Jose,Savings,5240.05,2006-03-27,2023-08-07,Deposit,3394.01,1846.04,Personal,33656.07,3.98,Approved,AMEX,3901.13,Praise,Pending,1,2023,8,August,2006,17.4,36-45
2366,48,Male,Seattle,Current,3327.65,2017-03-05,2023-01-06,Withdrawal,430.48,3758.13,Mortgage,44822.3,9.05,Closed,MasterCard,80.86,Suggestion,Resolved,1,2023,1,January,2017,5.8,46-55
2367,53,Male,Chicago,Current,6169.14,2022-11-18,2023-06-08,Withdrawal,2431.07,8600.21,Auto,30091.31,1.84,Approved,MasterCard,277.75,Suggestion,Pending,1,2023,6,June,2022,0.6,46-55
2368,44,Female,El Paso,Savings,8918.72,2020-04-21,2023-04-08,Transfer,2485.07,6433.65,Mortgage,37838.28,2.79,Approved,MasterCard,847.41,Complaint,Pending,1,2023,4,April,2020,3.0,36-45
2369,53,Female,Chicago,Savings,5582.21,2004-08-18,2023-11-23,Deposit,269.18,5851.39,Auto,16519.91,1.71,Rejected,Visa,2238.91,Suggestion,Resolved,1,2023,11,November,2004,19.3,46-55
2370,64,Other,Boston,Current,5916.41,2014-10-06,2023-09-08,Withdrawal,3780.45,2135.96,Mortgage,26600.78,3.69,Rejected,AMEX,1839.18,Suggestion,Resolved,1,2023,9,September,2014,8.9,56-65
2371,59,Female,Portland,Current,3798.27,2006-08-12,2023-03-02,Withdrawal,19.81,3818.08,Auto,25702.19,8.86,Closed,AMEX,3619.09,Suggestion,Resolved,1,2023,3,March,2006,16.6,56-65
2372,40,Male,Portland,Current,918.04,2018-09-25,2023-03-09,Withdrawal,2131.79,3049.83,Mortgage,35351.93,2.43,Rejected,MasterCard,4964.14,Praise,Pending,1,2023,3,March,2018,4.5,36-45
2373,55,Male,Colorado Springs,Savings,4342.56,2006-04-24,2023-09-10,Withdrawal,4517.22,8859.78,Personal,26379.99,3.02,Closed,MasterCard,3990.71,Praise,Resolved,1,2023,9,September,2006,17.4,46-55
2374,20,Other,Boston,Current,9253.93,2021-12-30,2023-11-13,Transfer,1708.39,7545.54,Mortgage,17378.43,2.95,Closed,Visa,4088.07,Complaint,Resolved,1,2023,11,November,2021,1.9,18-25
2375,47,Other,Las Vegas,Current,6834.13,2017-05-21,2023-04-22,Transfer,2917.41,9751.54,Auto,12951.46,3.47,Approved,Visa,4938.96,Complaint,Pending,1,2023,4,April,2017,5.9,46-55
2376,49,Male,San Diego,Current,4953.18,2003-02-05,2023-01-17,Deposit,1546.69,3406.49,Personal,13480.59,1.17,Approved,MasterCard,2313.76,Praise,Pending,1,2023,1,January,2003,19.9,46-55
2377,32,Female,Dallas,Current,6246.74,2010-10-30,2023-06-06,Withdrawal,903.12,7149.86,Personal,49063.34,4.81,Closed,MasterCard,4832.8,Complaint,Resolved,1,2023,6,June,2010,12.6,26-35
2378,55,Male,Atlanta,Savings,5629.51,2004-07-02,2023-03-08,Deposit,3652.79,9282.3,Auto,18516.35,9.79,Rejected,MasterCard,2920.4,Complaint,Resolved,1,2023,3,March,2004,18.7,46-55
2379,28,Other,Baltimore,Current,9132.79,2006-04-13,2023-11-11,Deposit,1030.81,10163.6,Auto,40523.6,5.03,Closed,AMEX,3383.8,Praise,Pending,1,2023,11,November,2006,17.6,26-35
2380,19,Male,Denver,Savings,2316.09,2014-05-29,2023-01-03,Transfer,370.25,1945.84,Mortgage,4496.95,8.32,Closed,Visa,148.44,Praise,Pending,1,2023,1,January,2014,8.6,18-25
2381,43,Male,Indianapolis,Savings,8897.99,2008-10-22,2023-04-13,Withdrawal,2181.3,11079.29,Personal,5393.01,6.14,Approved,AMEX,2341.4,Suggestion,Pending,1,2023,4,April,2008,14.5,36-45
2382,51,Male,Las Vegas,Current,6915.86,2014-03-24,2023-06-04,Transfer,3547.29,3368.57,Auto,34621.41,1.13,Approved,MasterCard,4874.42,Complaint,Resolved,1,2023,6,June,2014,9.2,46-55
2383,18,Other,Nashville,Current,1364.69,2005-09-16,2023-01-01,Withdrawal,2904.23,4268.92,Mortgage,23403.25,6.27,Approved,Visa,4659.87,Suggestion,Resolved,1,2023,1,January,2005,17.3,18-25
2384,28,Other,Mesa,Savings,3781.86,2018-08-17,2023-12-01,Withdrawal,1229.58,5011.44,Mortgage,44144.17,9.52,Rejected,MasterCard,1933.15,Praise,Pending,1,2023,12,December,2018,5.3,26-35
2385,22,Other,Omaha,Savings,4419.36,2011-07-18,2023-11-30,Deposit,4090.59,328.77,Auto,43248.79,5.98,Closed,AMEX,2857.23,Suggestion,Pending,1,2023,11,November,2011,12.4,18-25
2386,43,Female,Colorado Springs,Savings,921.04,2000-12-02,2023-01-04,Deposit,494.49,426.55,Personal,38027.2,5.75,Rejected,Visa,4242.93,Praise,Resolved,1,2023,1,January,2000,22.1,36-45
2387,23,Other,Philadelphia,Savings,5586.57,2003-06-13,2023-07-22,Transfer,3354.88,2231.69,Auto,40950.49,7.03,Approved,Visa,1569.84,Suggestion,Pending,1,2023,7,July,2003,20.1,18-25
2388,52,Female,Phoenix,Savings,2667.7,2019-08-28,2023-02-02,Transfer,3037.32,5705.02,Mortgage,43654.7,8.84,Rejected,MasterCard,1088.77,Complaint,Resolved,1,2023,2,February,2019,3.4,46-55
2389,69,Female,Columbus,Current,4635.46,2009-06-10,2023-01-11,Withdrawal,4495.62,9131.08,Auto,39395.2,6.08,Rejected,MasterCard,740.9,Suggestion,Pending,1,2023,1,January,2009,13.6,65+
2390,22,Other,Houston,Current,4443.8,2006-08-13,2023-07-23,Deposit,2639.36,7083.16,Mortgage,26817.72,4.66,Approved,AMEX,632.66,Praise,Resolved,1,2023,7,July,2006,16.9,18-25
2391,69,Female,San Diego,Current,5264.57,2016-03-28,2023-07-26,Deposit,4096.73,1167.84,Auto,13972.58,1.33,Closed,AMEX,4458.34,Suggestion,Resolved,1,2023,7,July,2016,7.3,65+
2392,26,Female,Las Vegas,Savings,8477.45,2022-07-29,2023-07-04,Withdrawal,1084.32,9561.77,Auto,39581.73,2.0,Rejected,AMEX,2897.66,Praise,Resolved,1,2023,7,July,2022,0.9,26-35
2393,45,Male,Austin,Savings,7829.54,2011-12-25,2023-06-03,Transfer,2731.12,5098.42,Personal,16567.71,6.84,Rejected,Visa,2680.56,Complaint,Pending,1,2023,6,June,2011,11.4,36-45
2394,36,Female,San Francisco,Savings,8742.71,2019-08-13,2023-12-10,Withdrawal,2667.82,11410.53,Personal,12996.08,6.57,Closed,MasterCard,864.26,Praise,Resolved,1,2023,12,December,2019,4.3,36-45
2395,22,Female,Nashville,Savings,5766.24,2004-12-11,2023-07-01,Deposit,1483.71,4282.53,Mortgage,9411.71,3.15,Rejected,Visa,1985.63,Praise,Pending,1,2023,7,July,2004,18.6,18-25
2396,40,Other,Detroit,Current,6196.47,2001-08-09,2023-06-04,Transfer,35.38,6161.09,Personal,31732.24,7.47,Rejected,Visa,4952.27,Praise,Pending,1,2023,6,June,2001,21.8,36-45
2397,61,Male,Portland,Current,4361.82,2012-03-10,2023-08-16,Withdrawal,3723.81,8085.63,Auto,12881.47,3.52,Closed,Visa,2411.2,Complaint,Resolved,1,2023,8,August,2012,11.4,56-65
2398,61,Female,Indianapolis,Savings,7200.47,2001-05-01,2023-04-12,Deposit,1989.4,5211.07,Personal,19366.55,3.74,Closed,Visa,271.1,Praise,Pending,-1,2023,4,April,2001,21.9,56-65
2399,33,Female,Detroit,Savings,2128.46,2020-09-06,2023-07-01,Transfer,1507.47,3635.93,Auto,35744.09,1.55,Rejected,AMEX,1990.65,Complaint,Resolved,1,2023,7,July,2020,2.8,26-35
2400,24,Female,Tucson,Current,4804.32,2004-09-04,2023-09-15,Withdrawal,978.51,3825.81,Auto,39897.63,5.95,Closed,AMEX,270.52,Praise,Resolved,1,2023,9,September,2004,19.0,18-25
2401,31,Other,Milwaukee,Current,7170.31,2010-12-20,2023-09-22,Transfer,4260.07,2910.24,Mortgage,16423.47,3.59,Closed,MasterCard,3255.7,Praise,Resolved,1,2023,9,September,2010,12.8,26-35
2402,39,Other,Philadelphia,Current,7801.0,2012-09-01,2023-03-13,Withdrawal,1676.04,9477.04,Personal,42297.2,8.37,Rejected,MasterCard,2096.67,Complaint,Resolved,1,2023,3,March,2012,10.5,36-45
2403,26,Male,San Diego,Savings,2554.7,2018-11-22,2023-12-26,Deposit,1027.72,3582.42,Mortgage,3839.88,8.21,Approved,MasterCard,760.92,Suggestion,Pending,1,2023,12,December,2018,5.1,26-35
2404,64,Female,San Antonio,Current,1897.33,2008-04-18,2023-11-16,Withdrawal,2622.05,-724.72,Auto,49307.77,2.16,Rejected,AMEX,4235.35,Complaint,Resolved,1,2023,11,November,2008,15.6,56-65
2405,40,Male,Fresno,Savings,2956.49,2011-10-12,2023-08-29,Withdrawal,3911.43,6867.92,Auto,21426.95,2.44,Rejected,Visa,2948.78,Suggestion,Pending,1,2023,8,August,2011,11.9,36-45
2406,60,Other,Columbus,Current,9209.54,2011-12-29,2023-04-25,Deposit,3016.3,6193.24,Mortgage,16919.38,3.89,Closed,Visa,2425.98,Praise,Resolved,1,2023,4,April,2011,11.3,56-65
2407,21,Female,Indianapolis,Current,1378.29,2002-07-26,2023-03-06,Transfer,4801.36,6179.65,Mortgage,46260.11,6.23,Approved,Visa,3960.1,Complaint,Resolved,1,2023,3,March,2002,20.6,18-25
2408,60,Female,Dallas,Current,9535.64,2017-01-30,2023-10-04,Transfer,4784.28,4751.36,Mortgage,7487.06,4.08,Approved,MasterCard,2869.99,Praise,Pending,-1,2023,10,October,2017,6.7,56-65
2409,43,Male,Jacksonville,Savings,9948.64,2005-07-24,2023-05-23,Deposit,4512.84,14461.48,Auto,18532.14,4.15,Approved,MasterCard,326.29,Suggestion,Resolved,1,2023,5,May,2005,17.8,36-45
2410,58,Female,San Francisco,Savings,7856.1,2007-11-11,2023-08-05,Deposit,2830.12,5025.98,Personal,18586.15,2.26,Closed,Visa,1289.39,Praise,Resolved,1,2023,8,August,2007,15.7,56-65
2411,23,Other,Fort Worth,Current,7628.18,2016-02-25,2023-06-16,Transfer,3843.67,11471.85,Auto,21793.72,4.02,Closed,Visa,2867.66,Complaint,Resolved,1,2023,6,June,2016,7.3,18-25
2412,48,Male,Philadelphia,Savings,9537.54,2009-12-15,2023-01-16,Deposit,1449.63,8087.91,Auto,42568.61,5.23,Approved,MasterCard,527.52,Praise,Resolved,1,2023,1,January,2009,13.1,46-55
2413,34,Male,Denver,Current,2976.3,2015-09-08,2023-02-04,Transfer,2881.05,95.25,Auto,42619.69,9.86,Approved,AMEX,1250.31,Suggestion,Resolved,1,2023,2,February,2015,7.4,26-35
2414,26,Female,Memphis,Savings,1376.92,2013-06-22,2023-10-06,Deposit,341.81,1718.73,Auto,29990.23,8.54,Closed,MasterCard,3032.19,Complaint,Pending,1,2023,10,October,2013,10.3,26-35
2415,44,Other,Philadelphia,Current,8248.69,2010-07-30,2023-05-20,Deposit,1324.53,9573.22,Personal,49596.18,8.14,Closed,MasterCard,4627.99,Suggestion,Resolved,1,2023,5,May,2010,12.8,36-45
2416,23,Female,Boston,Savings,1792.21,2022-08-05,2023-08-28,Deposit,1633.45,158.76,Auto,42363.88,6.04,Rejected,Visa,3661.4,Complaint,Resolved,1,2023,8,August,2022,1.1,18-25
2417,23,Male,Las Vegas,Savings,549.56,2014-05-15,2023-11-04,Deposit,1812.6,2362.16,Mortgage,34372.39,4.24,Rejected,Visa,2537.83,Praise,Pending,1,2023,11,November,2014,9.5,18-25
2418,21,Male,Boston,Current,2044.97,2005-07-10,2023-10-02,Deposit,813.47,2858.44,Personal,10773.46,8.71,Closed,Visa,1059.56,Suggestion,Resolved,1,2023,10,October,2005,18.2,18-25
2419,69,Other,Indianapolis,Current,4435.28,2010-06-08,2023-12-20,Deposit,425.49,4860.77,Mortgage,27936.81,4.13,Approved,MasterCard,962.97,Suggestion,Pending,1,2023,12,December,2010,13.5,65+
2420,60,Male,Indianapolis,Savings,5001.51,2000-03-10,2023-04-25,Transfer,2896.07,7897.58,Mortgage,11481.43,6.34,Closed,Visa,3880.63,Suggestion,Pending,1,2023,4,April,2000,23.1,56-65
2421,20,Other,Philadelphia,Current,718.77,2013-02-01,2023-03-28,Deposit,2461.7,-1742.93,Auto,15781.16,3.31,Approved,MasterCard,4632.66,Complaint,Pending,1,2023,3,March,2013,10.1,18-25
2422,41,Female,Atlanta,Current,4489.6,2017-11-23,2023-05-19,Withdrawal,2926.82,1562.78,Personal,34607.33,7.99,Closed,AMEX,602.47,Praise,Resolved,1,2023,5,May,2017,5.5,36-45
2423,35,Other,Nashville,Current,6082.65,2020-11-15,2023-02-12,Transfer,655.23,5427.42,Auto,10036.57,5.63,Rejected,MasterCard,3376.47,Suggestion,Resolved,1,2023,2,February,2020,2.2,26-35
2424,49,Female,Houston,Current,9324.88,2014-06-07,2023-12-20,Withdrawal,4738.98,14063.86,Personal,5451.21,9.06,Rejected,Visa,3639.32,Praise,Pending,1,2023,12,December,2014,9.5,46-55
2425,65,Female,Fresno,Savings,2350.46,2003-06-08,2023-03-10,Deposit,2072.64,4423.1,Personal,27045.73,6.12,Rejected,Visa,2551.33,Complaint,Pending,1,2023,3,March,2003,19.8,56-65
2426,38,Male,Louisville,Current,2188.61,2006-11-18,2023-06-14,Transfer,2252.87,-64.26,Mortgage,1046.62,2.48,Closed,AMEX,1655.84,Suggestion,Pending,1,2023,6,June,2006,16.6,36-45
2427,65,Female,Kansas City,Savings,3955.31,2012-05-24,2023-06-02,Withdrawal,2739.36,6694.67,Personal,30836.85,9.94,Closed,Visa,3541.94,Suggestion,Pending,1,2023,6,June,2012,11.0,56-65
2428,46,Male,Louisville,Savings,9838.18,2013-10-09,2023-06-01,Deposit,3453.73,6384.45,Mortgage,45165.74,5.52,Approved,Visa,2286.93,Complaint,Resolved,1,2023,6,June,2013,9.6,46-55
2429,49,Other,San Francisco,Savings,3428.63,2011-12-18,2023-04-16,Transfer,1930.44,1498.19,Auto,10321.89,3.26,Closed,AMEX,2292.35,Suggestion,Pending,1,2023,4,April,2011,11.3,46-55
2430,42,Other,Columbus,Savings,534.29,2008-09-11,2023-10-17,Deposit,724.32,-190.03,Mortgage,19755.69,3.96,Closed,AMEX,508.88,Complaint,Pending,1,2023,10,October,2008,15.1,36-45
2431,29,Female,San Antonio,Current,2729.59,2014-12-20,2023-12-04,Withdrawal,3917.77,-1188.18,Mortgage,45901.96,2.09,Rejected,MasterCard,3148.84,Complaint,Pending,1,2023,12,December,2014,9.0,26-35
2432,63,Other,Washington,Savings,5627.19,2020-04-30,2023-12-25,Transfer,1310.18,6937.37,Personal,35489.69,1.67,Approved,Visa,455.82,Complaint,Pending,1,2023,12,December,2020,3.7,56-65
2433,26,Female,New York,Current,4184.18,2014-12-29,2023-03-20,Transfer,2219.9,1964.28,Personal,7630.37,5.06,Rejected,Visa,1395.61,Complaint,Pending,1,2023,3,March,2014,8.2,26-35
2434,24,Other,Memphis,Current,7764.81,2000-08-20,2023-04-21,Transfer,3165.32,10930.13,Mortgage,19717.73,9.57,Closed,AMEX,900.41,Suggestion,Resolved,1,2023,4,April,2000,22.7,18-25
2435,31,Female,Milwaukee,Savings,6111.99,2003-04-02,2023-09-25,Transfer,4827.18,1284.81,Auto,38043.76,2.11,Rejected,Visa,4725.62,Suggestion,Pending,1,2023,9,September,2003,20.5,26-35
2436,37,Female,Baltimore,Current,5638.63,2014-11-06,2023-05-28,Transfer,177.59,5816.22,Mortgage,33574.11,9.12,Rejected,Visa,401.1,Complaint,Pending,1,2023,5,May,2014,8.6,36-45
2437,37,Other,Charlotte,Savings,3297.64,2013-08-20,2023-12-01,Withdrawal,2599.15,5896.79,Auto,8627.27,8.17,Approved,Visa,2312.49,Suggestion,Resolved,1,2023,12,December,2013,10.3,36-45
2438,27,Other,Seattle,Current,5563.28,2019-03-01,2023-12-02,Transfer,4681.26,882.02,Auto,4061.62,8.26,Closed,Visa,3064.61,Suggestion,Resolved,1,2023,12,December,2019,4.8,26-35
2439,28,Other,Sacramento,Current,6194.35,2013-05-30,2023-11-13,Transfer,1283.18,7477.53,Personal,34401.58,7.39,Approved,MasterCard,2330.21,Praise,Resolved,-1,2023,11,November,2013,10.5,26-35
2440,56,Other,Baltimore,Current,1874.13,2013-02-26,2023-03-12,Deposit,570.37,2444.5,Auto,30842.12,6.33,Rejected,AMEX,3309.14,Suggestion,Resolved,1,2023,3,March,2013,10.0,56-65
2441,36,Female,Fresno,Savings,7385.09,2002-04-28,2023-08-29,Transfer,2988.23,10373.32,Mortgage,3907.79,2.09,Approved,Visa,157.65,Complaint,Pending,-1,2023,8,August,2002,21.3,36-45
2442,36,Female,Austin,Savings,3990.04,2004-07-08,2023-08-16,Withdrawal,769.44,4759.48,Personal,48765.78,6.18,Approved,Visa,4636.8,Complaint,Resolved,1,2023,8,August,2004,19.1,36-45
2443,60,Other,Portland,Savings,7448.53,2022-03-11,2023-05-30,Withdrawal,4395.57,3052.96,Personal,13369.49,4.17,Closed,Visa,1773.84,Complaint,Pending,1,2023,5,May,2022,1.2,56-65
2444,23,Other,Las Vegas,Current,1859.33,2022-04-12,2023-03-14,Withdrawal,3618.63,-1759.3,Personal,19915.15,1.95,Approved,AMEX,2164.22,Complaint,Pending,1,2023,3,March,2022,0.9,18-25
2445,25,Male,Sacramento,Savings,6599.56,2016-03-22,2023-01-17,Deposit,613.91,5985.65,Auto,9702.28,8.23,Rejected,AMEX,2689.16,Complaint,Pending,1,2023,1,January,2016,6.8,18-25
2446,18,Female,Colorado Springs,Current,366.14,2001-11-22,2023-04-07,Transfer,2891.47,-2525.33,Mortgage,41597.59,5.92,Approved,Visa,3221.55,Praise,Resolved,1,2023,4,April,2001,21.4,18-25
2447,40,Female,San Diego,Current,1673.76,2000-01-08,2023-09-15,Withdrawal,145.3,1528.46,Mortgage,48165.84,7.7,Rejected,MasterCard,627.81,Suggestion,Pending,1,2023,9,September,2000,23.7,36-45
2448,57,Other,Seattle,Current,8922.1,2005-09-13,2023-09-20,Transfer,4227.4,13149.5,Personal,11451.98,5.32,Approved,MasterCard,1835.06,Suggestion,Resolved,1,2023,9,September,2005,18.0,56-65
2449,54,Male,San Jose,Current,4668.57,2013-05-29,2023-08-11,Withdrawal,1035.13,3633.44,Auto,14875.29,5.97,Approved,MasterCard,2980.78,Suggestion,Pending,1,2023,8,August,2013,10.2,46-55
2450,27,Other,Las Vegas,Savings,5127.84,2004-08-30,2023-01-14,Withdrawal,3661.76,8789.6,Mortgage,35619.28,7.41,Approved,MasterCard,2639.59,Suggestion,Resolved,1,2023,1,January,2004,18.4,26-35
2451,19,Female,El Paso,Savings,9085.02,2014-04-24,2023-09-17,Withdrawal,540.55,8544.47,Auto,26866.57,3.22,Closed,AMEX,258.25,Praise,Pending,1,2023,9,September,2014,9.4,18-25
2452,53,Female,Fort Worth,Current,4900.84,2022-10-23,2023-06-22,Deposit,2367.4,7268.24,Personal,6148.31,8.62,Approved,AMEX,3750.36,Complaint,Pending,1,2023,6,June,2022,0.7,46-55
2453,19,Male,Baltimore,Current,6580.43,2009-05-25,2023-07-10,Transfer,4646.86,1933.57,Mortgage,46502.35,4.79,Rejected,Visa,1934.89,Suggestion,Resolved,1,2023,7,July,2009,14.1,18-25
2454,32,Other,Milwaukee,Current,2297.36,2001-10-20,2023-09-23,Transfer,381.64,2679.0,Mortgage,30946.4,7.38,Rejected,AMEX,97.25,Complaint,Pending,1,2023,9,September,2001,21.9,26-35
2455,37,Male,Louisville,Savings,907.57,2012-10-05,2023-02-14,Transfer,1483.9,-576.33,Auto,15761.62,3.93,Closed,MasterCard,3983.14,Suggestion,Resolved,1,2023,2,February,2012,10.4,36-45
2456,59,Other,Washington,Current,3598.18,2009-05-30,2023-08-04,Transfer,3915.3,-317.12,Auto,25000.35,7.32,Approved,Visa,28.78,Praise,Resolved,1,2023,8,August,2009,14.2,56-65
2457,38,Male,Louisville,Savings,8006.93,2007-07-11,2023-10-27,Withdrawal,2322.18,5684.75,Personal,25512.1,1.39,Rejected,AMEX,1010.69,Praise,Pending,1,2023,10,October,2007,16.3,36-45
2458,47,Other,San Jose,Savings,4523.69,2020-07-28,2023-07-02,Transfer,3255.01,1268.68,Personal,26745.47,9.36,Approved,Visa,3622.7,Suggestion,Pending,1,2023,7,July,2020,2.9,46-55
2459,41,Other,Boston,Savings,1764.69,2017-11-14,2023-05-26,Deposit,4061.92,-2297.23,Mortgage,25367.98,8.08,Closed,AMEX,2965.52,Complaint,Resolved,1,2023,5,May,2017,5.5,36-45
2460,19,Other,San Antonio,Current,5496.47,2002-05-01,2023-01-11,Deposit,3922.41,9418.88,Mortgage,28527.87,6.98,Approved,Visa,2790.14,Suggestion,Resolved,1,2023,1,January,2002,20.7,18-25
2461,55,Female,Philadelphia,Savings,2712.02,2007-06-01,2023-08-30,Deposit,1982.91,729.11,Personal,20274.28,3.91,Approved,MasterCard,2533.8,Suggestion,Resolved,1,2023,8,August,2007,16.2,46-55
2462,39,Other,Las Vegas,Savings,9472.01,2010-08-04,2023-07-01,Transfer,2158.81,7313.2,Mortgage,8161.97,8.58,Rejected,MasterCard,4790.77,Praise,Resolved,1,2023,7,July,2010,12.9,36-45
2463,46,Female,Denver,Savings,5816.39,2020-07-23,2023-05-09,Deposit,2859.89,8676.28,Mortgage,33564.57,7.91,Closed,MasterCard,298.15,Complaint,Pending,1,2023,5,May,2020,2.8,46-55
2464,31,Male,Denver,Savings,9831.33,2004-11-21,2023-02-22,Withdrawal,622.57,9208.76,Auto,39831.84,5.08,Closed,AMEX,2311.02,Praise,Pending,1,2023,2,February,2004,18.3,26-35
2465,22,Other,Mesa,Savings,526.42,2007-12-13,2023-12-18,Deposit,4348.92,4875.34,Mortgage,42209.89,2.78,Closed,Visa,4843.54,Suggestion,Resolved,1,2023,12,December,2007,16.0,18-25
2466,41,Female,Dallas,Current,214.44,2010-04-06,2023-07-27,Transfer,476.49,690.93,Auto,2075.65,2.58,Approved,MasterCard,1312.35,Praise,Pending,1,2023,7,July,2010,13.3,36-45
2467,43,Male,Mesa,Current,4823.25,2018-03-13,2023-07-25,Withdrawal,932.22,5755.47,Personal,20826.64,5.39,Closed,MasterCard,164.5,Complaint,Resolved,1,2023,7,July,2018,5.4,36-45
2468,19,Other,Kansas City,Savings,8633.79,2018-05-15,2023-02-02,Deposit,4724.55,3909.24,Personal,48943.47,8.05,Rejected,Visa,2377.28,Suggestion,Resolved,1,2023,2,February,2018,4.7,18-25
2469,63,Male,Omaha,Current,5291.63,2003-08-31,2023-03-24,Transfer,1416.38,6708.01,Personal,4065.59,7.43,Rejected,MasterCard,3854.82,Suggestion,Resolved,1,2023,3,March,2003,19.6,56-65
2470,62,Female,Memphis,Savings,8774.25,2018-07-28,2023-01-25,Transfer,1228.63,7545.62,Auto,39492.15,5.44,Approved,Visa,1005.48,Suggestion,Resolved,1,2023,1,January,2018,4.5,56-65
2471,51,Female,Las Vegas,Current,1392.6,2014-07-12,2023-03-15,Transfer,2132.48,3525.08,Personal,7179.53,2.84,Closed,AMEX,1241.39,Complaint,Resolved,1,2023,3,March,2014,8.7,46-55
2472,40,Other,Phoenix,Current,7023.34,2010-05-24,2023-05-12,Withdrawal,3624.19,10647.53,Auto,41407.32,3.15,Closed,MasterCard,805.82,Suggestion,Resolved,1,2023,5,May,2010,13.0,36-45
2473,58,Female,Detroit,Savings,6632.79,2007-11-10,2023-06-01,Transfer,1837.45,4795.34,Mortgage,33938.84,1.52,Rejected,Visa,1796.19,Complaint,Pending,1,2023,6,June,2007,15.6,56-65
2474,52,Female,Columbus,Savings,5495.14,2001-11-22,2023-07-09,Deposit,4374.88,9870.02,Auto,36526.62,2.59,Rejected,Visa,4423.24,Complaint,Resolved,1,2023,7,July,2001,21.6,46-55
2475,32,Male,Colorado Springs,Current,4110.54,2010-08-14,2023-12-06,Deposit,755.31,3355.23,Mortgage,48888.74,1.11,Approved,Visa,1015.28,Complaint,Pending,1,2023,12,December,2010,13.3,26-35
2476,20,Other,Memphis,Current,6505.98,2010-09-21,2023-08-06,Deposit,598.54,5907.44,Personal,47034.71,7.07,Approved,MasterCard,1312.28,Suggestion,Pending,1,2023,8,August,2010,12.9,18-25
2477,29,Other,Philadelphia,Current,5545.91,2001-10-20,2023-11-14,Transfer,396.23,5942.14,Mortgage,15914.2,6.29,Rejected,AMEX,4424.02,Praise,Pending,1,2023,11,November,2001,22.1,26-35
2478,55,Other,San Antonio,Savings,2798.99,2022-12-06,2023-08-13,Transfer,1498.81,4297.8,Mortgage,19385.61,9.89,Closed,Visa,4644.47,Praise,Pending,1,2023,8,August,2022,0.7,46-55
2479,68,Male,Atlanta,Savings,1135.69,2014-11-02,2023-11-14,Deposit,1005.79,2141.48,Personal,20951.9,7.86,Closed,AMEX,267.18,Suggestion,Pending,1,2023,11,November,2014,9.0,65+
2480,34,Female,Seattle,Current,3927.82,2016-03-30,2023-03-17,Withdrawal,2312.04,1615.78,Mortgage,9848.17,3.22,Approved,AMEX,2703.97,Complaint,Resolved,-1,2023,3,March,2016,7.0,26-35
2481,55,Other,El Paso,Savings,5173.12,2004-08-30,2023-06-15,Withdrawal,4978.54,194.58,Mortgage,19675.61,7.37,Rejected,MasterCard,1482.34,Suggestion,Pending,1,2023,6,June,2004,18.8,46-55
2482,44,Other,Kansas City,Current,5134.3,2012-02-18,2023-05-25,Withdrawal,4344.02,790.28,Auto,48972.22,1.11,Rejected,AMEX,844.52,Praise,Pending,1,2023,5,May,2012,11.3,36-45
2483,36,Male,New York,Savings,4313.27,2015-03-23,2023-01-10,Withdrawal,4475.87,-162.6,Mortgage,24988.59,9.88,Rejected,Visa,2590.77,Complaint,Pending,1,2023,1,January,2015,7.8,36-45
2484,66,Male,Houston,Savings,3340.82,2001-02-06,2023-06-20,Transfer,4155.39,7496.21,Personal,47677.44,6.53,Closed,AMEX,3894.71,Suggestion,Resolved,1,2023,6,June,2001,22.4,65+
2485,65,Other,Sacramento,Savings,3569.89,2022-05-09,2023-10-16,Withdrawal,1365.83,4935.72,Auto,4501.44,2.08,Closed,AMEX,858.02,Complaint,Resolved,-1,2023,10,October,2022,1.4,56-65
2486,38,Other,El Paso,Current,2731.87,2021-11-05,2023-02-06,Deposit,1139.36,1592.51,Mortgage,2924.99,5.49,Approved,MasterCard,1614.88,Praise,Resolved,1,2023,2,February,2021,1.3,36-45
2487,57,Male,Portland,Current,5841.09,2001-08-28,2023-04-30,Transfer,3663.23,9504.32,Personal,29191.18,9.47,Rejected,AMEX,2844.23,Complaint,Resolved,1,2023,4,April,2001,21.7,56-65
2488,41,Male,Detroit,Current,8513.89,2021-11-05,2023-06-23,Transfer,2998.84,5515.05,Auto,37076.44,8.65,Closed,Visa,4460.66,Suggestion,Pending,1,2023,6,June,2021,1.6,36-45
2489,41,Male,San Diego,Savings,8808.93,2010-12-24,2023-12-31,Deposit,1038.56,7770.37,Auto,11655.49,3.69,Closed,Visa,4454.09,Praise,Resolved,1,2023,12,December,2010,13.0,36-45
2490,36,Male,Indianapolis,Savings,9937.88,2001-09-14,2023-02-07,Deposit,4837.02,14774.9,Mortgage,25664.57,4.57,Approved,Visa,3297.25,Suggestion,Resolved,1,2023,2,February,2001,21.4,36-45
2491,48,Female,Chicago,Current,979.3,2005-01-07,2023-01-21,Withdrawal,2126.82,-1147.52,Auto,43774.08,8.68,Rejected,MasterCard,3681.49,Suggestion,Pending,1,2023,1,January,2005,18.0,46-55
2492,57,Female,Albuquerque,Current,2221.16,2016-01-02,2023-06-10,Transfer,4073.98,-1852.82,Auto,38324.5,9.1,Approved,MasterCard,546.34,Suggestion,Resolved,1,2023,6,June,2016,7.4,56-65
2493,37,Other,Phoenix,Savings,7329.05,2015-08-18,2023-08-06,Withdrawal,378.29,6950.76,Personal,12358.88,9.23,Closed,Visa,3387.65,Complaint,Pending,1,2023,8,August,2015,8.0,36-45
2494,32,Female,Oklahoma City,Savings,6487.88,2018-05-07,2023-09-01,Withdrawal,185.48,6302.4,Personal,17389.1,9.53,Closed,AMEX,1676.46,Praise,Resolved,1,2023,9,September,2018,5.3,26-35
2495,57,Male,Columbus,Savings,1425.27,2018-11-21,2023-02-12,Transfer,2284.47,3709.74,Auto,15983.77,5.5,Approved,MasterCard,3566.98,Suggestion,Resolved,-1,2023,2,February,2018,4.2,56-65
2496,52,Other,Albuquerque,Savings,6347.08,2006-08-29,2023-04-28,Deposit,605.76,5741.32,Auto,36255.84,8.75,Approved,AMEX,640.08,Suggestion,Pending,1,2023,4,April,2006,16.7,46-55
2497,65,Male,Detroit,Savings,4123.97,2013-10-17,2023-04-04,Transfer,4896.53,-772.56,Auto,48440.88,4.12,Approved,AMEX,2915.83,Complaint,Pending,1,2023,4,April,2013,9.5,56-65
2498,52,Female,Philadelphia,Savings,9572.91,2017-10-24,2023-11-20,Deposit,4061.98,5510.93,Auto,14723.84,8.54,Rejected,MasterCard,1795.4,Complaint,Resolved,1,2023,11,November,2017,6.1,46-55
2499,50,Male,Mesa,Current,8566.9,2015-04-03,2023-07-17,Deposit,2275.83,6291.07,Auto,29826.73,4.13,Approved,AMEX,2138.19,Complaint,Resolved,1,2023,7,July,2015,8.3,46-55
2500,57,Other,Omaha,Savings,825.1,2006-05-23,2023-09-08,Withdrawal,4897.78,-4072.68,Personal,49439.37,6.47,Approved,AMEX,543.53,Suggestion,Resolved,1,2023,9,September,2006,17.3,56-65
2501,58,Female,Phoenix,Current,990.9,2009-05-17,2023-07-11,Withdrawal,1198.99,2189.89,Personal,8721.39,5.22,Approved,Visa,3449.6,Suggestion,Resolved,1,2023,7,July,2009,14.1,56-65
2502,61,Other,San Jose,Savings,4228.86,2016-07-04,2023-11-16,Withdrawal,3398.09,830.77,Auto,33295.03,9.04,Closed,AMEX,3727.21,Praise,Resolved,1,2023,11,November,2016,7.4,56-65
2503,35,Female,Albuquerque,Savings,182.87,2002-06-05,2023-05-05,Transfer,97.47,280.34,Mortgage,17267.42,1.6,Closed,AMEX,671.84,Suggestion,Pending,-1,2023,5,May,2002,20.9,26-35
2504,34,Male,Indianapolis,Current,1034.43,2022-12-03,2023-02-06,Transfer,1867.6,2902.03,Mortgage,49591.76,9.54,Approved,MasterCard,2518.15,Complaint,Pending,1,2023,2,February,2022,0.2,26-35
2505,25,Other,New York,Savings,9332.7,2008-09-02,2023-03-20,Deposit,405.83,8926.87,Mortgage,6329.8,5.16,Closed,MasterCard,3935.29,Suggestion,Resolved,1,2023,3,March,2008,14.5,18-25
2506,37,Female,San Jose,Current,7945.08,2004-02-21,2023-04-14,Deposit,1843.2,9788.28,Personal,23111.57,5.33,Approved,AMEX,1116.26,Praise,Resolved,-1,2023,4,April,2004,19.1,36-45
2507,28,Female,Austin,Current,6759.82,2021-09-08,2023-05-31,Transfer,1909.19,8669.01,Auto,13493.69,8.45,Approved,AMEX,459.37,Complaint,Resolved,1,2023,5,May,2021,1.7,26-35
2508,47,Female,San Diego,Current,8319.35,2012-01-11,2023-08-22,Transfer,1882.1,10201.45,Mortgage,2552.43,7.0,Approved,MasterCard,4557.2,Praise,Pending,1,2023,8,August,2012,11.6,46-55
2509,44,Female,Boston,Savings,2575.54,2018-09-21,2023-03-14,Deposit,2078.01,4653.55,Mortgage,48216.26,9.58,Closed,AMEX,3815.31,Praise,Pending,1,2023,3,March,2018,4.5,36-45
2510,56,Male,Omaha,Current,7283.11,2003-04-04,2023-02-03,Deposit,3088.1,4195.01,Mortgage,28840.42,5.92,Rejected,Visa,1519.58,Complaint,Resolved,1,2023,2,February,2003,19.8,56-65
2511,31,Male,Albuquerque,Current,6194.11,2010-11-20,2023-12-29,Transfer,955.24,5238.87,Auto,35338.57,6.03,Rejected,AMEX,3666.45,Suggestion,Pending,1,2023,12,December,2010,13.1,26-35
2512,59,Female,Las Vegas,Savings,8501.61,2013-09-13,2023-06-11,Withdrawal,1179.64,7321.97,Auto,31393.47,9.75,Closed,AMEX,144.14,Suggestion,Pending,-1,2023,6,June,2013,9.7,56-65
2513,32,Male,Louisville,Current,2898.61,2014-12-14,2023-07-27,Transfer,3230.7,6129.31,Personal,8275.21,9.34,Rejected,AMEX,4039.57,Suggestion,Pending,1,2023,7,July,2014,8.6,26-35
2514,29,Male,Columbus,Current,7660.79,2011-03-02,2023-09-17,Withdrawal,2336.52,5324.27,Auto,9357.46,2.88,Rejected,AMEX,1944.37,Suggestion,Resolved,1,2023,9,September,2011,12.5,26-35
2515,37,Female,Chicago,Savings,8541.25,2014-09-07,2023-12-03,Withdrawal,817.98,7723.27,Personal,31695.83,3.76,Rejected,MasterCard,1324.09,Praise,Pending,1,2023,12,December,2014,9.2,36-45
2516,34,Male,Mesa,Current,5535.17,2016-09-22,2023-07-23,Transfer,3938.35,9473.52,Mortgage,39210.67,6.63,Approved,AMEX,1051.45,Suggestion,Pending,1,2023,7,July,2016,6.8,26-35
2517,57,Other,Portland,Savings,4196.47,2003-05-19,2023-07-16,Deposit,4655.1,-458.63,Personal,30942.44,9.45,Approved,Visa,2063.72,Suggestion,Resolved,-1,2023,7,July,2003,20.2,56-65
2518,43,Other,Oklahoma City,Current,9491.66,2000-01-10,2023-08-18,Withdrawal,2332.02,7159.64,Personal,28948.32,6.07,Rejected,AMEX,3261.06,Complaint,Pending,1,2023,8,August,2000,23.6,36-45
2519,31,Male,Charlotte,Savings,1772.8,2013-10-27,2023-04-10,Transfer,3074.01,-1301.21,Auto,37552.15,7.6,Approved,Visa,3971.96,Suggestion,Resolved,1,2023,4,April,2013,9.5,26-35
2520,42,Female,Portland,Current,459.1,2009-10-11,2023-04-04,Withdrawal,4078.57,-3619.47,Mortgage,12936.81,1.85,Closed,MasterCard,96.51,Suggestion,Pending,1,2023,4,April,2009,13.5,36-45
2521,43,Other,Louisville,Current,1873.49,2019-12-13,2023-03-04,Withdrawal,4819.12,6692.61,Personal,36850.66,5.7,Approved,Visa,4703.08,Praise,Pending,1,2023,3,March,2019,3.2,36-45
2522,64,Male,Boston,Savings,6866.19,2010-02-19,2023-11-30,Deposit,4846.05,2020.14,Mortgage,21149.8,2.33,Approved,MasterCard,4185.34,Complaint,Pending,1,2023,11,November,2010,13.8,56-65
2523,42,Male,Tucson,Current,7910.56,2016-09-13,2023-07-13,Withdrawal,4614.96,12525.52,Mortgage,34028.45,3.35,Approved,MasterCard,4796.64,Complaint,Pending,1,2023,7,July,2016,6.8,36-45
2524,42,Female,Columbus,Current,7196.59,2021-04-05,2023-10-11,Transfer,4081.9,3114.69,Auto,14461.12,2.5,Approved,MasterCard,1285.18,Praise,Resolved,1,2023,10,October,2021,2.5,36-45
2525,44,Female,San Diego,Current,4256.68,2002-02-16,2023-10-04,Withdrawal,2134.63,6391.31,Mortgage,7735.78,2.49,Approved,Visa,799.67,Praise,Pending,1,2023,10,October,2002,21.6,36-45
2526,60,Male,Columbus,Savings,9678.98,2015-01-30,2023-07-26,Transfer,3351.52,6327.46,Personal,2428.79,9.93,Approved,Visa,4373.86,Praise,Resolved,1,2023,7,July,2015,8.5,56-65
2527,29,Female,New York,Savings,4498.59,2012-04-02,2023-12-30,Withdrawal,3819.47,679.12,Mortgage,40370.24,3.68,Rejected,Visa,92.68,Praise,Resolved,1,2023,12,December,2012,11.7,26-35
2528,37,Other,Indianapolis,Savings,9814.92,2006-07-07,2023-03-28,Deposit,468.59,9346.33,Mortgage,10651.49,6.09,Rejected,MasterCard,2077.59,Suggestion,Resolved,1,2023,3,March,2006,16.7,36-45
2529,33,Other,Seattle,Current,9189.35,2009-12-19,2023-05-18,Deposit,590.66,9780.01,Mortgage,18809.75,1.18,Approved,AMEX,2148.77,Praise,Pending,1,2023,5,May,2009,13.4,26-35
2530,42,Male,San Antonio,Savings,4130.73,2022-11-17,2023-01-26,Withdrawal,3529.94,600.79,Auto,38673.89,8.26,Approved,Visa,1130.93,Complaint,Pending,1,2023,1,January,2022,0.2,36-45
2531,44,Male,Charlotte,Current,1693.99,2007-12-07,2023-10-17,Deposit,3337.9,5031.89,Auto,23058.91,7.12,Approved,Visa,1158.52,Complaint,Pending,1,2023,10,October,2007,15.9,36-45
2532,69,Female,Las Vegas,Savings,989.39,2008-12-11,2023-09-15,Withdrawal,4021.25,-3031.86,Mortgage,11659.9,3.06,Closed,Visa,3336.12,Suggestion,Pending,1,2023,9,September,2008,14.8,65+
2533,35,Other,San Jose,Savings,5361.6,2016-09-19,2023-06-21,Withdrawal,931.05,6292.65,Mortgage,10543.36,1.32,Approved,AMEX,1597.02,Praise,Pending,1,2023,6,June,2016,6.8,26-35
2534,27,Female,Dallas,Savings,7655.76,2011-11-13,2023-08-27,Deposit,4684.03,12339.79,Mortgage,20988.83,3.47,Closed,MasterCard,518.05,Praise,Pending,1,2023,8,August,2011,11.8,26-35
2535,68,Male,Charlotte,Savings,1842.87,2011-03-13,2023-02-12,Deposit,1199.4,643.47,Mortgage,28693.64,6.66,Approved,AMEX,1689.55,Suggestion,Pending,1,2023,2,February,2011,11.9,65+
2536,67,Male,Sacramento,Current,3250.29,2005-10-18,2023-11-04,Withdrawal,684.15,2566.14,Personal,20225.23,1.14,Approved,AMEX,2501.2,Suggestion,Resolved,1,2023,11,November,2005,18.0,65+
2537,47,Male,Las Vegas,Savings,6342.26,2011-04-07,2023-04-20,Transfer,1628.43,7970.69,Mortgage,45323.91,1.68,Rejected,AMEX,205.17,Suggestion,Resolved,1,2023,4,April,2011,12.0,46-55
2538,18,Male,Tucson,Current,4662.6,2006-04-04,2023-05-27,Transfer,4044.73,617.87,Mortgage,1187.87,4.68,Closed,MasterCard,4953.73,Praise,Resolved,1,2023,5,May,2006,17.1,18-25
2539,21,Male,Indianapolis,Savings,6078.29,2013-09-15,2023-05-03,Deposit,150.91,6229.2,Personal,20698.57,2.58,Approved,Visa,3539.11,Praise,Pending,1,2023,5,May,2013,9.6,18-25
2540,40,Male,San Diego,Current,6796.04,2009-06-06,2023-11-01,Deposit,1141.89,7937.93,Mortgage,37398.91,6.69,Approved,Visa,566.79,Complaint,Resolved,1,2023,11,November,2009,14.4,36-45
2541,24,Female,Memphis,Current,3868.88,2020-10-05,2023-08-27,Transfer,4778.45,8647.33,Auto,44653.66,2.57,Rejected,Visa,216.41,Suggestion,Pending,1,2023,8,August,2020,2.9,18-25
2542,47,Female,El Paso,Savings,7881.07,2005-10-18,2023-07-10,Transfer,94.88,7786.19,Personal,18561.69,9.94,Rejected,MasterCard,4955.83,Suggestion,Resolved,1,2023,7,July,2005,17.7,46-55
2543,43,Female,Milwaukee,Current,7058.36,2000-07-16,2023-04-26,Withdrawal,1398.51,5659.85,Auto,34005.87,4.92,Approved,AMEX,3129.41,Suggestion,Pending,1,2023,4,April,2000,22.8,36-45
2544,18,Other,Omaha,Current,6906.78,2009-02-15,2023-06-06,Deposit,1635.6,8542.38,Auto,29437.09,2.33,Closed,MasterCard,2999.44,Suggestion,Pending,1,2023,6,June,2009,14.3,18-25
2545,46,Female,Columbus,Savings,1579.89,2000-07-12,2023-11-28,Withdrawal,4620.32,6200.21,Mortgage,10875.09,1.66,Rejected,MasterCard,1109.3,Praise,Resolved,1,2023,11,November,2000,23.4,46-55
2546,42,Male,Baltimore,Savings,4794.93,2020-12-01,2023-07-26,Withdrawal,4257.53,9052.46,Auto,34366.27,4.79,Approved,AMEX,4373.61,Complaint,Resolved,1,2023,7,July,2020,2.6,36-45
2547,57,Female,Colorado Springs,Savings,5814.01,2000-05-11,2023-02-22,Transfer,2305.84,8119.85,Personal,13228.67,8.28,Approved,MasterCard,350.8,Complaint,Resolved,1,2023,2,February,2000,22.8,56-65
2548,43,Female,Portland,Current,2341.22,2017-11-05,2023-04-08,Withdrawal,1594.61,746.61,Auto,39411.48,4.95,Closed,AMEX,3830.2,Praise,Resolved,1,2023,4,April,2017,5.4,36-45
2549,34,Other,Indianapolis,Savings,7609.81,2002-02-05,2023-01-28,Deposit,4722.69,12332.5,Personal,43429.16,2.27,Rejected,MasterCard,667.07,Praise,Resolved,1,2023,1,January,2002,21.0,26-35
2550,48,Male,Philadelphia,Savings,1298.7,2006-08-15,2023-08-01,Deposit,949.62,2248.32,Auto,24442.69,5.4,Closed,MasterCard,4014.6,Suggestion,Resolved,1,2023,8,August,2006,17.0,46-55
2551,25,Other,Tucson,Current,1583.59,2015-03-22,2023-05-25,Deposit,2389.34,-805.75,Personal,3652.1,4.04,Approved,MasterCard,1072.98,Suggestion,Resolved,1,2023,5,May,2015,8.2,18-25
2552,22,Other,Seattle,Savings,4191.86,2016-05-24,2023-09-02,Withdrawal,2098.01,6289.87,Mortgage,37130.28,5.52,Rejected,AMEX,4873.4,Suggestion,Pending,1,2023,9,September,2016,7.3,18-25
2553,18,Other,Indianapolis,Savings,1439.91,2020-01-05,2023-09-05,Withdrawal,4676.67,6116.58,Mortgage,23893.54,4.52,Approved,MasterCard,1015.09,Praise,Pending,1,2023,9,September,2020,3.7,18-25
2554,32,Female,Fort Worth,Current,215.28,2021-04-30,2023-12-04,Deposit,3781.49,-3566.21,Auto,5631.44,6.83,Approved,Visa,3003.55,Praise,Pending,1,2023,12,December,2021,2.6,26-35
2555,53,Male,Oklahoma City,Savings,4172.88,2015-03-20,2023-01-24,Transfer,2322.25,6495.13,Auto,17225.71,8.23,Approved,Visa,4339.09,Praise,Pending,1,2023,1,January,2015,7.8,46-55
2556,24,Male,Omaha,Current,6520.67,2015-04-17,2023-09-10,Transfer,3039.19,3481.48,Mortgage,15241.42,8.98,Closed,AMEX,2165.45,Complaint,Resolved,1,2023,9,September,2015,8.4,18-25
2557,63,Other,Memphis,Savings,5001.87,2019-06-07,2023-12-10,Deposit,4538.53,9540.4,Mortgage,36591.61,7.67,Rejected,AMEX,2358.11,Suggestion,Pending,1,2023,12,December,2019,4.5,56-65
2558,61,Male,Baltimore,Current,616.58,2022-01-08,2023-11-28,Withdrawal,4157.83,-3541.25,Personal,21779.27,4.2,Rejected,MasterCard,4732.73,Complaint,Pending,1,2023,11,November,2022,1.9,56-65
2559,44,Male,Detroit,Current,2401.41,2019-06-23,2023-02-05,Withdrawal,3081.11,-679.7,Mortgage,29765.34,5.04,Closed,Visa,361.2,Suggestion,Pending,1,2023,2,February,2019,3.6,36-45
2560,52,Other,Washington,Savings,5291.05,2012-10-04,2023-07-16,Withdrawal,4577.44,713.61,Mortgage,25553.83,6.78,Approved,Visa,2561.03,Praise,Resolved,1,2023,7,July,2012,10.8,46-55
2561,44,Female,Tucson,Savings,7407.12,2015-11-21,2023-07-03,Withdrawal,1907.63,5499.49,Personal,36488.59,2.98,Rejected,Visa,2004.05,Complaint,Pending,1,2023,7,July,2015,7.6,36-45
2562,37,Other,Colorado Springs,Current,7959.78,2020-08-29,2023-03-08,Deposit,3668.57,11628.35,Mortgage,36184.49,7.32,Closed,MasterCard,2479.39,Complaint,Pending,1,2023,3,March,2020,2.5,36-45
2563,35,Other,Memphis,Current,5241.75,2012-06-12,2023-02-02,Withdrawal,90.41,5151.34,Personal,22990.7,6.85,Closed,Visa,1470.63,Praise,Pending,1,2023,2,February,2012,10.6,26-35
2564,57,Female,Washington,Current,6496.66,2001-05-01,2023-06-16,Deposit,2919.04,9415.7,Mortgage,7616.63,6.91,Approved,Visa,357.9,Praise,Pending,1,2023,6,June,2001,22.1,56-65
2565,19,Female,San Jose,Savings,9043.83,2022-05-14,2023-12-06,Deposit,693.52,8350.31,Personal,20985.94,4.0,Rejected,Visa,1251.85,Suggestion,Pending,1,2023,12,December,2022,1.6,18-25
2566,47,Female,Dallas,Current,745.47,2006-03-11,2023-07-05,Withdrawal,2626.26,-1880.79,Mortgage,8846.63,6.41,Rejected,Visa,105.93,Suggestion,Resolved,1,2023,7,July,2006,17.3,46-55
2567,55,Female,Las Vegas,Current,1081.81,2016-11-22,2023-01-12,Transfer,1240.09,-158.28,Mortgage,47998.74,2.78,Closed,MasterCard,616.69,Praise,Resolved,1,2023,1,January,2016,6.1,46-55
2568,47,Other,Charlotte,Savings,4632.81,2019-01-24,2023-09-02,Withdrawal,1909.61,6542.42,Auto,47557.06,2.71,Rejected,MasterCard,1222.98,Suggestion,Resolved,1,2023,9,September,2019,4.6,46-55
2569,24,Female,Mesa,Savings,6136.37,2011-05-27,2023-03-25,Transfer,3962.9,2173.47,Personal,23377.6,7.92,Closed,AMEX,1477.15,Complaint,Resolved,1,2023,3,March,2011,11.8,18-25
2570,56,Male,San Jose,Current,145.88,2006-02-19,2023-12-03,Transfer,302.44,-156.56,Mortgage,2353.77,4.42,Approved,MasterCard,1880.11,Praise,Pending,1,2023,12,December,2006,17.8,56-65
2571,30,Other,Portland,Current,4580.23,2001-07-10,2023-02-12,Deposit,2691.63,1888.6,Auto,19357.54,5.9,Approved,MasterCard,4498.28,Praise,Resolved,1,2023,2,February,2001,21.6,26-35
2572,50,Other,Atlanta,Current,1810.33,2004-07-13,2023-04-17,Transfer,732.92,1077.41,Auto,44859.61,3.63,Rejected,Visa,2827.57,Praise,Pending,1,2023,4,April,2004,18.8,46-55
2573,57,Female,San Antonio,Savings,6486.54,2002-08-24,2023-01-13,Transfer,2870.47,9357.01,Personal,15113.04,3.12,Approved,AMEX,4471.68,Praise,Pending,1,2023,1,January,2002,20.4,56-65
2574,47,Female,San Diego,Savings,2750.58,2015-12-19,2023-12-05,Deposit,3171.63,-421.05,Auto,31477.01,8.02,Rejected,MasterCard,319.52,Praise,Pending,1,2023,12,December,2015,8.0,46-55
2575,47,Male,Atlanta,Current,9029.19,2001-11-06,2023-03-31,Withdrawal,918.61,9947.8,Mortgage,10012.92,8.15,Closed,AMEX,1663.7,Suggestion,Pending,1,2023,3,March,2001,21.4,46-55
2576,40,Female,Columbus,Savings,732.09,2008-12-27,2023-04-26,Transfer,39.77,771.86,Auto,41433.05,8.53,Rejected,MasterCard,1930.95,Suggestion,Resolved,1,2023,4,April,2008,14.3,36-45
2577,62,Other,Fort Worth,Savings,8111.14,2016-07-10,2023-04-16,Withdrawal,436.41,8547.55,Personal,44702.97,8.69,Approved,MasterCard,300.62,Praise,Pending,1,2023,4,April,2016,6.8,56-65
2578,41,Female,Mesa,Savings,3984.04,2000-06-29,2023-06-22,Deposit,3451.17,532.87,Personal,31140.87,4.7,Approved,MasterCard,4614.39,Complaint,Pending,1,2023,6,June,2000,23.0,36-45
2579,37,Male,Omaha,Savings,8585.89,2000-12-26,2023-12-11,Transfer,1906.69,10492.58,Mortgage,31564.36,8.28,Rejected,Visa,1438.54,Suggestion,Pending,1,2023,12,December,2000,23.0,36-45
2580,45,Other,San Francisco,Savings,8169.71,2006-10-07,2023-01-23,Deposit,1870.75,10040.46,Mortgage,19549.44,4.11,Approved,MasterCard,3908.35,Praise,Resolved,1,2023,1,January,2006,16.3,36-45
2581,36,Other,Omaha,Savings,2469.0,2017-04-22,2023-10-18,Deposit,3462.53,-993.53,Mortgage,35647.48,1.47,Rejected,Visa,2337.75,Suggestion,Resolved,1,2023,10,October,2017,6.5,36-45
2582,66,Female,Memphis,Current,600.62,2019-06-16,2023-08-29,Deposit,2490.69,3091.31,Auto,24444.62,7.2,Rejected,MasterCard,2245.74,Suggestion,Resolved,1,2023,8,August,2019,4.2,65+
2583,30,Male,Portland,Current,6985.66,2011-08-29,2023-04-06,Transfer,3189.06,3796.6,Mortgage,37528.86,2.79,Closed,AMEX,4239.86,Praise,Pending,1,2023,4,April,2011,11.6,26-35
2584,33,Male,New York,Savings,2123.51,2005-01-29,2023-11-06,Deposit,4597.45,6720.96,Mortgage,48457.08,5.06,Approved,Visa,1672.43,Praise,Resolved,1,2023,11,November,2005,18.8,26-35
2585,32,Female,Fresno,Current,9312.02,2001-05-07,2023-05-05,Withdrawal,2539.25,11851.27,Mortgage,41296.42,2.47,Approved,MasterCard,204.97,Suggestion,Resolved,1,2023,5,May,2001,22.0,26-35
2586,28,Other,Houston,Current,765.58,2005-01-03,2023-08-22,Deposit,3193.8,-2428.22,Personal,26349.23,4.52,Approved,MasterCard,2584.05,Suggestion,Resolved,1,2023,8,August,2005,18.6,26-35
2587,29,Other,Las Vegas,Current,3307.4,2019-03-23,2023-06-26,Transfer,3202.17,6509.57,Mortgage,48965.54,8.96,Rejected,MasterCard,1190.98,Praise,Pending,1,2023,6,June,2019,4.3,26-35
2588,39,Other,Nashville,Savings,225.23,2001-04-15,2023-03-11,Transfer,2678.15,2903.38,Auto,30747.03,6.52,Closed,AMEX,1723.27,Praise,Resolved,1,2023,3,March,2001,21.9,36-45
2589,42,Female,Tucson,Savings,3238.49,2003-10-12,2023-07-25,Transfer,3325.52,6564.01,Personal,4178.75,2.33,Rejected,MasterCard,1792.84,Complaint,Resolved,1,2023,7,July,2003,19.8,36-45
2590,20,Other,San Antonio,Current,5458.46,2013-04-17,2023-08-21,Withdrawal,4173.38,1285.08,Mortgage,36788.01,7.53,Approved,AMEX,4447.85,Complaint,Resolved,1,2023,8,August,2013,10.3,18-25
2591,41,Other,New York,Current,6583.14,2007-03-17,2023-04-30,Transfer,4041.08,2542.06,Mortgage,41183.04,8.63,Rejected,MasterCard,4343.74,Praise,Pending,1,2023,4,April,2007,16.1,36-45
2592,42,Female,Chicago,Current,7291.69,2009-02-12,2023-10-20,Withdrawal,295.78,6995.91,Personal,7607.13,2.5,Approved,AMEX,4669.97,Suggestion,Pending,1,2023,10,October,2009,14.7,36-45
2593,26,Other,Charlotte,Current,8351.16,2018-10-31,2023-04-29,Deposit,4759.42,13110.58,Personal,34285.21,7.7,Rejected,Visa,2879.26,Complaint,Pending,1,2023,4,April,2018,4.5,26-35
2594,45,Female,Milwaukee,Current,1196.76,2009-01-06,2023-01-22,Withdrawal,4237.53,-3040.77,Personal,46124.92,5.94,Rejected,AMEX,2970.78,Suggestion,Pending,1,2023,1,January,2009,14.0,36-45
2595,63,Male,Indianapolis,Current,7642.54,2002-11-05,2023-09-06,Deposit,4853.31,2789.23,Auto,13319.87,6.44,Approved,MasterCard,2455.15,Praise,Resolved,1,2023,9,September,2002,20.8,56-65
2596,47,Male,Jacksonville,Savings,2855.85,2010-08-04,2023-07-31,Deposit,978.46,3834.31,Mortgage,29665.42,9.45,Rejected,Visa,3672.7,Complaint,Resolved,1,2023,7,July,2010,13.0,46-55
2597,24,Female,Memphis,Current,1468.64,2007-07-28,2023-07-04,Deposit,2686.68,4155.32,Mortgage,14454.83,1.33,Approved,MasterCard,4613.02,Praise,Resolved,1,2023,7,July,2007,15.9,18-25
2598,28,Female,Philadelphia,Savings,2729.99,2001-09-03,2023-11-23,Transfer,2205.07,524.92,Mortgage,38945.96,6.75,Rejected,AMEX,127.28,Complaint,Resolved,1,2023,11,November,2001,22.2,26-35
2599,27,Female,Memphis,Current,8594.13,2019-06-12,2023-07-07,Withdrawal,1891.02,6703.11,Personal,29452.34,1.73,Rejected,Visa,1365.49,Complaint,Resolved,1,2023,7,July,2019,4.1,26-35
2600,20,Other,San Francisco,Current,6311.18,2018-05-07,2023-07-02,Transfer,2038.51,8349.69,Mortgage,21975.74,8.11,Approved,MasterCard,257.69,Praise,Resolved,1,2023,7,July,2018,5.2,18-25
2601,36,Other,Washington,Current,6014.08,2011-02-23,2023-02-10,Transfer,4519.07,1495.01,Mortgage,2420.41,9.07,Approved,AMEX,1702.05,Suggestion,Pending,1,2023,2,February,2011,12.0,36-45
2602,19,Female,Las Vegas,Savings,5887.91,2022-09-15,2023-01-28,Withdrawal,3495.25,2392.66,Personal,47295.15,1.78,Approved,AMEX,4240.37,Suggestion,Pending,1,2023,1,January,2022,0.4,18-25
2603,34,Female,San Francisco,Savings,4145.41,2008-07-11,2023-10-14,Deposit,1630.5,5775.91,Mortgage,25389.22,1.23,Approved,AMEX,2413.81,Complaint,Resolved,1,2023,10,October,2008,15.3,26-35
2604,46,Other,Nashville,Current,4228.35,2004-05-09,2023-01-21,Withdrawal,1900.6,6128.95,Auto,40401.37,9.6,Approved,Visa,4452.79,Praise,Pending,1,2023,1,January,2004,18.7,46-55
2605,19,Other,Austin,Savings,1568.41,2020-10-07,2023-03-15,Transfer,2347.92,3916.33,Mortgage,20202.85,9.34,Rejected,MasterCard,4300.37,Praise,Pending,-1,2023,3,March,2020,2.4,18-25
2606,33,Female,San Antonio,Savings,3392.87,2006-06-26,2023-11-03,Withdrawal,1840.98,5233.85,Auto,42606.08,9.31,Rejected,MasterCard,708.1,Praise,Pending,-1,2023,11,November,2006,17.4,26-35
2607,66,Other,Colorado Springs,Savings,5169.12,2012-05-05,2023-02-05,Deposit,1058.27,6227.39,Personal,8841.91,9.46,Closed,MasterCard,1418.12,Complaint,Resolved,1,2023,2,February,2012,10.8,65+
2608,27,Other,Phoenix,Current,6099.58,2005-01-24,2023-01-19,Transfer,2182.38,3917.2,Mortgage,12343.2,5.5,Closed,Visa,2776.77,Praise,Resolved,-1,2023,1,January,2005,18.0,26-35
2609,21,Male,Nashville,Current,809.22,2018-11-15,2023-09-19,Withdrawal,406.84,402.38,Auto,17336.18,9.79,Closed,MasterCard,1830.43,Complaint,Pending,1,2023,9,September,2018,4.8,18-25
2610,60,Female,Seattle,Current,3404.72,2001-03-20,2023-06-25,Deposit,4273.56,-868.84,Mortgage,5341.17,9.03,Approved,MasterCard,3096.25,Suggestion,Resolved,1,2023,6,June,2001,22.3,56-65
2611,43,Female,Sacramento,Savings,3460.27,2005-01-28,2023-01-15,Transfer,4126.1,7586.37,Personal,22748.21,1.88,Approved,MasterCard,2983.36,Suggestion,Resolved,1,2023,1,January,2005,18.0,36-45
2612,66,Other,Oklahoma City,Savings,5199.19,2004-08-16,2023-04-20,Transfer,4460.69,9659.88,Personal,24810.3,8.31,Rejected,AMEX,159.47,Complaint,Pending,1,2023,4,April,2004,18.7,65+
2613,41,Male,Charlotte,Current,7129.34,2001-12-17,2023-04-19,Deposit,2235.09,4894.25,Mortgage,6625.2,7.41,Rejected,MasterCard,1990.21,Praise,Pending,1,2023,4,April,2001,21.3,36-45
2614,29,Female,Phoenix,Current,6388.8,2014-10-01,2023-05-04,Withdrawal,3259.63,3129.17,Personal,21927.84,2.21,Rejected,AMEX,2245.23,Praise,Pending,1,2023,5,May,2014,8.6,26-35
2615,38,Female,San Jose,Savings,5751.76,2021-01-31,2023-11-01,Deposit,4051.87,9803.63,Auto,10667.51,7.64,Approved,AMEX,4449.19,Praise,Pending,1,2023,11,November,2021,2.7,36-45
2616,59,Other,Fort Worth,Current,2985.04,2012-01-25,2023-01-18,Transfer,1581.14,4566.18,Personal,43885.38,5.36,Closed,AMEX,3557.12,Suggestion,Resolved,1,2023,1,January,2012,11.0,56-65
2617,33,Female,Nashville,Current,8406.66,2011-03-25,2023-03-25,Deposit,3170.59,5236.07,Personal,25955.38,8.68,Approved,AMEX,1162.96,Praise,Pending,1,2023,3,March,2011,12.0,26-35
2618,53,Other,Atlanta,Current,7874.4,2007-02-08,2023-07-12,Transfer,2196.78,10071.18,Auto,47646.34,8.37,Closed,MasterCard,2925.81,Complaint,Resolved,1,2023,7,July,2007,16.4,46-55
2619,52,Male,Philadelphia,Current,1917.77,2015-12-06,2023-07-07,Deposit,1874.82,42.95,Mortgage,17730.14,9.48,Rejected,MasterCard,2079.98,Praise,Resolved,-1,2023,7,July,2015,7.6,46-55
2620,26,Male,San Antonio,Savings,6585.8,2007-03-03,2023-06-13,Withdrawal,4298.77,10884.57,Personal,17728.36,1.68,Rejected,AMEX,4499.69,Complaint,Resolved,1,2023,6,June,2007,16.3,26-35
2621,23,Female,Detroit,Current,9075.88,2009-09-21,2023-07-29,Deposit,3124.15,5951.73,Mortgage,17596.88,7.39,Closed,MasterCard,177.27,Praise,Resolved,1,2023,7,July,2009,13.9,18-25
2622,61,Other,San Diego,Current,4412.45,2021-11-13,2023-01-20,Transfer,3120.74,7533.19,Auto,14145.94,4.39,Approved,AMEX,4982.84,Suggestion,Resolved,1,2023,1,January,2021,1.2,56-65
2623,18,Male,Dallas,Savings,9255.22,2000-04-29,2023-09-08,Withdrawal,792.75,8462.47,Mortgage,39427.59,7.98,Rejected,Visa,672.54,Complaint,Resolved,1,2023,9,September,2000,23.4,18-25
2624,31,Female,Portland,Savings,317.44,2013-11-07,2023-04-23,Transfer,1741.12,2058.56,Personal,14854.3,6.42,Closed,MasterCard,3155.53,Suggestion,Pending,1,2023,4,April,2013,9.5,26-35
2625,41,Female,Houston,Current,5210.78,2002-05-24,2023-11-13,Withdrawal,4207.88,9418.66,Personal,15112.65,5.46,Approved,AMEX,1485.29,Praise,Pending,1,2023,11,November,2002,21.5,36-45
2626,27,Female,Nashville,Current,2637.07,2008-03-13,2023-12-23,Transfer,1075.33,1561.74,Personal,3297.92,1.04,Closed,Visa,2545.29,Complaint,Pending,1,2023,12,December,2008,15.8,26-35
2627,35,Other,Milwaukee,Savings,2695.36,2016-05-20,2023-11-11,Transfer,4852.61,7547.97,Auto,48302.71,6.46,Rejected,MasterCard,1518.67,Suggestion,Resolved,1,2023,11,November,2016,7.5,26-35
2628,62,Other,Nashville,Current,8787.72,2009-12-30,2023-05-30,Transfer,4161.06,12948.78,Personal,44428.4,4.78,Approved,MasterCard,2178.3,Suggestion,Resolved,1,2023,5,May,2009,13.4,56-65
2629,26,Male,Omaha,Savings,3183.84,2015-11-03,2023-11-20,Withdrawal,1345.4,1838.44,Mortgage,15332.97,3.99,Rejected,Visa,1157.19,Praise,Pending,1,2023,11,November,2015,8.0,26-35
2630,44,Other,Boston,Current,330.98,2003-08-13,2023-09-17,Transfer,550.01,880.99,Personal,26517.68,9.9,Approved,MasterCard,413.19,Suggestion,Pending,-1,2023,9,September,2003,20.1,36-45
2631,36,Other,Colorado Springs,Current,5442.92,2011-01-03,2023-03-24,Deposit,856.08,6299.0,Auto,24654.51,7.3,Rejected,Visa,3114.69,Praise,Resolved,1,2023,3,March,2011,12.2,36-45
2632,53,Female,Charlotte,Current,9711.54,2007-04-29,2023-11-10,Transfer,1218.59,8492.95,Mortgage,5297.45,5.86,Approved,MasterCard,4378.78,Suggestion,Pending,1,2023,11,November,2007,16.5,46-55
2633,20,Female,Sacramento,Current,883.05,2007-04-15,2023-02-27,Transfer,1196.36,-313.31,Mortgage,27028.66,8.82,Closed,Visa,2805.86,Praise,Resolved,1,2023,2,February,2007,15.9,18-25
2634,55,Male,Atlanta,Current,2934.37,2015-03-19,2023-02-23,Withdrawal,91.23,3025.6,Auto,6553.0,3.04,Rejected,MasterCard,2323.46,Praise,Resolved,1,2023,2,February,2015,7.9,46-55
2635,26,Female,Louisville,Current,4748.08,2020-11-30,2023-01-28,Transfer,3579.36,8327.44,Mortgage,22270.39,6.58,Rejected,AMEX,136.54,Suggestion,Pending,1,2023,1,January,2020,2.2,26-35
2636,27,Female,Columbus,Savings,8321.75,2000-10-01,2023-12-27,Transfer,4885.56,13207.31,Personal,5302.41,8.75,Rejected,MasterCard,2457.21,Suggestion,Resolved,1,2023,12,December,2000,23.2,26-35
2637,26,Female,Houston,Savings,2762.06,2008-08-02,2023-07-24,Transfer,1439.31,4201.37,Mortgage,29856.89,2.11,Rejected,Visa,3681.33,Suggestion,Pending,-1,2023,7,July,2008,15.0,26-35
2638,34,Other,Oklahoma City,Current,3502.48,2000-03-09,2023-02-26,Transfer,91.23,3593.71,Auto,3401.44,3.12,Closed,Visa,790.59,Complaint,Pending,1,2023,2,February,2000,23.0,26-35
2639,59,Female,Fresno,Savings,3906.5,2007-08-06,2023-03-05,Transfer,4592.37,8498.87,Mortgage,31793.0,1.74,Closed,AMEX,3822.2,Praise,Resolved,1,2023,3,March,2007,15.6,56-65
2640,55,Male,Fort Worth,Savings,3858.38,2012-01-22,2023-04-02,Deposit,1038.94,4897.32,Mortgage,35653.7,9.93,Approved,Visa,2418.86,Complaint,Pending,1,2023,4,April,2012,11.2,46-55
2641,65,Male,Tucson,Savings,2083.42,2006-01-03,2023-10-13,Deposit,45.7,2037.72,Auto,28972.3,6.23,Approved,AMEX,3814.37,Praise,Pending,1,2023,10,October,2006,17.8,56-65
2642,66,Female,Las Vegas,Current,9165.09,2011-09-11,2023-12-08,Withdrawal,1128.37,10293.46,Mortgage,24005.01,5.41,Closed,Visa,743.5,Suggestion,Pending,1,2023,12,December,2011,12.2,65+
2643,60,Female,Oklahoma City,Savings,7949.81,2009-04-30,2023-01-23,Withdrawal,529.04,8478.85,Auto,3978.84,4.05,Approved,MasterCard,1008.75,Praise,Pending,1,2023,1,January,2009,13.7,56-65
2644,37,Male,Phoenix,Savings,9758.86,2018-10-09,2023-01-18,Deposit,3632.97,6125.89,Personal,1556.31,5.05,Rejected,MasterCard,2230.95,Suggestion,Resolved,1,2023,1,January,2018,4.3,36-45
2645,24,Other,Kansas City,Savings,3772.84,2015-10-07,2023-09-11,Withdrawal,18.19,3754.65,Auto,17779.14,7.98,Approved,Visa,2383.48,Complaint,Pending,1,2023,9,September,2015,7.9,18-25
2646,21,Female,Baltimore,Current,548.42,2003-03-30,2023-03-22,Deposit,2212.34,2760.76,Mortgage,38791.37,9.25,Approved,AMEX,4970.81,Complaint,Resolved,1,2023,3,March,2003,20.0,18-25
2647,27,Male,Las Vegas,Current,1243.46,2000-08-17,2023-07-01,Deposit,2464.84,-1221.38,Mortgage,32716.62,1.94,Approved,Visa,4930.77,Complaint,Pending,1,2023,7,July,2000,22.9,26-35
2648,38,Other,Omaha,Savings,3639.09,2019-06-08,2023-12-17,Withdrawal,3923.17,-284.08,Personal,7138.77,3.7,Closed,MasterCard,2284.53,Complaint,Pending,1,2023,12,December,2019,4.5,36-45
2649,31,Male,San Antonio,Current,9119.53,2015-09-08,2023-05-16,Withdrawal,2616.6,11736.13,Mortgage,34709.02,2.7,Approved,Visa,1199.01,Complaint,Pending,1,2023,5,May,2015,7.7,26-35
2650,42,Other,Mesa,Current,9812.74,2010-11-28,2023-04-17,Transfer,632.44,9180.3,Mortgage,29170.86,4.92,Rejected,MasterCard,3463.18,Praise,Pending,1,2023,4,April,2010,12.4,36-45
2651,34,Male,Kansas City,Current,8237.77,2010-05-16,2023-05-14,Deposit,2138.14,6099.63,Mortgage,9169.44,5.77,Rejected,MasterCard,967.99,Praise,Pending,1,2023,5,May,2010,13.0,26-35
2652,45,Male,Indianapolis,Current,2460.41,2016-04-01,2023-07-19,Deposit,4673.61,7134.02,Mortgage,38009.78,7.49,Approved,MasterCard,1381.48,Complaint,Resolved,1,2023,7,July,2016,7.3,36-45
2653,31,Other,Charlotte,Savings,6631.02,2005-05-08,2023-09-11,Deposit,1191.65,7822.67,Auto,41684.92,8.88,Rejected,Visa,2694.49,Praise,Resolved,1,2023,9,September,2005,18.3,26-35
2654,69,Female,El Paso,Current,6006.41,2002-11-22,2023-10-23,Withdrawal,1504.35,7510.76,Mortgage,12395.31,5.88,Approved,Visa,4727.44,Praise,Resolved,1,2023,10,October,2002,20.9,65+
2655,30,Male,Fort Worth,Savings,8250.2,2007-03-25,2023-06-28,Deposit,4367.56,12617.76,Auto,32158.43,5.4,Approved,MasterCard,144.97,Complaint,Resolved,1,2023,6,June,2007,16.3,26-35
2656,51,Female,Memphis,Savings,5146.52,2007-12-24,2023-02-16,Deposit,3931.96,9078.48,Mortgage,19528.49,6.18,Rejected,MasterCard,3372.05,Praise,Resolved,-1,2023,2,February,2007,15.1,46-55
2657,58,Male,Charlotte,Current,3249.49,2009-09-01,2023-08-11,Withdrawal,1484.63,1764.86,Mortgage,3864.59,9.0,Closed,Visa,4326.02,Suggestion,Pending,1,2023,8,August,2009,13.9,56-65
2658,20,Other,Memphis,Current,290.85,2001-05-28,2023-04-25,Deposit,3544.78,3835.63,Mortgage,43206.31,6.84,Rejected,Visa,3668.6,Complaint,Resolved,1,2023,4,April,2001,21.9,18-25
2659,21,Female,Nashville,Current,7970.76,2012-02-14,2023-11-22,Deposit,434.73,8405.49,Personal,41216.48,8.09,Approved,AMEX,2409.75,Complaint,Resolved,1,2023,11,November,2012,11.8,18-25
2660,61,Other,Charlotte,Savings,5349.46,2001-06-16,2023-07-15,Transfer,2719.54,2629.92,Auto,16579.18,7.48,Approved,Visa,4287.0,Praise,Pending,1,2023,7,July,2001,22.1,56-65
2661,32,Other,Columbus,Current,5388.46,2010-10-01,2023-09-06,Transfer,4356.17,1032.29,Personal,27043.75,9.31,Rejected,AMEX,3911.53,Praise,Pending,1,2023,9,September,2010,12.9,26-35
2662,37,Female,Indianapolis,Current,9574.92,2007-12-21,2023-08-14,Transfer,4214.16,5360.76,Mortgage,26106.11,8.35,Rejected,AMEX,3668.54,Complaint,Resolved,1,2023,8,August,2007,15.6,36-45
2663,25,Female,Charlotte,Current,4913.65,2008-12-12,2023-10-10,Deposit,1022.2,3891.45,Personal,9695.5,4.07,Closed,Visa,530.63,Praise,Resolved,1,2023,10,October,2008,14.8,18-25
2664,67,Female,Houston,Savings,3226.43,2003-07-01,2023-02-23,Transfer,2670.5,5896.93,Personal,8138.02,8.69,Approved,MasterCard,3523.44,Suggestion,Resolved,1,2023,2,February,2003,19.6,65+
2665,22,Other,Portland,Current,3464.4,2002-05-16,2023-05-22,Withdrawal,1998.32,5462.72,Personal,42369.13,5.21,Rejected,Visa,777.95,Suggestion,Resolved,1,2023,5,May,2002,21.0,18-25
2666,19,Other,El Paso,Savings,216.29,2021-09-16,2023-08-21,Transfer,2808.67,-2592.38,Auto,43500.55,8.63,Rejected,AMEX,4490.25,Praise,Pending,1,2023,8,August,2021,1.9,18-25
2667,45,Other,Memphis,Current,1311.28,2015-08-24,2023-05-30,Withdrawal,384.61,1695.89,Mortgage,36533.81,9.15,Closed,AMEX,3240.68,Complaint,Pending,1,2023,5,May,2015,7.8,36-45
2668,39,Female,Dallas,Current,533.71,2017-11-25,2023-07-16,Withdrawal,4906.96,5440.67,Mortgage,4565.51,7.17,Rejected,AMEX,4389.24,Suggestion,Pending,1,2023,7,July,2017,5.6,36-45
2669,26,Male,San Antonio,Current,2508.28,2015-11-18,2023-02-25,Withdrawal,2821.94,-313.66,Auto,45547.97,7.47,Closed,MasterCard,855.2,Praise,Pending,1,2023,2,February,2015,7.3,26-35
2670,45,Female,Houston,Current,740.06,2014-01-30,2023-12-30,Deposit,605.26,1345.32,Auto,49056.88,2.27,Rejected,Visa,2893.02,Complaint,Pending,1,2023,12,December,2014,9.9,36-45
2671,63,Male,Phoenix,Savings,3378.05,2005-11-26,2023-07-29,Withdrawal,3214.92,163.13,Mortgage,39005.08,3.91,Closed,Visa,70.04,Complaint,Resolved,1,2023,7,July,2005,17.7,56-65
2672,18,Other,Phoenix,Savings,1348.68,2019-01-01,2023-11-12,Deposit,48.49,1300.19,Mortgage,18317.22,6.02,Approved,MasterCard,464.19,Praise,Pending,1,2023,11,November,2019,4.9,18-25
2673,69,Male,Austin,Savings,9187.4,2005-08-11,2023-02-20,Withdrawal,42.27,9145.13,Personal,20882.96,1.03,Approved,MasterCard,1736.78,Praise,Resolved,1,2023,2,February,2005,17.5,65+
2674,53,Female,Louisville,Savings,9390.0,2007-09-14,2023-05-08,Deposit,903.94,8486.06,Auto,43612.2,8.63,Closed,MasterCard,1414.98,Suggestion,Pending,1,2023,5,May,2007,15.6,46-55
2675,66,Female,Indianapolis,Current,6074.22,2003-02-08,2023-09-14,Withdrawal,1361.93,7436.15,Mortgage,14729.12,4.33,Approved,MasterCard,4002.92,Complaint,Pending,1,2023,9,September,2003,20.6,65+
2676,59,Female,Baltimore,Savings,8074.33,2021-03-24,2023-01-12,Withdrawal,1323.17,9397.5,Mortgage,7951.02,7.51,Approved,Visa,2718.77,Complaint,Pending,1,2023,1,January,2021,1.8,56-65
2677,19,Male,Houston,Current,6804.39,2017-01-10,2023-01-24,Deposit,2221.43,9025.82,Personal,41317.41,7.92,Rejected,MasterCard,4524.26,Complaint,Resolved,1,2023,1,January,2017,6.0,18-25
2678,55,Female,Los Angeles,Savings,8129.98,2005-05-30,2023-05-06,Transfer,2570.84,10700.82,Mortgage,10473.29,5.93,Approved,Visa,4762.04,Complaint,Resolved,1,2023,5,May,2005,17.9,46-55
2679,43,Male,Chicago,Savings,6434.09,2008-04-01,2023-11-27,Withdrawal,2116.54,4317.55,Auto,45457.69,8.11,Closed,MasterCard,4355.06,Suggestion,Resolved,1,2023,11,November,2008,15.7,36-45
2680,48,Other,Nashville,Current,4358.92,2013-08-23,2023-06-20,Withdrawal,1875.7,6234.62,Auto,30188.42,7.14,Closed,MasterCard,1422.51,Suggestion,Pending,1,2023,6,June,2013,9.8,46-55
2681,68,Male,Philadelphia,Current,8750.17,2017-10-12,2023-04-15,Transfer,3354.0,5396.17,Auto,28213.12,4.24,Approved,MasterCard,3057.49,Suggestion,Resolved,1,2023,4,April,2017,5.5,65+
2682,58,Other,Seattle,Current,4436.86,2016-03-17,2023-08-09,Withdrawal,1249.2,5686.06,Personal,39011.72,8.35,Closed,Visa,3809.0,Suggestion,Resolved,1,2023,8,August,2016,7.4,56-65
2683,68,Male,Phoenix,Savings,4022.5,2006-06-27,2023-02-26,Deposit,3142.75,879.75,Personal,1806.8,6.72,Rejected,AMEX,2656.26,Complaint,Pending,1,2023,2,February,2006,16.7,65+
2684,36,Other,Dallas,Savings,6281.39,2000-07-25,2023-05-29,Deposit,4783.77,11065.16,Auto,35963.41,2.44,Rejected,MasterCard,1668.18,Suggestion,Pending,1,2023,5,May,2000,22.8,36-45
2685,48,Female,Oklahoma City,Current,9385.52,2011-05-23,2023-02-09,Withdrawal,2364.15,11749.67,Mortgage,30326.2,7.96,Closed,Visa,911.99,Praise,Resolved,1,2023,2,February,2011,11.7,46-55
2686,26,Male,Louisville,Savings,4477.81,2017-12-16,2023-02-02,Withdrawal,2560.88,1916.93,Mortgage,26665.25,7.09,Approved,Visa,4817.57,Suggestion,Pending,1,2023,2,February,2017,5.1,26-35
2687,20,Other,Detroit,Current,5791.95,2002-10-19,2023-06-10,Deposit,3644.11,2147.84,Mortgage,11648.98,3.56,Rejected,AMEX,1031.12,Complaint,Pending,1,2023,6,June,2002,20.6,18-25
2688,55,Female,Seattle,Current,4974.09,2021-04-05,2023-04-18,Transfer,2541.9,7515.99,Auto,41642.29,8.58,Rejected,AMEX,4057.95,Praise,Pending,1,2023,4,April,2021,2.0,46-55
2689,23,Female,Denver,Current,9106.36,2006-11-29,2023-03-06,Withdrawal,728.1,8378.26,Auto,13281.87,4.37,Approved,MasterCard,665.86,Complaint,Resolved,1,2023,3,March,2006,16.3,18-25
2690,66,Other,Chicago,Savings,6799.78,2012-05-24,2023-03-17,Deposit,3057.41,3742.37,Auto,24998.87,5.97,Approved,AMEX,4940.85,Suggestion,Pending,1,2023,3,March,2012,10.8,65+
2691,62,Other,Dallas,Current,4253.93,2012-01-06,2023-02-15,Transfer,2548.78,1705.15,Personal,8745.94,4.09,Rejected,AMEX,1687.18,Praise,Resolved,1,2023,2,February,2012,11.1,56-65
2692,62,Male,Mesa,Current,6108.34,2017-06-20,2023-12-30,Withdrawal,4757.87,1350.47,Personal,48711.8,7.52,Approved,MasterCard,3892.84,Complaint,Resolved,1,2023,12,December,2017,6.5,56-65
2693,24,Other,Milwaukee,Current,1644.99,2018-08-02,2023-08-23,Withdrawal,474.09,2119.08,Auto,10532.11,6.23,Closed,Visa,762.5,Suggestion,Pending,1,2023,8,August,2018,5.1,18-25
2694,58,Other,San Francisco,Savings,3485.24,2005-01-15,2023-04-24,Transfer,2686.98,6172.22,Auto,40357.7,5.23,Rejected,Visa,3584.89,Praise,Pending,1,2023,4,April,2005,18.3,56-65
2695,42,Female,El Paso,Savings,7388.19,2016-01-02,2023-11-04,Withdrawal,3088.49,4299.7,Mortgage,13890.88,1.18,Approved,AMEX,3451.75,Suggestion,Resolved,1,2023,11,November,2016,7.8,36-45
2696,42,Other,Fresno,Current,5667.7,2022-01-01,2023-05-04,Withdrawal,3103.27,8770.97,Personal,13546.12,6.46,Approved,AMEX,1898.51,Praise,Resolved,1,2023,5,May,2022,1.3,36-45
2697,67,Other,Phoenix,Savings,3211.3,2017-12-22,2023-10-13,Deposit,307.91,2903.39,Mortgage,21663.81,6.6,Rejected,AMEX,201.52,Suggestion,Resolved,1,2023,10,October,2017,5.8,65+
2698,18,Other,Charlotte,Savings,3686.75,2012-05-22,2023-05-23,Transfer,1645.88,5332.63,Auto,42446.53,2.63,Approved,MasterCard,2060.23,Praise,Pending,1,2023,5,May,2012,11.0,18-25
2699,39,Female,Chicago,Savings,8116.85,2012-03-07,2023-05-17,Withdrawal,1320.09,6796.76,Auto,34690.31,3.99,Approved,Visa,2798.66,Suggestion,Pending,1,2023,5,May,2012,11.2,36-45
2700,37,Female,Denver,Savings,5454.74,2012-01-06,2023-09-04,Deposit,3403.13,8857.87,Personal,43710.11,8.91,Approved,Visa,276.01,Suggestion,Resolved,1,2023,9,September,2012,11.7,36-45
2701,30,Female,Louisville,Savings,2463.68,2007-10-13,2023-10-15,Withdrawal,3679.71,-1216.03,Personal,3313.4,5.94,Rejected,Visa,1345.47,Suggestion,Resolved,-1,2023,10,October,2007,16.0,26-35
2702,57,Female,Chicago,Savings,3038.45,2015-02-23,2023-03-13,Deposit,1054.25,1984.2,Mortgage,47828.94,4.92,Closed,MasterCard,4895.63,Complaint,Resolved,1,2023,3,March,2015,8.0,56-65
2703,38,Male,Kansas City,Savings,4732.05,2012-04-03,2023-10-10,Withdrawal,4132.14,599.91,Mortgage,4779.71,9.42,Approved,AMEX,4599.5,Complaint,Pending,1,2023,10,October,2012,11.5,36-45
2704,40,Female,Houston,Current,7652.09,2014-07-25,2023-02-11,Withdrawal,2430.32,5221.77,Personal,36332.2,8.31,Rejected,Visa,4088.38,Suggestion,Pending,1,2023,2,February,2014,8.6,36-45
2705,58,Female,Las Vegas,Savings,9974.66,2000-08-12,2023-09-21,Withdrawal,1322.17,11296.83,Auto,11151.48,1.88,Rejected,AMEX,750.71,Suggestion,Resolved,1,2023,9,September,2000,23.1,56-65
2706,50,Male,Milwaukee,Current,1939.03,2013-01-18,2023-08-09,Withdrawal,1505.77,433.26,Personal,42201.4,8.73,Closed,MasterCard,2028.79,Praise,Resolved,1,2023,8,August,2013,10.6,46-55
2707,26,Male,Austin,Current,7573.8,2014-10-27,2023-09-24,Withdrawal,1325.05,6248.75,Mortgage,43255.72,2.35,Approved,AMEX,1037.02,Praise,Pending,1,2023,9,September,2014,8.9,26-35
2708,46,Male,Atlanta,Savings,6210.47,2007-04-09,2023-08-31,Transfer,3026.16,3184.31,Personal,28011.24,2.57,Rejected,MasterCard,1077.05,Complaint,Pending,1,2023,8,August,2007,16.4,46-55
2709,69,Other,New York,Current,5358.81,2014-10-15,2023-02-13,Transfer,2640.06,2718.75,Mortgage,20740.67,1.68,Approved,AMEX,4401.73,Praise,Pending,1,2023,2,February,2014,8.3,65+
2710,49,Female,Dallas,Current,9667.92,2008-02-25,2023-10-16,Transfer,4694.26,14362.18,Mortgage,39875.19,5.33,Approved,MasterCard,2061.51,Complaint,Pending,1,2023,10,October,2008,15.6,46-55
2711,28,Other,San Francisco,Current,3295.26,2002-03-11,2023-03-08,Deposit,1375.71,4670.97,Mortgage,43827.54,6.8,Rejected,AMEX,4244.91,Suggestion,Resolved,1,2023,3,March,2002,21.0,26-35
2712,69,Male,New York,Current,1852.08,2006-11-17,2023-11-07,Transfer,1602.69,3454.77,Auto,37174.72,7.78,Closed,Visa,1833.04,Suggestion,Resolved,1,2023,11,November,2006,17.0,65+
2713,53,Male,Chicago,Savings,8788.21,2002-09-19,2023-09-26,Withdrawal,42.32,8830.53,Mortgage,45438.92,1.24,Rejected,Visa,270.79,Suggestion,Pending,1,2023,9,September,2002,21.0,46-55
2714,46,Male,Detroit,Savings,780.02,2017-02-16,2023-02-05,Withdrawal,1498.71,2278.73,Auto,31700.05,2.6,Approved,MasterCard,672.05,Complaint,Resolved,1,2023,2,February,2017,6.0,46-55
2715,65,Male,Milwaukee,Current,8189.48,2020-06-28,2023-03-28,Transfer,1261.89,9451.37,Auto,33853.12,6.59,Closed,AMEX,224.71,Complaint,Pending,1,2023,3,March,2020,2.7,56-65
2716,48,Other,Detroit,Current,5933.44,2005-07-18,2023-01-26,Deposit,2015.96,3917.48,Personal,29021.24,5.73,Rejected,MasterCard,1394.07,Praise,Resolved,-1,2023,1,January,2005,17.5,46-55
2717,31,Male,El Paso,Current,1723.64,2004-11-09,2023-10-21,Withdrawal,2483.25,4206.89,Auto,24919.95,1.46,Approved,Visa,2592.62,Praise,Resolved,1,2023,10,October,2004,18.9,26-35
2718,69,Female,Baltimore,Savings,2350.89,2013-01-29,2023-04-10,Deposit,3354.55,5705.44,Auto,33088.17,9.42,Approved,AMEX,1100.08,Complaint,Pending,1,2023,4,April,2013,10.2,65+
2719,67,Female,Jacksonville,Current,1642.82,2008-11-30,2023-05-31,Withdrawal,967.52,2610.34,Personal,28496.61,7.83,Rejected,MasterCard,2890.53,Praise,Pending,-1,2023,5,May,2008,14.5,65+
2720,42,Female,San Diego,Savings,7211.55,2005-12-22,2023-05-16,Deposit,2786.53,9998.08,Personal,36830.76,4.23,Closed,Visa,1471.6,Praise,Pending,1,2023,5,May,2005,17.4,36-45
2721,43,Other,Boston,Savings,1558.38,2011-05-15,2023-09-27,Deposit,3645.93,-2087.55,Mortgage,46777.48,5.83,Rejected,Visa,2432.92,Praise,Resolved,1,2023,9,September,2011,12.4,36-45
2722,39,Male,Washington,Current,6845.57,2013-09-11,2023-10-07,Deposit,1213.5,5632.07,Auto,19279.31,4.37,Approved,Visa,1567.97,Praise,Resolved,1,2023,10,October,2013,10.1,36-45
2723,26,Other,Charlotte,Current,1368.69,2016-07-23,2023-04-11,Withdrawal,1762.55,3131.24,Mortgage,21147.25,5.1,Approved,MasterCard,2993.96,Suggestion,Pending,1,2023,4,April,2016,6.7,26-35
2724,50,Female,Jacksonville,Savings,8042.44,2001-11-24,2023-06-02,Withdrawal,1033.54,7008.9,Auto,1736.65,6.37,Rejected,AMEX,3179.41,Complaint,Resolved,1,2023,6,June,2001,21.5,46-55
2725,40,Male,Oklahoma City,Current,9202.96,2021-09-27,2023-04-28,Transfer,564.05,8638.91,Auto,26824.69,4.59,Rejected,MasterCard,4297.48,Complaint,Pending,1,2023,4,April,2021,1.6,36-45
2726,52,Other,El Paso,Current,5637.19,2019-08-30,2023-08-27,Deposit,3783.46,1853.73,Mortgage,7438.65,6.59,Closed,AMEX,4125.84,Complaint,Pending,1,2023,8,August,2019,4.0,46-55
2727,37,Male,New York,Current,9665.22,2008-01-25,2023-01-17,Deposit,1207.92,8457.3,Auto,36084.03,5.19,Approved,MasterCard,2751.65,Suggestion,Pending,1,2023,1,January,2008,15.0,36-45
2728,50,Male,Los Angeles,Savings,3964.76,2002-10-20,2023-05-12,Withdrawal,1844.17,5808.93,Auto,39199.76,6.92,Approved,MasterCard,1988.85,Suggestion,Pending,1,2023,5,May,2002,20.6,46-55
2729,52,Other,Denver,Current,2521.56,2022-07-02,2023-09-08,Deposit,1245.96,1275.6,Personal,36414.29,3.36,Rejected,MasterCard,1055.23,Complaint,Resolved,1,2023,9,September,2022,1.2,46-55
2730,63,Female,Columbus,Savings,1855.24,2002-02-10,2023-03-26,Deposit,228.69,2083.93,Auto,27785.57,2.54,Approved,AMEX,3088.68,Praise,Pending,1,2023,3,March,2002,21.1,56-65
2731,47,Other,San Diego,Current,4841.74,2015-01-25,2023-07-31,Withdrawal,3647.66,8489.4,Mortgage,27176.65,1.12,Approved,MasterCard,2728.62,Suggestion,Pending,1,2023,7,July,2015,8.5,46-55
2732,63,Other,Kansas City,Savings,1394.39,2022-04-05,2023-12-31,Withdrawal,3220.22,-1825.83,Auto,32681.14,6.42,Rejected,AMEX,187.83,Praise,Resolved,1,2023,12,December,2022,1.7,56-65
2733,47,Female,Fort Worth,Savings,8770.33,2017-09-11,2023-04-15,Withdrawal,2385.87,6384.46,Personal,28180.34,9.83,Rejected,AMEX,186.88,Praise,Resolved,1,2023,4,April,2017,5.6,46-55
2734,39,Other,Detroit,Current,7869.18,2011-10-24,2023-12-03,Withdrawal,3374.94,11244.12,Personal,37764.25,4.78,Approved,Visa,750.38,Praise,Pending,1,2023,12,December,2011,12.1,36-45
2735,62,Male,Portland,Savings,5664.97,2010-05-31,2023-04-09,Withdrawal,4234.03,9899.0,Personal,44831.86,2.91,Closed,AMEX,3586.48,Complaint,Resolved,1,2023,4,April,2010,12.9,56-65
2736,18,Female,Memphis,Current,7242.48,2005-02-20,2023-02-10,Withdrawal,3096.13,10338.61,Mortgage,27270.35,1.12,Rejected,Visa,4296.23,Complaint,Resolved,1,2023,2,February,2005,18.0,18-25
2737,32,Other,Charlotte,Current,594.9,2003-04-08,2023-03-01,Deposit,4534.86,5129.76,Personal,6406.74,5.62,Rejected,Visa,127.73,Praise,Resolved,1,2023,3,March,2003,19.9,26-35
2738,42,Male,New York,Current,2114.83,2004-06-03,2023-03-28,Withdrawal,1015.46,1099.37,Auto,7420.61,9.93,Closed,Visa,4091.01,Suggestion,Resolved,1,2023,3,March,2004,18.8,36-45
2739,37,Female,Louisville,Current,6250.0,2006-10-02,2023-02-12,Transfer,4417.95,10667.95,Auto,19420.0,9.85,Approved,MasterCard,2326.88,Complaint,Resolved,1,2023,2,February,2006,16.4,36-45
2740,24,Other,Chicago,Current,4826.95,2008-09-22,2023-11-04,Deposit,2712.26,7539.21,Auto,25318.34,1.91,Approved,AMEX,2006.1,Complaint,Pending,1,2023,11,November,2008,15.1,18-25
2741,33,Female,Seattle,Current,6085.77,2018-06-24,2023-01-21,Transfer,4209.71,1876.06,Auto,12027.47,8.35,Closed,Visa,2723.38,Complaint,Pending,1,2023,1,January,2018,4.6,26-35
2742,69,Male,Fresno,Savings,980.79,2005-06-21,2023-06-01,Withdrawal,3721.61,-2740.82,Mortgage,23184.76,2.56,Closed,AMEX,4684.94,Complaint,Resolved,1,2023,6,June,2005,17.9,65+
2743,40,Male,Albuquerque,Savings,6558.98,2014-10-20,2023-05-02,Withdrawal,297.62,6856.6,Mortgage,7650.96,8.28,Closed,MasterCard,2844.44,Suggestion,Resolved,1,2023,5,May,2014,8.5,36-45
2744,38,Female,Memphis,Current,8055.8,2021-04-14,2023-06-21,Deposit,4190.6,3865.2,Auto,12800.67,8.68,Rejected,Visa,522.9,Suggestion,Pending,1,2023,6,June,2021,2.2,36-45
2745,18,Male,Boston,Savings,5508.12,2006-11-13,2023-07-30,Withdrawal,1693.07,7201.19,Auto,36963.99,1.07,Rejected,Visa,2358.87,Complaint,Pending,1,2023,7,July,2006,16.7,18-25
2746,64,Male,Detroit,Current,3638.33,2002-09-29,2023-05-13,Deposit,2121.44,1516.89,Personal,49292.95,3.14,Rejected,Visa,4889.23,Suggestion,Resolved,1,2023,5,May,2002,20.6,56-65
2747,37,Female,Colorado Springs,Current,1829.01,2000-05-28,2023-10-27,Deposit,65.26,1894.27,Mortgage,10123.95,1.51,Closed,Visa,816.59,Complaint,Pending,-1,2023,10,October,2000,23.4,36-45
2748,64,Female,San Diego,Savings,2727.01,2005-03-16,2023-08-07,Withdrawal,3796.02,6523.03,Auto,17615.73,5.49,Closed,Visa,2310.9,Complaint,Resolved,1,2023,8,August,2005,18.4,56-65
2749,36,Other,Denver,Savings,5273.08,2016-01-11,2023-11-30,Deposit,2340.12,7613.2,Personal,18183.65,1.24,Approved,MasterCard,3485.35,Praise,Resolved,1,2023,11,November,2016,7.9,36-45
2750,23,Other,Washington,Current,2629.63,2004-10-06,2023-03-06,Deposit,4698.7,7328.33,Mortgage,11942.98,6.63,Closed,Visa,1824.88,Suggestion,Resolved,1,2023,3,March,2004,18.4,18-25
2751,55,Female,Memphis,Current,7801.66,2011-08-28,2023-06-08,Deposit,1412.18,6389.48,Auto,10998.79,6.02,Approved,Visa,3845.33,Praise,Pending,1,2023,6,June,2011,11.8,46-55
2752,49,Male,Tucson,Current,1404.24,2016-08-20,2023-10-28,Withdrawal,2485.4,-1081.16,Personal,7453.02,4.41,Rejected,Visa,1060.82,Praise,Resolved,1,2023,10,October,2016,7.2,46-55
2753,18,Male,Kansas City,Current,5212.6,2008-04-11,2023-04-24,Deposit,2061.56,7274.16,Mortgage,45468.22,5.16,Approved,Visa,467.76,Suggestion,Pending,1,2023,4,April,2008,15.0,18-25
2754,47,Female,Sacramento,Savings,5010.07,2015-04-09,2023-03-15,Transfer,3962.63,1047.44,Mortgage,32819.25,9.91,Closed,MasterCard,1645.38,Complaint,Pending,1,2023,3,March,2015,7.9,46-55
2755,33,Female,Chicago,Savings,1475.03,2015-12-07,2023-11-07,Deposit,2682.86,4157.89,Mortgage,15232.93,2.51,Rejected,AMEX,4343.04,Complaint,Pending,1,2023,11,November,2015,7.9,26-35
2756,44,Female,Denver,Current,9950.38,2020-10-27,2023-03-01,Deposit,2304.79,7645.59,Auto,13646.63,7.58,Approved,MasterCard,3571.11,Suggestion,Resolved,1,2023,3,March,2020,2.3,36-45
2757,35,Male,Jacksonville,Savings,8249.04,2022-01-21,2023-09-11,Withdrawal,4734.63,12983.67,Mortgage,29896.43,6.81,Approved,MasterCard,4915.19,Praise,Resolved,1,2023,9,September,2022,1.6,26-35
2758,30,Other,Portland,Savings,3926.67,2001-12-01,2023-08-31,Deposit,1895.94,5822.61,Auto,35163.9,6.97,Approved,MasterCard,1649.02,Complaint,Pending,1,2023,8,August,2001,21.7,26-35
2759,61,Other,Charlotte,Savings,6880.57,2018-11-17,2023-04-25,Withdrawal,2455.19,4425.38,Auto,13397.42,4.11,Approved,Visa,2512.18,Praise,Resolved,1,2023,4,April,2018,4.4,56-65
2760,67,Male,Austin,Savings,7194.15,2021-07-22,2023-10-22,Deposit,2775.16,9969.31,Mortgage,18010.98,2.95,Rejected,AMEX,2116.88,Praise,Resolved,1,2023,10,October,2021,2.3,65+
2761,45,Other,Detroit,Current,6546.37,2014-07-25,2023-04-14,Transfer,278.79,6267.58,Auto,15240.0,6.86,Rejected,Visa,2436.49,Praise,Resolved,1,2023,4,April,2014,8.7,36-45
2762,27,Female,Las Vegas,Current,4381.59,2014-08-19,2023-02-17,Withdrawal,2637.3,7018.89,Auto,5297.71,9.21,Closed,Visa,708.36,Suggestion,Resolved,1,2023,2,February,2014,8.5,26-35
2763,31,Female,San Jose,Current,8862.6,2001-08-03,2023-03-21,Transfer,1685.64,7176.96,Personal,19939.89,9.78,Rejected,MasterCard,985.78,Praise,Pending,1,2023,3,March,2001,21.6,26-35
2764,69,Male,Albuquerque,Savings,7738.36,2016-02-24,2023-01-27,Deposit,3254.73,4483.63,Mortgage,27146.95,5.33,Closed,Visa,2502.94,Complaint,Pending,1,2023,1,January,2016,6.9,65+
2765,46,Male,Atlanta,Savings,5466.0,2003-06-23,2023-09-29,Transfer,3221.69,8687.69,Personal,33112.95,4.83,Closed,MasterCard,4840.93,Complaint,Resolved,1,2023,9,September,2003,20.3,46-55
2766,28,Female,Houston,Current,125.37,2015-06-14,2023-08-21,Deposit,3559.38,3684.75,Personal,21420.1,4.14,Rejected,AMEX,4723.33,Praise,Resolved,1,2023,8,August,2015,8.2,26-35
2767,67,Female,San Jose,Current,2311.4,2018-07-09,2023-09-11,Deposit,2001.76,4313.16,Mortgage,49185.14,8.29,Closed,AMEX,469.97,Suggestion,Pending,1,2023,9,September,2018,5.2,65+
2768,44,Male,Dallas,Current,5137.37,2019-11-14,2023-12-31,Deposit,532.89,5670.26,Auto,31666.05,3.3,Rejected,AMEX,2913.49,Praise,Pending,1,2023,12,December,2019,4.1,36-45
2769,61,Male,Fresno,Current,8999.4,2013-12-02,2023-12-13,Deposit,2201.37,6798.03,Personal,44442.64,5.62,Approved,AMEX,3101.38,Praise,Pending,1,2023,12,December,2013,10.0,56-65
2770,34,Female,Atlanta,Savings,6323.35,2004-01-25,2023-05-17,Deposit,2765.41,9088.76,Auto,45883.4,4.11,Closed,AMEX,3179.66,Praise,Pending,1,2023,5,May,2004,19.3,26-35
2771,20,Female,San Antonio,Current,4236.84,2009-03-16,2023-06-02,Deposit,134.0,4102.84,Auto,41248.57,8.88,Rejected,MasterCard,3210.26,Complaint,Resolved,-1,2023,6,June,2009,14.2,18-25
2772,48,Other,New York,Current,574.33,2003-07-19,2023-12-10,Withdrawal,2741.34,-2167.01,Personal,14229.29,3.54,Approved,AMEX,307.32,Suggestion,Resolved,1,2023,12,December,2003,20.4,46-55
2773,38,Other,Fort Worth,Current,6013.07,2005-12-31,2023-02-27,Deposit,2002.39,4010.68,Auto,22132.58,7.18,Closed,Visa,2536.42,Praise,Pending,1,2023,2,February,2005,17.2,36-45
2774,50,Female,Nashville,Savings,3572.45,2019-11-01,2023-08-08,Deposit,2397.5,5969.95,Mortgage,1018.87,6.3,Approved,AMEX,11.29,Suggestion,Resolved,1,2023,8,August,2019,3.8,46-55
2775,18,Male,Austin,Savings,5420.03,2017-01-24,2023-01-18,Deposit,1523.65,3896.38,Personal,23118.94,3.96,Approved,MasterCard,4590.27,Suggestion,Pending,1,2023,1,January,2017,6.0,18-25
2776,23,Other,Columbus,Current,7687.77,2022-02-02,2023-03-31,Transfer,2465.78,5221.99,Auto,15393.88,3.29,Approved,AMEX,84.52,Praise,Resolved,1,2023,3,March,2022,1.2,18-25
2777,68,Other,Fresno,Savings,8057.03,2008-05-03,2023-11-26,Transfer,4410.38,12467.41,Personal,6482.91,8.23,Rejected,AMEX,3886.68,Praise,Pending,-1,2023,11,November,2008,15.6,65+
2778,21,Female,Fresno,Savings,8656.35,2008-12-09,2023-06-26,Withdrawal,3941.37,4714.98,Personal,42090.8,5.59,Approved,Visa,1200.77,Complaint,Resolved,1,2023,6,June,2008,14.5,18-25
2779,39,Male,Boston,Current,6396.86,2015-08-12,2023-02-13,Transfer,3084.06,3312.8,Mortgage,33998.9,6.5,Approved,MasterCard,2931.95,Praise,Pending,1,2023,2,February,2015,7.5,36-45
2780,30,Male,Houston,Current,9065.62,2016-03-14,2023-07-22,Withdrawal,3136.62,12202.24,Auto,49956.07,9.66,Approved,AMEX,2257.5,Complaint,Pending,1,2023,7,July,2016,7.4,26-35
2781,61,Female,Detroit,Savings,6937.22,2017-02-11,2023-04-20,Deposit,4478.0,11415.22,Mortgage,25421.03,4.58,Approved,MasterCard,2719.12,Praise,Resolved,1,2023,4,April,2017,6.2,56-65
2782,47,Male,Indianapolis,Current,7860.75,2018-06-25,2023-07-12,Deposit,2403.68,5457.07,Personal,17204.6,8.33,Approved,Visa,3006.0,Suggestion,Resolved,1,2023,7,July,2018,5.0,46-55
2783,57,Female,Jacksonville,Savings,6886.27,2001-05-25,2023-12-03,Withdrawal,2701.34,4184.93,Auto,13926.76,6.75,Closed,MasterCard,4916.18,Complaint,Pending,1,2023,12,December,2001,22.5,56-65
2784,69,Male,Los Angeles,Savings,8731.45,2006-06-26,2023-05-08,Withdrawal,4302.29,13033.74,Personal,22332.69,6.34,Approved,Visa,3907.58,Suggestion,Pending,1,2023,5,May,2006,16.9,65+
2785,43,Female,Sacramento,Savings,2306.61,2004-02-08,2023-01-10,Withdrawal,3776.04,-1469.43,Auto,16183.74,1.49,Closed,AMEX,4007.86,Complaint,Resolved,1,2023,1,January,2004,18.9,36-45
2786,56,Male,Denver,Savings,7622.88,2017-08-08,2023-11-15,Deposit,2170.98,9793.86,Mortgage,49547.17,9.21,Closed,AMEX,4484.03,Complaint,Pending,1,2023,11,November,2017,6.3,56-65
2787,56,Female,Philadelphia,Current,1259.85,2019-01-19,2023-04-04,Transfer,1533.26,-273.41,Personal,9956.9,3.06,Closed,Visa,4554.33,Praise,Resolved,1,2023,4,April,2019,4.2,56-65
2788,24,Female,Denver,Current,1010.74,2020-08-01,2023-10-29,Deposit,2593.92,3604.66,Auto,1937.36,5.26,Approved,MasterCard,4266.05,Suggestion,Pending,-1,2023,10,October,2020,3.2,18-25
2789,31,Male,San Diego,Current,4967.06,2002-05-05,2023-08-13,Withdrawal,611.85,5578.91,Mortgage,7369.98,7.77,Approved,MasterCard,3747.67,Praise,Resolved,1,2023,8,August,2002,21.3,26-35
2790,43,Female,Columbus,Current,3072.35,2005-05-04,2023-09-15,Deposit,3405.39,-333.04,Mortgage,44685.08,5.7,Approved,AMEX,3.65,Suggestion,Pending,1,2023,9,September,2005,18.4,36-45
2791,35,Other,Jacksonville,Savings,5677.25,2011-01-10,2023-08-12,Deposit,2327.59,8004.84,Personal,35002.04,1.04,Closed,AMEX,3008.05,Complaint,Resolved,1,2023,8,August,2011,12.6,26-35
2792,68,Male,Chicago,Savings,6809.57,2009-01-29,2023-09-16,Deposit,2978.99,9788.56,Mortgage,39414.64,9.54,Approved,MasterCard,330.74,Suggestion,Resolved,1,2023,9,September,2009,14.6,65+
2793,41,Female,Kansas City,Savings,2342.97,2000-12-27,2023-02-05,Transfer,4232.53,-1889.56,Auto,16703.11,1.18,Rejected,AMEX,61.67,Suggestion,Resolved,1,2023,2,February,2000,22.1,36-45
2794,69,Male,Memphis,Savings,7029.27,2014-12-08,2023-09-18,Transfer,1788.04,5241.23,Personal,31512.47,1.81,Rejected,MasterCard,101.14,Suggestion,Resolved,-1,2023,9,September,2014,8.8,65+
2795,68,Male,Charlotte,Current,9955.05,2012-10-12,2023-10-03,Deposit,2490.87,12445.92,Personal,35687.03,3.02,Closed,AMEX,4671.36,Suggestion,Resolved,1,2023,10,October,2012,11.0,65+
2796,42,Female,El Paso,Savings,7623.55,2009-02-15,2023-09-16,Deposit,2782.9,10406.45,Auto,16994.39,6.39,Rejected,Visa,1434.01,Suggestion,Resolved,1,2023,9,September,2009,14.6,36-45
2797,67,Other,El Paso,Savings,1820.49,2012-01-14,2023-09-16,Withdrawal,1408.07,412.42,Mortgage,36501.86,9.74,Rejected,MasterCard,2846.75,Suggestion,Resolved,1,2023,9,September,2012,11.7,65+
2798,49,Male,Seattle,Current,6373.58,2013-11-16,2023-12-22,Deposit,1381.43,7755.01,Auto,31853.28,9.3,Approved,Visa,952.21,Praise,Pending,1,2023,12,December,2013,10.1,46-55
2799,23,Other,Denver,Current,193.9,2007-02-09,2023-11-22,Transfer,2635.85,2829.75,Auto,15515.52,6.86,Rejected,MasterCard,3785.36,Praise,Resolved,1,2023,11,November,2007,16.8,18-25
2800,33,Other,Louisville,Savings,4750.21,2013-12-08,2023-08-16,Transfer,1293.24,6043.45,Personal,3589.94,7.68,Closed,Visa,4038.93,Complaint,Pending,1,2023,8,August,2013,9.7,26-35
2801,20,Female,Detroit,Savings,5379.73,2020-04-06,2023-03-29,Deposit,4307.4,9687.13,Personal,12655.38,7.41,Approved,Visa,1769.31,Complaint,Resolved,1,2023,3,March,2020,3.0,18-25
2802,38,Female,Jacksonville,Current,9726.54,2012-11-22,2023-10-30,Transfer,4974.43,14700.97,Auto,31357.27,7.18,Rejected,AMEX,56.35,Complaint,Resolved,1,2023,10,October,2012,10.9,36-45
2803,49,Male,Houston,Current,7398.33,2011-02-18,2023-04-12,Transfer,1062.15,8460.48,Mortgage,30352.5,8.31,Approved,MasterCard,3179.34,Praise,Resolved,1,2023,4,April,2011,12.1,46-55
2804,19,Female,Los Angeles,Current,7089.01,2010-12-06,2023-10-20,Transfer,2880.54,4208.47,Personal,25874.81,4.06,Rejected,AMEX,4373.0,Suggestion,Resolved,1,2023,10,October,2010,12.9,18-25
2805,64,Male,Chicago,Savings,5370.81,2019-02-12,2023-01-08,Deposit,735.44,4635.37,Auto,13322.28,2.99,Approved,MasterCard,637.82,Suggestion,Pending,1,2023,1,January,2019,3.9,56-65
2806,37,Male,San Antonio,Savings,5180.44,2022-01-11,2023-04-12,Withdrawal,936.0,4244.44,Personal,22782.3,4.13,Rejected,Visa,3508.61,Praise,Resolved,1,2023,4,April,2022,1.2,36-45
2807,28,Other,Indianapolis,Savings,9921.62,2007-10-17,2023-04-23,Transfer,3832.19,13753.81,Mortgage,8058.14,1.44,Approved,MasterCard,1333.07,Praise,Resolved,1,2023,4,April,2007,15.5,26-35
2808,68,Female,Milwaukee,Current,310.55,2004-08-22,2023-07-27,Withdrawal,1006.4,-695.85,Personal,33456.76,9.7,Closed,AMEX,2178.03,Complaint,Pending,1,2023,7,July,2004,18.9,65+
2809,35,Female,Jacksonville,Current,3101.74,2020-03-14,2023-12-29,Deposit,3747.52,-645.78,Mortgage,43588.84,7.66,Rejected,AMEX,1668.71,Complaint,Pending,1,2023,12,December,2020,3.8,26-35
2810,28,Male,Denver,Current,1424.46,2001-05-13,2023-02-14,Withdrawal,2026.1,3450.56,Mortgage,23720.61,2.92,Closed,MasterCard,4532.66,Suggestion,Pending,1,2023,2,February,2001,21.8,26-35
2811,52,Other,Louisville,Savings,3218.22,2004-08-07,2023-01-10,Withdrawal,2402.5,815.72,Auto,11436.88,3.3,Rejected,Visa,1499.66,Praise,Resolved,-1,2023,1,January,2004,18.4,46-55
2812,53,Female,San Francisco,Savings,4689.84,2020-02-17,2023-12-08,Withdrawal,1304.46,3385.38,Auto,41566.43,9.93,Closed,AMEX,4798.14,Suggestion,Resolved,1,2023,12,December,2020,3.8,46-55
2813,55,Other,Louisville,Current,3485.13,2000-09-05,2023-08-20,Deposit,2749.42,735.71,Mortgage,16340.89,7.91,Approved,MasterCard,576.08,Suggestion,Pending,1,2023,8,August,2000,23.0,46-55
2814,29,Other,Denver,Current,9630.78,2001-10-20,2023-08-21,Deposit,1664.46,7966.32,Personal,30104.41,4.83,Rejected,Visa,4615.48,Praise,Resolved,1,2023,8,August,2001,21.8,26-35
2815,48,Male,Atlanta,Current,6837.82,2013-01-22,2023-12-09,Deposit,881.09,7718.91,Auto,4695.65,2.86,Approved,AMEX,3304.33,Praise,Pending,1,2023,12,December,2013,10.9,46-55
2816,53,Female,El Paso,Savings,7307.64,2001-11-19,2023-06-18,Deposit,703.97,8011.61,Mortgage,36178.93,1.36,Rejected,AMEX,1331.17,Suggestion,Resolved,1,2023,6,June,2001,21.6,46-55
2817,47,Female,Oklahoma City,Savings,7448.69,2022-05-04,2023-09-25,Transfer,4998.29,12446.98,Personal,23572.91,7.02,Rejected,Visa,129.56,Praise,Pending,1,2023,9,September,2022,1.4,46-55
2818,61,Female,San Jose,Current,9002.35,2004-08-26,2023-08-25,Deposit,1734.71,7267.64,Personal,21744.08,8.02,Closed,MasterCard,752.47,Complaint,Pending,-1,2023,8,August,2004,19.0,56-65
2819,21,Other,San Jose,Current,7703.39,2000-08-11,2023-09-21,Withdrawal,4026.57,3676.82,Auto,46806.99,1.97,Rejected,Visa,4652.1,Complaint,Resolved,1,2023,9,September,2000,23.1,18-25
2820,19,Female,Austin,Savings,260.43,2004-10-25,2023-10-28,Withdrawal,1713.51,1973.94,Personal,25082.99,1.02,Closed,Visa,2494.21,Praise,Resolved,1,2023,10,October,2004,19.0,18-25
2821,61,Male,Charlotte,Current,2687.82,2010-06-12,2023-03-29,Deposit,3118.57,-430.75,Auto,1820.78,4.22,Rejected,Visa,2885.83,Praise,Pending,1,2023,3,March,2010,12.8,56-65
2822,30,Other,San Francisco,Current,9892.13,2000-02-23,2023-06-03,Transfer,4207.4,14099.53,Personal,48031.22,7.01,Rejected,MasterCard,4145.62,Complaint,Resolved,1,2023,6,June,2000,23.3,26-35
2823,43,Female,Louisville,Current,6556.03,2015-07-25,2023-12-08,Transfer,3483.21,10039.24,Personal,1598.43,9.31,Rejected,MasterCard,3120.41,Complaint,Resolved,1,2023,12,December,2015,8.4,36-45
2824,46,Other,Denver,Savings,774.37,2001-11-30,2023-04-17,Deposit,354.69,1129.06,Mortgage,27257.6,8.92,Closed,MasterCard,1003.75,Praise,Pending,1,2023,4,April,2001,21.4,46-55
2825,65,Other,Houston,Savings,4719.72,2018-02-20,2023-08-05,Transfer,971.95,3747.77,Personal,32046.25,7.2,Closed,Visa,2865.12,Complaint,Pending,1,2023,8,August,2018,5.5,56-65
2826,53,Other,Washington,Savings,9810.26,2001-08-08,2023-06-08,Withdrawal,4369.18,14179.44,Personal,44829.72,8.33,Closed,AMEX,3277.18,Suggestion,Resolved,1,2023,6,June,2001,21.8,46-55
2827,45,Male,Washington,Savings,9929.1,2009-03-25,2023-11-08,Transfer,2361.4,12290.5,Personal,34281.41,4.2,Approved,AMEX,1187.48,Praise,Resolved,1,2023,11,November,2009,14.6,36-45
2828,25,Female,Atlanta,Savings,4381.22,2012-01-02,2023-12-20,Transfer,2996.36,1384.86,Auto,40745.51,3.21,Rejected,MasterCard,4658.2,Complaint,Pending,1,2023,12,December,2012,12.0,18-25
2829,22,Female,Colorado Springs,Savings,8941.22,2003-12-22,2023-02-06,Deposit,132.02,9073.24,Mortgage,38726.21,2.12,Approved,AMEX,884.52,Praise,Resolved,1,2023,2,February,2003,19.1,18-25
2830,49,Other,Fresno,Savings,5960.72,2000-11-06,2023-03-13,Withdrawal,2441.71,8402.43,Mortgage,11463.21,2.63,Closed,AMEX,3560.09,Praise,Resolved,1,2023,3,March,2000,22.3,46-55
2831,47,Female,Tucson,Current,5143.35,2006-11-10,2023-05-01,Transfer,2159.97,2983.38,Personal,35322.94,9.67,Approved,MasterCard,4531.73,Complaint,Resolved,1,2023,5,May,2006,16.5,46-55
2832,31,Other,Omaha,Current,4178.23,2003-01-27,2023-06-21,Transfer,3434.12,7612.35,Mortgage,32241.53,9.37,Rejected,MasterCard,1650.61,Complaint,Pending,1,2023,6,June,2003,20.4,26-35
2833,64,Other,Tucson,Savings,8932.09,2000-12-07,2023-08-15,Withdrawal,1379.49,10311.58,Personal,12954.57,1.42,Closed,Visa,4256.83,Suggestion,Resolved,1,2023,8,August,2000,22.7,56-65
2834,60,Other,Fort Worth,Current,6249.15,2014-11-06,2023-08-05,Transfer,3722.02,9971.17,Auto,7288.22,5.23,Rejected,Visa,2952.73,Complaint,Resolved,1,2023,8,August,2014,8.7,56-65
2835,27,Male,Los Angeles,Savings,3404.6,2018-11-16,2023-04-05,Withdrawal,3357.77,6762.37,Personal,37830.33,4.36,Closed,MasterCard,1522.16,Praise,Pending,-1,2023,4,April,2018,4.4,26-35
2836,27,Female,Louisville,Savings,4970.13,2019-02-25,2023-06-26,Transfer,2553.46,7523.59,Personal,48585.19,6.87,Approved,AMEX,3657.87,Praise,Resolved,1,2023,6,June,2019,4.3,26-35
2837,23,Other,Jacksonville,Savings,4496.38,2004-09-06,2023-03-28,Deposit,1884.5,2611.88,Personal,37183.85,3.96,Closed,AMEX,2065.03,Praise,Pending,1,2023,3,March,2004,18.6,18-25
2838,33,Female,Washington,Current,4566.43,2004-05-01,2023-04-12,Transfer,1516.94,6083.37,Personal,37723.04,3.53,Closed,AMEX,1009.63,Praise,Resolved,1,2023,4,April,2004,18.9,26-35
2839,43,Male,San Francisco,Savings,3184.94,2016-11-21,2023-11-20,Transfer,2680.15,504.79,Auto,9168.52,8.28,Closed,MasterCard,4585.0,Praise,Pending,1,2023,11,November,2016,7.0,36-45
2840,38,Male,Detroit,Current,6366.28,2018-07-29,2023-12-22,Transfer,2888.35,9254.63,Mortgage,13105.71,9.52,Closed,Visa,2521.95,Complaint,Resolved,1,2023,12,December,2018,5.4,36-45
2841,53,Other,Chicago,Savings,617.15,2003-03-14,2023-05-07,Withdrawal,2246.18,-1629.03,Personal,29702.37,2.83,Rejected,AMEX,3966.04,Complaint,Resolved,1,2023,5,May,2003,20.1,46-55
2842,58,Male,San Antonio,Current,8873.02,2022-10-28,2023-03-11,Withdrawal,1609.67,10482.69,Mortgage,2540.11,3.12,Approved,Visa,4731.8,Praise,Pending,1,2023,3,March,2022,0.4,56-65
2843,59,Male,San Diego,Savings,4212.43,2017-04-11,2023-08-11,Deposit,4400.7,-188.27,Personal,33728.22,4.77,Rejected,Visa,3670.4,Suggestion,Pending,1,2023,8,August,2017,6.3,56-65
2844,47,Male,Oklahoma City,Current,8028.54,2002-12-02,2023-09-17,Deposit,1557.96,6470.58,Mortgage,8095.75,7.36,Approved,AMEX,2348.87,Praise,Resolved,1,2023,9,September,2002,20.8,46-55
2845,22,Male,Fort Worth,Savings,7321.97,2002-08-29,2023-10-04,Deposit,3364.11,10686.08,Auto,21256.42,2.5,Approved,Visa,4286.37,Praise,Resolved,1,2023,10,October,2002,21.1,18-25
2846,27,Male,Sacramento,Current,4771.33,2019-08-31,2023-10-25,Deposit,4525.08,246.25,Mortgage,16689.22,5.21,Rejected,Visa,2943.15,Suggestion,Pending,1,2023,10,October,2019,4.2,26-35
2847,65,Male,San Francisco,Current,2067.23,2011-05-16,2023-03-25,Deposit,3237.78,5305.01,Mortgage,6216.32,8.57,Rejected,Visa,502.59,Suggestion,Pending,1,2023,3,March,2011,11.9,56-65
2848,48,Female,Louisville,Current,5665.9,2022-10-16,2023-05-14,Withdrawal,1835.96,3829.94,Auto,29359.8,3.11,Rejected,Visa,3058.61,Praise,Pending,1,2023,5,May,2022,0.6,46-55
2849,28,Male,Jacksonville,Savings,9485.92,2003-06-20,2023-09-12,Deposit,1493.07,7992.85,Mortgage,18701.05,1.43,Approved,MasterCard,26.94,Suggestion,Pending,1,2023,9,September,2003,20.2,26-35
2850,55,Female,Washington,Current,1939.15,2000-07-28,2023-01-11,Transfer,4268.47,-2329.32,Personal,3155.26,9.16,Approved,Visa,4878.73,Complaint,Resolved,1,2023,1,January,2000,22.5,46-55
2851,24,Other,Kansas City,Savings,2634.52,2011-11-16,2023-07-29,Deposit,2454.88,5089.4,Personal,22776.58,8.09,Rejected,AMEX,2604.03,Praise,Pending,1,2023,7,July,2011,11.7,18-25
2852,29,Male,Tucson,Savings,9930.75,2017-11-13,2023-03-14,Deposit,2970.91,6959.84,Auto,29922.68,7.29,Closed,Visa,461.09,Praise,Pending,1,2023,3,March,2017,5.3,26-35
2853,62,Male,Washington,Current,8936.45,2017-05-29,2023-05-20,Deposit,2985.54,11921.99,Auto,7390.3,1.79,Closed,MasterCard,1497.71,Suggestion,Resolved,1,2023,5,May,2017,6.0,56-65
2854,66,Female,Atlanta,Current,5540.54,2019-11-14,2023-10-14,Deposit,2673.67,8214.21,Auto,29664.7,9.09,Closed,AMEX,3293.88,Complaint,Resolved,1,2023,10,October,2019,3.9,65+
2855,58,Male,San Jose,Current,6977.94,2009-08-21,2023-06-08,Withdrawal,4657.32,2320.62,Personal,15799.18,3.75,Approved,Visa,1443.96,Suggestion,Pending,1,2023,6,June,2009,13.8,56-65
2856,25,Female,Portland,Current,4486.32,2020-01-19,2023-06-20,Deposit,4655.86,-169.54,Mortgage,13722.76,2.9,Approved,MasterCard,2104.79,Complaint,Pending,1,2023,6,June,2020,3.4,18-25
2857,45,Female,Charlotte,Savings,4100.52,2009-06-11,2023-07-05,Withdrawal,211.7,3888.82,Auto,39978.68,5.39,Closed,MasterCard,1494.27,Complaint,Pending,1,2023,7,July,2009,14.1,36-45
2858,33,Male,Washington,Current,4487.56,2005-11-01,2023-02-19,Deposit,2533.27,1954.29,Personal,23919.34,9.31,Closed,MasterCard,3144.92,Praise,Pending,1,2023,2,February,2005,17.3,26-35
2859,20,Other,Baltimore,Current,4202.72,2016-10-10,2023-09-04,Withdrawal,2832.18,7034.9,Mortgage,19518.23,9.95,Rejected,MasterCard,1420.47,Complaint,Pending,1,2023,9,September,2016,6.9,18-25
2860,54,Other,Omaha,Savings,6787.99,2004-08-22,2023-12-20,Deposit,4628.54,11416.53,Personal,40838.1,6.53,Rejected,AMEX,4065.24,Praise,Resolved,1,2023,12,December,2004,19.3,46-55
2861,49,Other,Atlanta,Current,3371.52,2004-02-18,2023-07-27,Transfer,357.59,3729.11,Mortgage,45606.87,9.6,Closed,AMEX,3623.03,Complaint,Resolved,1,2023,7,July,2004,19.4,46-55
2862,38,Female,Fresno,Savings,1790.69,2017-01-16,2023-02-10,Withdrawal,3947.48,-2156.79,Auto,16439.1,5.08,Closed,MasterCard,1626.32,Complaint,Resolved,1,2023,2,February,2017,6.1,36-45
2863,62,Female,Fresno,Current,7095.02,2019-01-05,2023-04-22,Withdrawal,3215.67,3879.35,Auto,3469.51,1.27,Closed,AMEX,3122.25,Suggestion,Pending,1,2023,4,April,2019,4.3,56-65
2864,35,Male,Sacramento,Current,409.85,2017-04-04,2023-07-23,Deposit,3665.17,4075.02,Personal,27495.16,3.48,Approved,AMEX,2426.12,Suggestion,Pending,-1,2023,7,July,2017,6.3,26-35
2865,65,Female,Denver,Current,7215.66,2018-05-11,2023-07-24,Withdrawal,1465.61,5750.05,Mortgage,36042.53,3.72,Approved,MasterCard,270.27,Suggestion,Resolved,1,2023,7,July,2018,5.2,56-65
2866,63,Other,San Diego,Current,2706.11,2011-09-14,2023-06-21,Withdrawal,3735.6,6441.71,Personal,29801.75,8.04,Closed,AMEX,2074.79,Complaint,Resolved,1,2023,6,June,2011,11.8,56-65
2867,28,Male,Colorado Springs,Savings,1983.5,2003-05-13,2023-05-07,Withdrawal,1420.53,562.97,Mortgage,34714.73,2.12,Approved,MasterCard,657.38,Complaint,Resolved,1,2023,5,May,2003,20.0,26-35
2868,67,Other,Tucson,Current,3851.67,2011-07-13,2023-03-07,Transfer,3381.58,7233.25,Personal,32689.49,2.57,Approved,AMEX,594.52,Suggestion,Resolved,1,2023,3,March,2011,11.6,65+
2869,25,Male,Louisville,Savings,1263.25,2009-05-11,2023-09-28,Deposit,3937.24,-2673.99,Mortgage,47843.75,6.53,Approved,Visa,798.89,Complaint,Resolved,1,2023,9,September,2009,14.4,18-25
2870,29,Other,Atlanta,Savings,3906.45,2006-09-14,2023-02-03,Transfer,3918.7,-12.25,Auto,43429.98,2.18,Closed,Visa,2142.67,Complaint,Resolved,1,2023,2,February,2006,16.4,26-35
2871,68,Male,Boston,Current,1112.99,2012-01-12,2023-07-17,Transfer,2726.42,3839.41,Personal,7460.33,5.46,Rejected,Visa,4585.88,Complaint,Pending,1,2023,7,July,2012,11.5,65+
2872,69,Other,Mesa,Current,4886.54,2013-01-16,2023-02-13,Deposit,2073.7,2812.84,Mortgage,23177.59,1.32,Approved,AMEX,3857.91,Suggestion,Pending,1,2023,2,February,2013,10.1,65+
2873,19,Female,San Francisco,Current,1844.08,2010-08-19,2023-09-10,Transfer,1225.33,618.75,Personal,23283.66,7.02,Closed,Visa,4266.29,Praise,Resolved,1,2023,9,September,2010,13.1,18-25
2874,58,Other,Las Vegas,Current,1386.97,2016-12-17,2023-06-10,Transfer,177.14,1209.83,Personal,23360.35,9.18,Rejected,AMEX,3679.08,Praise,Pending,1,2023,6,June,2016,6.5,56-65
2875,39,Male,Nashville,Current,5833.19,2002-10-04,2023-12-01,Withdrawal,253.99,6087.18,Mortgage,46604.49,8.87,Closed,Visa,4848.18,Complaint,Resolved,1,2023,12,December,2002,21.2,36-45
2876,26,Other,Los Angeles,Savings,6289.93,2014-04-25,2023-12-21,Withdrawal,2098.39,8388.32,Mortgage,17032.45,1.66,Closed,Visa,3703.67,Complaint,Resolved,1,2023,12,December,2014,9.7,26-35
2877,31,Female,Milwaukee,Savings,154.62,2022-03-03,2023-12-14,Deposit,483.73,-329.11,Personal,31099.38,6.32,Approved,MasterCard,3954.46,Suggestion,Pending,1,2023,12,December,2022,1.8,26-35
2878,32,Male,Tucson,Current,3938.01,2011-02-22,2023-12-28,Deposit,568.7,3369.31,Personal,44919.36,1.93,Closed,Visa,4066.02,Complaint,Pending,1,2023,12,December,2011,12.8,26-35
2879,28,Female,Baltimore,Current,871.77,2010-08-29,2023-04-28,Transfer,981.56,-109.79,Mortgage,3476.39,1.48,Approved,AMEX,3442.54,Complaint,Resolved,1,2023,4,April,2010,12.7,26-35
2880,30,Other,Fort Worth,Savings,7412.58,2018-12-05,2023-10-23,Deposit,2411.72,5000.86,Auto,44049.14,6.49,Rejected,Visa,1020.3,Praise,Resolved,1,2023,10,October,2018,4.9,26-35
2881,45,Male,Fort Worth,Savings,6847.08,2003-10-25,2023-09-19,Deposit,2962.84,3884.24,Personal,38482.99,6.15,Rejected,AMEX,4855.13,Suggestion,Pending,1,2023,9,September,2003,19.9,36-45
2882,42,Other,Las Vegas,Current,592.32,2009-07-05,2023-03-16,Withdrawal,3474.39,-2882.07,Personal,11185.75,1.84,Approved,MasterCard,2404.12,Complaint,Resolved,1,2023,3,March,2009,13.7,36-45
2883,54,Male,Las Vegas,Savings,9418.38,2002-03-06,2023-01-14,Transfer,2436.24,11854.62,Mortgage,16950.05,4.24,Rejected,AMEX,4146.77,Suggestion,Resolved,1,2023,1,January,2002,20.9,46-55
2884,23,Female,Austin,Current,9603.61,2003-04-18,2023-01-05,Withdrawal,3327.04,12930.65,Personal,16218.75,3.85,Approved,MasterCard,3994.34,Complaint,Pending,1,2023,1,January,2003,19.7,18-25
2885,54,Female,San Jose,Savings,3413.25,2009-02-25,2023-10-28,Withdrawal,4311.92,-898.67,Auto,11844.02,4.08,Approved,MasterCard,2137.69,Praise,Pending,1,2023,10,October,2009,14.7,46-55
2886,50,Female,Portland,Current,1393.06,2013-10-03,2023-07-06,Withdrawal,1877.07,-484.01,Personal,32287.55,4.0,Rejected,MasterCard,4198.02,Praise,Resolved,1,2023,7,July,2013,9.8,46-55
2887,42,Other,San Diego,Current,1232.0,2016-02-18,2023-07-20,Transfer,3444.31,4676.31,Personal,49158.59,8.42,Rejected,MasterCard,1241.64,Praise,Resolved,1,2023,7,July,2016,7.4,36-45
2888,67,Male,Jacksonville,Current,8423.13,2009-03-26,2023-10-26,Transfer,3295.94,11719.07,Personal,9163.98,4.18,Closed,Visa,1772.49,Complaint,Pending,1,2023,10,October,2009,14.6,65+
2889,40,Female,San Diego,Savings,4645.71,2001-02-24,2023-09-08,Transfer,3186.11,7831.82,Auto,12377.25,3.97,Approved,AMEX,1145.11,Suggestion,Pending,1,2023,9,September,2001,22.5,36-45
2890,25,Other,Oklahoma City,Savings,194.13,2006-03-07,2023-06-04,Withdrawal,2921.64,3115.77,Auto,15228.33,1.27,Rejected,Visa,286.49,Complaint,Resolved,1,2023,6,June,2006,17.2,18-25
2891,34,Other,San Diego,Savings,9260.99,2016-08-23,2023-07-16,Deposit,3633.53,12894.52,Auto,46940.98,8.11,Rejected,MasterCard,1174.08,Praise,Resolved,1,2023,7,July,2016,6.9,26-35
2892,48,Male,Dallas,Savings,5968.1,2000-03-02,2023-03-10,Transfer,4094.53,1873.57,Mortgage,31665.26,6.94,Rejected,Visa,3243.05,Complaint,Resolved,1,2023,3,March,2000,23.0,46-55
2893,43,Female,San Antonio,Current,6934.93,2011-03-24,2023-02-17,Deposit,1966.73,4968.2,Mortgage,11420.75,4.07,Closed,MasterCard,3807.92,Suggestion,Pending,1,2023,2,February,2011,11.9,36-45
2894,28,Other,Columbus,Current,8253.18,2012-07-27,2023-09-06,Withdrawal,3277.27,4975.91,Auto,40395.46,5.07,Rejected,MasterCard,1757.07,Suggestion,Resolved,1,2023,9,September,2012,11.1,26-35
2895,47,Female,Louisville,Savings,8203.93,2008-09-13,2023-08-20,Transfer,1250.07,9454.0,Mortgage,46220.76,8.15,Rejected,AMEX,3687.21,Praise,Pending,1,2023,8,August,2008,14.9,46-55
2896,28,Male,Los Angeles,Savings,850.47,2004-03-26,2023-04-21,Deposit,3782.47,4632.94,Mortgage,20768.67,4.1,Approved,Visa,35.26,Suggestion,Pending,1,2023,4,April,2004,19.1,26-35
2897,20,Female,San Diego,Current,5782.52,2016-05-09,2023-11-25,Transfer,4403.16,10185.68,Personal,9468.03,5.26,Rejected,MasterCard,3795.53,Complaint,Pending,1,2023,11,November,2016,7.5,18-25
2898,57,Female,San Jose,Current,6992.82,2020-09-06,2023-10-08,Withdrawal,3809.75,3183.07,Mortgage,16185.91,1.18,Closed,AMEX,4198.75,Praise,Resolved,1,2023,10,October,2020,3.1,56-65
2899,57,Other,Nashville,Savings,947.64,2022-12-01,2023-05-16,Transfer,2460.54,3408.18,Mortgage,11638.62,9.26,Approved,AMEX,4960.06,Complaint,Resolved,1,2023,5,May,2022,0.5,56-65
2900,38,Other,Louisville,Savings,2301.77,2015-05-11,2023-03-19,Withdrawal,675.85,1625.92,Personal,10869.92,4.34,Rejected,MasterCard,4472.34,Complaint,Pending,1,2023,3,March,2015,7.9,36-45
2901,52,Male,Sacramento,Savings,4018.56,2019-10-21,2023-08-19,Withdrawal,4366.78,-348.22,Personal,9368.65,3.67,Approved,AMEX,3456.23,Suggestion,Resolved,1,2023,8,August,2019,3.8,46-55
2902,45,Male,El Paso,Current,8876.6,2003-11-11,2023-09-12,Deposit,4074.96,4801.64,Mortgage,43926.34,6.48,Closed,AMEX,1734.9,Complaint,Pending,1,2023,9,September,2003,19.8,36-45
2903,39,Male,Charlotte,Current,8521.27,2013-04-15,2023-06-09,Withdrawal,3493.04,5028.23,Personal,5208.51,5.74,Closed,Visa,1422.26,Complaint,Resolved,1,2023,6,June,2013,10.1,36-45
2904,59,Other,Los Angeles,Current,7842.82,2017-08-29,2023-03-02,Withdrawal,4258.91,12101.73,Auto,21254.13,4.61,Closed,AMEX,584.63,Praise,Resolved,1,2023,3,March,2017,5.5,56-65
2905,68,Male,Fort Worth,Current,9903.74,2000-07-29,2023-03-28,Transfer,2669.8,7233.94,Personal,1722.02,9.3,Rejected,Visa,1434.42,Praise,Resolved,1,2023,3,March,2000,22.7,65+
2906,63,Male,Mesa,Savings,2502.3,2003-12-25,2023-01-01,Withdrawal,4954.0,7456.3,Mortgage,15376.37,4.27,Rejected,Visa,1526.03,Complaint,Resolved,-1,2023,1,January,2003,19.0,56-65
2907,35,Other,Chicago,Current,4731.37,2013-10-09,2023-04-21,Withdrawal,4186.99,544.38,Mortgage,35639.82,9.99,Closed,MasterCard,3568.61,Complaint,Pending,1,2023,4,April,2013,9.5,26-35
2908,40,Male,Phoenix,Savings,4522.56,2011-05-07,2023-06-08,Withdrawal,826.35,5348.91,Auto,10938.95,8.1,Closed,MasterCard,3631.96,Complaint,Resolved,1,2023,6,June,2011,12.1,36-45
2909,43,Other,Chicago,Current,6821.48,2001-03-16,2023-08-22,Withdrawal,2016.75,4804.73,Mortgage,49937.75,9.13,Rejected,AMEX,2605.2,Praise,Resolved,1,2023,8,August,2001,22.4,36-45
2910,52,Male,Denver,Savings,8516.52,2016-10-03,2023-03-11,Deposit,858.97,7657.55,Personal,3366.66,3.54,Rejected,AMEX,3860.94,Complaint,Resolved,1,2023,3,March,2016,6.4,46-55
2911,46,Other,Los Angeles,Savings,4967.66,2017-10-22,2023-12-30,Transfer,1129.06,3838.6,Auto,7687.7,1.63,Closed,Visa,1710.75,Suggestion,Resolved,1,2023,12,December,2017,6.2,46-55
2912,69,Female,Atlanta,Current,4966.16,2001-10-29,2023-03-22,Transfer,2509.85,2456.31,Mortgage,39557.17,4.77,Closed,MasterCard,2353.71,Praise,Resolved,1,2023,3,March,2001,21.4,65+
2913,63,Other,San Francisco,Savings,6122.35,2016-11-11,2023-07-21,Withdrawal,1813.38,4308.97,Personal,48823.92,3.82,Approved,Visa,241.62,Praise,Resolved,1,2023,7,July,2016,6.7,56-65
2914,28,Other,Columbus,Savings,7450.5,2011-12-25,2023-04-03,Deposit,4549.6,2900.9,Personal,47746.64,1.55,Approved,MasterCard,2682.98,Praise,Resolved,1,2023,4,April,2011,11.3,26-35
2915,59,Other,Louisville,Current,2092.88,2009-12-01,2023-12-28,Deposit,10.58,2082.3,Mortgage,40113.59,1.64,Rejected,MasterCard,1938.24,Suggestion,Pending,1,2023,12,December,2009,14.1,56-65
2916,63,Male,Portland,Savings,9622.41,2011-08-11,2023-03-13,Withdrawal,61.67,9560.74,Mortgage,48676.34,2.57,Closed,Visa,332.58,Complaint,Pending,1,2023,3,March,2011,11.6,56-65
2917,18,Other,Jacksonville,Current,1011.33,2006-11-15,2023-02-26,Withdrawal,4602.63,5613.96,Mortgage,42198.93,4.4,Rejected,MasterCard,464.36,Complaint,Resolved,1,2023,2,February,2006,16.3,18-25
2918,33,Other,Chicago,Current,328.69,2022-01-16,2023-01-11,Transfer,1202.7,1531.39,Mortgage,3843.22,9.42,Approved,MasterCard,3287.19,Suggestion,Pending,1,2023,1,January,2022,1.0,26-35
2919,42,Male,Mesa,Current,3652.03,2003-10-25,2023-05-26,Transfer,22.33,3629.7,Personal,42436.07,6.92,Rejected,AMEX,3717.06,Suggestion,Pending,1,2023,5,May,2003,19.6,36-45
2920,55,Female,Kansas City,Savings,7044.21,2020-06-18,2023-05-28,Transfer,2193.71,4850.5,Mortgage,24705.22,4.59,Rejected,AMEX,491.89,Praise,Resolved,1,2023,5,May,2020,2.9,46-55
2921,35,Other,Boston,Savings,9782.94,2020-09-21,2023-07-27,Transfer,986.29,10769.23,Personal,23380.91,8.19,Rejected,AMEX,3874.38,Suggestion,Pending,1,2023,7,July,2020,2.8,26-35
2922,33,Male,Washington,Current,9334.33,2018-03-04,2023-04-01,Withdrawal,276.12,9058.21,Personal,1123.84,6.12,Rejected,MasterCard,4317.81,Suggestion,Resolved,1,2023,4,April,2018,5.1,26-35
2923,36,Female,Colorado Springs,Current,6916.03,2004-04-04,2023-03-28,Withdrawal,2657.04,4258.99,Personal,31392.6,4.76,Closed,Visa,2830.66,Suggestion,Pending,1,2023,3,March,2004,19.0,36-45
2924,33,Other,Baltimore,Savings,4421.8,2009-05-07,2023-04-19,Transfer,709.49,5131.29,Mortgage,33908.82,2.3,Closed,Visa,2443.64,Suggestion,Resolved,1,2023,4,April,2009,13.9,26-35
2925,22,Female,Nashville,Current,5998.44,2017-03-08,2023-10-10,Transfer,4186.02,10184.46,Personal,39745.06,9.34,Rejected,Visa,2300.32,Praise,Pending,1,2023,10,October,2017,6.6,18-25
2926,44,Other,Baltimore,Current,9689.71,2021-01-09,2023-07-24,Withdrawal,1517.79,8171.92,Auto,16971.7,6.61,Approved,Visa,1483.29,Suggestion,Pending,1,2023,7,July,2021,2.5,36-45
2927,61,Other,Louisville,Current,2728.46,2009-04-12,2023-04-07,Transfer,1116.07,1612.39,Mortgage,7278.55,4.95,Closed,AMEX,4485.65,Complaint,Resolved,1,2023,4,April,2009,14.0,56-65
2928,23,Female,Milwaukee,Savings,4834.98,2005-03-09,2023-09-22,Withdrawal,3701.39,8536.37,Auto,22552.67,4.94,Rejected,MasterCard,4343.75,Praise,Pending,1,2023,9,September,2005,18.5,18-25
2929,51,Female,Detroit,Savings,6959.73,2018-06-11,2023-09-26,Transfer,4244.76,2714.97,Mortgage,18752.11,7.89,Closed,AMEX,2557.71,Complaint,Pending,1,2023,9,September,2018,5.3,46-55
2930,33,Female,Washington,Savings,201.96,2018-08-27,2023-09-21,Withdrawal,474.57,676.53,Mortgage,37903.53,2.62,Rejected,Visa,1212.17,Praise,Pending,1,2023,9,September,2018,5.1,26-35
2931,40,Other,Nashville,Current,3874.49,2017-06-07,2023-04-24,Deposit,766.34,3108.15,Auto,12242.5,4.76,Closed,Visa,4551.29,Complaint,Pending,1,2023,4,April,2017,5.9,36-45
2932,60,Other,New York,Current,5722.33,2002-08-29,2023-11-08,Withdrawal,2378.01,3344.32,Mortgage,7770.38,1.57,Closed,Visa,3656.84,Complaint,Resolved,1,2023,11,November,2002,21.2,56-65
2933,61,Male,Atlanta,Current,9019.09,2020-04-13,2023-08-07,Deposit,2955.2,11974.29,Mortgage,22569.09,1.72,Rejected,AMEX,4114.16,Praise,Resolved,-1,2023,8,August,2020,3.3,56-65
2934,49,Male,San Jose,Current,9920.78,2022-09-30,2023-08-21,Deposit,425.49,10346.27,Personal,31771.49,5.74,Closed,MasterCard,4138.58,Praise,Resolved,1,2023,8,August,2022,0.9,46-55
2935,60,Male,Nashville,Savings,5607.61,2010-07-14,2023-04-07,Transfer,1881.31,3726.3,Mortgage,14768.88,4.43,Closed,Visa,944.49,Suggestion,Pending,1,2023,4,April,2010,12.7,56-65
2936,40,Other,Dallas,Savings,9451.34,2001-03-12,2023-01-07,Deposit,4489.03,4962.31,Auto,6607.22,7.48,Rejected,MasterCard,270.27,Complaint,Resolved,1,2023,1,January,2001,21.8,36-45
2937,37,Female,San Francisco,Current,1082.73,2008-12-31,2023-03-18,Transfer,4381.65,5464.38,Auto,22516.7,9.88,Rejected,MasterCard,2526.16,Complaint,Resolved,1,2023,3,March,2008,14.2,36-45
2938,36,Male,Nashville,Savings,7042.58,2004-05-03,2023-05-08,Deposit,1563.01,8605.59,Mortgage,48131.99,8.73,Rejected,AMEX,2330.41,Praise,Resolved,1,2023,5,May,2004,19.0,36-45
2939,46,Other,Milwaukee,Current,4065.49,2019-08-05,2023-07-03,Deposit,1144.88,2920.61,Personal,48398.41,4.98,Rejected,AMEX,1606.99,Complaint,Resolved,1,2023,7,July,2019,3.9,46-55
2940,25,Female,Colorado Springs,Current,7534.64,2011-10-22,2023-04-14,Transfer,2918.0,4616.64,Auto,35725.6,4.4,Approved,MasterCard,3616.86,Complaint,Resolved,1,2023,4,April,2011,11.5,18-25
2941,46,Male,Washington,Savings,8690.46,2004-05-14,2023-03-25,Withdrawal,489.66,8200.8,Mortgage,39080.52,6.27,Closed,MasterCard,3033.63,Praise,Resolved,1,2023,3,March,2004,18.9,46-55
2942,35,Female,Fort Worth,Savings,631.87,2008-09-25,2023-10-20,Transfer,1174.52,-542.65,Mortgage,10972.0,1.82,Rejected,AMEX,1926.21,Suggestion,Resolved,1,2023,10,October,2008,15.1,26-35
2943,22,Female,Philadelphia,Current,9361.19,2020-10-19,2023-03-05,Deposit,842.12,8519.07,Auto,19358.04,9.89,Rejected,MasterCard,2440.96,Suggestion,Resolved,1,2023,3,March,2020,2.4,18-25
2944,29,Male,Indianapolis,Current,774.75,2003-09-04,2023-08-21,Transfer,1046.63,-271.88,Personal,30632.95,9.83,Approved,MasterCard,2696.75,Praise,Pending,1,2023,8,August,2003,20.0,26-35
2945,27,Male,Detroit,Savings,7558.64,2014-11-24,2023-01-17,Transfer,1081.92,6476.72,Personal,37770.41,9.31,Closed,MasterCard,4703.82,Complaint,Resolved,1,2023,1,January,2014,8.1,26-35
2946,64,Other,Phoenix,Savings,783.79,2020-02-09,2023-04-03,Deposit,3141.15,-2357.36,Auto,9164.62,6.96,Approved,Visa,2589.04,Complaint,Pending,1,2023,4,April,2020,3.1,56-65
2947,54,Female,Dallas,Savings,8630.65,2020-07-30,2023-10-04,Deposit,2445.68,11076.33,Auto,23423.79,5.53,Rejected,Visa,3272.53,Suggestion,Pending,1,2023,10,October,2020,3.2,46-55
2948,34,Male,Omaha,Current,2129.32,2016-03-07,2023-03-19,Deposit,4312.84,6442.16,Auto,8974.96,7.36,Closed,AMEX,4550.13,Suggestion,Resolved,1,2023,3,March,2016,7.0,26-35
2949,49,Male,Columbus,Savings,4397.3,2016-02-09,2023-12-27,Transfer,3680.73,716.57,Auto,32034.57,3.83,Closed,Visa,3583.82,Suggestion,Pending,1,2023,12,December,2016,7.9,46-55
2950,21,Female,Baltimore,Savings,9332.95,2008-08-17,2023-04-21,Transfer,2499.28,6833.67,Personal,38835.95,8.67,Closed,AMEX,2721.98,Suggestion,Resolved,1,2023,4,April,2008,14.7,18-25
2951,48,Female,Detroit,Savings,7941.47,2011-05-02,2023-12-08,Transfer,1544.03,9485.5,Auto,41832.12,2.21,Closed,AMEX,2008.22,Complaint,Pending,1,2023,12,December,2011,12.6,46-55
2952,43,Female,Memphis,Current,7879.17,2019-04-30,2023-11-04,Withdrawal,4161.49,3717.68,Personal,36885.89,8.23,Rejected,MasterCard,561.17,Complaint,Pending,1,2023,11,November,2019,4.5,36-45
2953,29,Male,Denver,Savings,7656.97,2022-02-14,2023-03-18,Transfer,406.89,8063.86,Personal,8798.11,8.81,Approved,AMEX,3930.01,Complaint,Pending,1,2023,3,March,2022,1.1,26-35
2954,35,Male,San Diego,Savings,5737.41,2022-12-16,2023-08-22,Withdrawal,3408.19,2329.22,Personal,41592.18,2.53,Closed,Visa,3935.94,Praise,Resolved,1,2023,8,August,2022,0.7,26-35
2955,25,Other,El Paso,Savings,9519.16,2002-11-01,2023-04-05,Deposit,573.89,10093.05,Mortgage,17386.28,5.31,Approved,Visa,4859.67,Praise,Resolved,1,2023,4,April,2002,20.4,18-25
2956,49,Female,Sacramento,Savings,8333.19,2019-06-07,2023-09-25,Withdrawal,2668.65,11001.84,Mortgage,41952.55,9.02,Approved,AMEX,2556.87,Complaint,Resolved,1,2023,9,September,2019,4.3,46-55
2957,37,Male,Milwaukee,Current,4458.85,2020-09-08,2023-12-18,Transfer,4509.06,8967.91,Mortgage,13294.13,9.63,Approved,Visa,3509.41,Suggestion,Pending,1,2023,12,December,2020,3.3,36-45
2958,66,Male,Sacramento,Savings,7451.3,2021-12-11,2023-02-15,Deposit,1197.96,6253.34,Auto,24309.46,8.3,Closed,MasterCard,4889.58,Suggestion,Resolved,1,2023,2,February,2021,1.2,65+
2959,57,Female,Albuquerque,Current,9981.26,2003-02-23,2023-11-22,Withdrawal,401.87,9579.39,Mortgage,29252.01,9.47,Rejected,MasterCard,3061.15,Complaint,Pending,1,2023,11,November,2003,20.7,56-65
2960,30,Male,Phoenix,Savings,8722.9,2019-10-27,2023-08-03,Deposit,1704.1,7018.8,Mortgage,2701.36,9.43,Closed,MasterCard,4122.8,Suggestion,Resolved,1,2023,8,August,2019,3.8,26-35
2961,40,Female,Indianapolis,Savings,112.11,2012-01-15,2023-11-23,Deposit,2396.5,-2284.39,Auto,45281.03,9.82,Approved,AMEX,2053.62,Complaint,Resolved,1,2023,11,November,2012,11.9,36-45
2962,20,Male,San Francisco,Savings,7405.07,2010-01-03,2023-10-03,Withdrawal,3626.8,11031.87,Mortgage,26065.62,4.72,Approved,Visa,932.05,Suggestion,Pending,1,2023,10,October,2010,13.7,18-25
2963,52,Female,Albuquerque,Savings,8989.03,2011-07-18,2023-03-09,Deposit,158.37,9147.4,Personal,10410.05,3.58,Approved,AMEX,4214.98,Suggestion,Pending,1,2023,3,March,2011,11.6,46-55
2964,56,Female,Kansas City,Savings,3344.75,2002-02-24,2023-12-07,Deposit,663.11,2681.64,Personal,8879.78,6.7,Approved,Visa,2151.97,Suggestion,Pending,1,2023,12,December,2002,21.8,56-65
2965,67,Male,Albuquerque,Savings,9777.17,2014-11-02,2023-10-27,Transfer,2059.56,11836.73,Auto,34640.86,2.7,Rejected,AMEX,3719.35,Complaint,Pending,1,2023,10,October,2014,9.0,65+
2966,38,Female,Oklahoma City,Current,4072.86,2007-02-15,2023-10-13,Deposit,484.16,3588.7,Auto,5004.92,6.01,Closed,Visa,2629.65,Suggestion,Pending,1,2023,10,October,2007,16.7,36-45
2967,24,Other,Los Angeles,Current,4269.65,2018-02-12,2023-10-14,Withdrawal,4779.89,9049.54,Personal,22551.26,6.21,Approved,AMEX,2285.35,Suggestion,Pending,-1,2023,10,October,2018,5.7,18-25
2968,43,Other,Oklahoma City,Current,1692.63,2011-10-19,2023-05-07,Withdrawal,2559.83,-867.2,Auto,27473.55,8.26,Rejected,MasterCard,257.59,Complaint,Resolved,1,2023,5,May,2011,11.5,36-45
2969,40,Female,Seattle,Current,1056.29,2003-09-20,2023-08-21,Transfer,1890.9,-834.61,Auto,12423.42,4.26,Rejected,AMEX,3845.03,Suggestion,Resolved,1,2023,8,August,2003,19.9,36-45
2970,49,Other,New York,Current,5412.3,2000-07-31,2023-07-01,Transfer,4898.84,10311.14,Auto,7330.79,6.42,Closed,Visa,1606.28,Complaint,Pending,-1,2023,7,July,2000,22.9,46-55
2971,19,Male,Memphis,Savings,6067.48,2021-03-13,2023-01-14,Withdrawal,3234.01,9301.49,Auto,25044.62,9.13,Approved,Visa,1954.64,Complaint,Pending,1,2023,1,January,2021,1.8,18-25
2972,56,Male,Memphis,Savings,3732.28,2012-07-29,2023-04-12,Withdrawal,2583.96,1148.32,Personal,17676.06,4.8,Rejected,AMEX,1747.73,Suggestion,Resolved,1,2023,4,April,2012,10.7,56-65
2973,19,Female,Denver,Savings,6105.43,2022-07-04,2023-05-31,Transfer,1213.26,7318.69,Auto,7871.84,6.15,Closed,AMEX,3470.78,Complaint,Resolved,1,2023,5,May,2022,0.9,18-25
2974,56,Male,Omaha,Savings,4007.24,2008-01-23,2023-11-21,Withdrawal,1272.86,5280.1,Mortgage,11308.31,8.09,Closed,Visa,3566.19,Praise,Pending,1,2023,11,November,2008,15.8,56-65
2975,63,Male,Philadelphia,Current,8695.03,2021-01-10,2023-06-29,Deposit,1817.71,6877.32,Auto,24076.04,3.25,Rejected,MasterCard,4076.66,Suggestion,Pending,1,2023,6,June,2021,2.5,56-65
2976,32,Other,Colorado Springs,Current,9542.85,2017-01-07,2023-06-27,Transfer,3756.12,5786.73,Auto,7519.47,1.93,Rejected,AMEX,3383.1,Praise,Resolved,-1,2023,6,June,2017,6.5,26-35
2977,33,Male,San Diego,Savings,5976.05,2006-03-03,2023-08-01,Transfer,4081.86,1894.19,Personal,46869.85,7.14,Approved,Visa,4537.74,Suggestion,Resolved,1,2023,8,August,2006,17.4,26-35
2978,43,Male,Las Vegas,Savings,8438.52,2010-03-28,2023-02-02,Transfer,968.45,7470.07,Mortgage,38997.34,4.33,Closed,AMEX,1206.67,Suggestion,Resolved,1,2023,2,February,2010,12.9,36-45
2979,25,Other,Oklahoma City,Current,8552.04,2016-12-17,2023-01-09,Transfer,4088.88,4463.16,Auto,16952.33,4.43,Closed,MasterCard,2475.27,Suggestion,Pending,1,2023,1,January,2016,6.1,18-25
2980,33,Female,Columbus,Current,7166.25,2016-11-14,2023-12-17,Deposit,1661.38,5504.87,Auto,13659.43,9.37,Approved,Visa,4844.96,Complaint,Resolved,-1,2023,12,December,2016,7.1,26-35
2981,38,Female,Phoenix,Savings,2000.82,2021-07-26,2023-09-21,Transfer,1009.47,991.35,Personal,43840.48,4.67,Approved,Visa,1246.77,Complaint,Pending,1,2023,9,September,2021,2.2,36-45
2982,56,Other,Omaha,Current,1633.89,2018-04-02,2023-07-22,Transfer,981.97,651.92,Auto,21919.47,9.58,Closed,Visa,3627.34,Suggestion,Resolved,1,2023,7,July,2018,5.3,56-65
2983,28,Other,Fresno,Savings,9202.89,2022-05-30,2023-09-20,Withdrawal,2322.52,6880.37,Auto,43273.17,1.96,Closed,AMEX,1570.28,Praise,Pending,1,2023,9,September,2022,1.3,26-35
2984,41,Male,Indianapolis,Savings,2724.11,2007-05-27,2023-05-29,Transfer,3837.98,-1113.87,Auto,37380.36,4.09,Approved,Visa,2282.33,Praise,Resolved,1,2023,5,May,2007,16.0,36-45
2985,53,Male,San Antonio,Current,2538.68,2021-09-10,2023-04-02,Withdrawal,2857.87,5396.55,Personal,5513.78,7.24,Rejected,Visa,2689.76,Complaint,Pending,1,2023,4,April,2021,1.6,46-55
2986,35,Female,Indianapolis,Current,1744.67,2000-03-25,2023-02-22,Withdrawal,2328.59,4073.26,Auto,40866.59,2.13,Closed,Visa,3997.66,Complaint,Resolved,1,2023,2,February,2000,22.9,26-35
2987,40,Female,San Antonio,Savings,5321.8,2015-06-29,2023-01-15,Withdrawal,99.9,5421.7,Mortgage,27454.17,4.48,Rejected,Visa,3098.98,Complaint,Resolved,1,2023,1,January,2015,7.5,36-45
2988,30,Other,Portland,Current,6802.28,2021-10-14,2023-02-21,Deposit,2822.17,3980.11,Auto,34202.41,8.67,Closed,Visa,5.05,Praise,Pending,1,2023,2,February,2021,1.4,26-35
2989,66,Male,Columbus,Current,6794.0,2013-04-28,2023-07-19,Transfer,3376.78,10170.78,Personal,11731.22,7.86,Closed,AMEX,1682.64,Praise,Resolved,1,2023,7,July,2013,10.2,65+
2990,61,Other,Columbus,Savings,2684.42,2008-07-11,2023-02-06,Transfer,499.38,2185.04,Mortgage,1013.26,3.54,Rejected,MasterCard,1729.32,Suggestion,Resolved,1,2023,2,February,2008,14.6,56-65
2991,67,Female,Tucson,Savings,1038.38,2021-07-26,2023-12-13,Withdrawal,4781.32,-3742.94,Personal,17350.72,4.21,Approved,MasterCard,2451.28,Praise,Resolved,1,2023,12,December,2021,2.4,65+
2992,59,Female,Tucson,Savings,3171.07,2010-01-20,2023-03-20,Transfer,466.79,3637.86,Auto,10340.74,5.55,Approved,MasterCard,4535.08,Complaint,Pending,1,2023,3,March,2010,13.2,56-65
2993,56,Other,Oklahoma City,Current,5084.0,2016-03-21,2023-11-13,Withdrawal,3456.48,1627.52,Auto,22325.61,7.58,Closed,Visa,4565.53,Suggestion,Pending,1,2023,11,November,2016,7.6,56-65
2994,61,Male,Mesa,Savings,6163.16,2003-10-05,2023-05-30,Transfer,2627.53,3535.63,Personal,5453.99,2.37,Rejected,AMEX,2299.22,Praise,Resolved,1,2023,5,May,2003,19.6,56-65
2995,61,Male,San Antonio,Savings,2778.94,2013-09-20,2023-02-05,Withdrawal,4422.1,-1643.16,Auto,44857.27,5.75,Rejected,MasterCard,3628.28,Complaint,Pending,1,2023,2,February,2013,9.4,56-65
2996,62,Other,Albuquerque,Savings,1913.27,2016-04-18,2023-04-04,Withdrawal,2076.33,-163.06,Mortgage,6817.47,1.66,Rejected,AMEX,1768.64,Praise,Resolved,1,2023,4,April,2016,7.0,56-65
2997,18,Female,Chicago,Current,8431.6,2020-01-26,2023-12-19,Withdrawal,2547.63,5883.97,Personal,38445.06,4.58,Closed,Visa,1437.49,Suggestion,Pending,1,2023,12,December,2020,3.9,18-25
2998,24,Other,Colorado Springs,Current,8593.47,2007-04-06,2023-07-10,Deposit,2769.09,11362.56,Auto,47026.9,2.72,Closed,Visa,2313.16,Praise,Pending,1,2023,7,July,2007,16.3,18-25
2999,65,Other,Memphis,Savings,2871.57,2005-09-21,2023-06-15,Withdrawal,4375.49,7247.06,Mortgage,8263.19,3.78,Rejected,AMEX,4231.66,Praise,Resolved,1,2023,6,June,2005,17.7,56-65
3000,65,Male,Las Vegas,Current,5645.12,2000-10-23,2023-02-09,Deposit,4000.24,9645.36,Auto,17977.36,3.98,Rejected,Visa,2605.47,Complaint,Pending,1,2023,2,February,2000,22.3,56-65
3001,38,Female,Washington,Current,4454.28,2003-02-04,2023-03-05,Deposit,1407.75,5862.03,Auto,36822.06,7.93,Rejected,MasterCard,2361.88,Complaint,Resolved,1,2023,3,March,2003,20.1,36-45
3002,33,Female,Philadelphia,Savings,1505.48,2008-03-03,2023-07-03,Withdrawal,4776.73,6282.21,Personal,36008.64,3.39,Rejected,AMEX,788.39,Praise,Resolved,1,2023,7,July,2008,15.3,26-35
3003,65,Male,Las Vegas,Current,9411.8,2020-10-19,2023-09-27,Deposit,3767.82,13179.62,Mortgage,2832.36,6.97,Closed,MasterCard,3713.65,Suggestion,Resolved,1,2023,9,September,2020,2.9,56-65
3004,31,Female,Omaha,Current,196.85,2010-11-27,2023-05-10,Transfer,70.1,266.95,Mortgage,4464.01,5.8,Approved,MasterCard,1811.03,Praise,Pending,1,2023,5,May,2010,12.4,26-35
3005,60,Female,El Paso,Savings,1957.01,2017-11-07,2023-08-27,Deposit,926.89,2883.9,Mortgage,6886.84,8.24,Approved,Visa,3776.64,Suggestion,Pending,1,2023,8,August,2017,5.8,56-65
3006,68,Male,Kansas City,Current,3521.09,2012-02-13,2023-10-02,Deposit,4280.47,7801.56,Auto,28833.07,3.89,Approved,MasterCard,4852.51,Praise,Pending,1,2023,10,October,2012,11.6,65+
3007,60,Female,Jacksonville,Current,8578.97,2011-11-10,2023-03-19,Deposit,3232.86,5346.11,Auto,3697.11,9.95,Approved,MasterCard,454.27,Praise,Pending,1,2023,3,March,2011,11.4,56-65
3008,19,Female,Indianapolis,Current,7907.67,2021-05-28,2023-11-23,Deposit,1298.06,6609.61,Personal,29832.09,3.66,Approved,Visa,4311.03,Complaint,Pending,1,2023,11,November,2021,2.5,18-25
3009,48,Other,Austin,Current,5840.85,2013-03-04,2023-05-05,Withdrawal,865.4,6706.25,Personal,17780.64,6.22,Approved,AMEX,835.04,Suggestion,Pending,1,2023,5,May,2013,10.2,46-55
3010,56,Female,Albuquerque,Current,6980.71,2014-03-04,2023-01-09,Transfer,742.29,6238.42,Auto,33801.11,6.69,Rejected,Visa,4344.54,Complaint,Pending,-1,2023,1,January,2014,8.9,56-65
3011,26,Other,Philadelphia,Savings,3475.02,2006-10-20,2023-10-16,Transfer,1597.35,1877.67,Auto,39320.07,5.84,Rejected,MasterCard,3636.31,Complaint,Resolved,1,2023,10,October,2006,17.0,26-35
3012,58,Other,Las Vegas,Savings,9411.36,2016-10-22,2023-05-07,Deposit,4493.66,4917.7,Mortgage,39778.57,8.73,Approved,Visa,2109.49,Complaint,Resolved,1,2023,5,May,2016,6.5,56-65
3013,31,Other,Tucson,Current,365.19,2017-02-22,2023-08-04,Transfer,1766.71,2131.9,Auto,2844.11,2.02,Approved,AMEX,2280.48,Suggestion,Resolved,1,2023,8,August,2017,6.4,26-35
3014,27,Male,Fort Worth,Savings,1099.19,2001-07-24,2023-04-26,Withdrawal,3306.9,4406.09,Mortgage,47412.57,6.38,Closed,MasterCard,1455.03,Suggestion,Resolved,1,2023,4,April,2001,21.8,26-35
3015,65,Male,Portland,Savings,9262.98,2003-08-07,2023-11-13,Deposit,566.71,8696.27,Personal,29745.67,5.56,Closed,Visa,3495.8,Suggestion,Resolved,1,2023,11,November,2003,20.3,56-65
3016,41,Female,Kansas City,Savings,9456.01,2021-10-28,2023-04-16,Deposit,2661.68,6794.33,Auto,44889.26,4.75,Closed,Visa,4484.4,Suggestion,Resolved,1,2023,4,April,2021,1.5,36-45
3017,67,Other,Seattle,Savings,4956.65,2014-12-05,2023-08-01,Deposit,1720.94,3235.71,Auto,31142.11,4.12,Approved,Visa,2914.17,Suggestion,Resolved,1,2023,8,August,2014,8.7,65+
3018,50,Female,Colorado Springs,Current,5806.96,2012-07-31,2023-02-13,Transfer,811.0,4995.96,Mortgage,24721.73,2.38,Closed,Visa,1469.32,Suggestion,Resolved,1,2023,2,February,2012,10.5,46-55
3019,51,Female,San Jose,Current,9035.12,2012-07-13,2023-03-06,Deposit,3990.92,13026.04,Personal,36756.7,6.85,Closed,Visa,3585.93,Praise,Pending,1,2023,3,March,2012,10.6,46-55
3020,37,Female,Omaha,Current,8549.0,2015-04-20,2023-03-26,Deposit,4079.54,4469.46,Auto,11751.64,2.06,Approved,AMEX,1268.91,Suggestion,Pending,1,2023,3,March,2015,7.9,36-45
3021,45,Female,Baltimore,Savings,8633.32,2000-11-21,2023-02-26,Transfer,1538.29,10171.61,Mortgage,6058.08,8.46,Approved,Visa,1328.81,Praise,Pending,1,2023,2,February,2000,22.3,36-45
3022,21,Female,San Jose,Current,3780.68,2019-10-18,2023-08-20,Withdrawal,3272.29,508.39,Auto,5434.41,5.03,Approved,Visa,3189.42,Praise,Pending,1,2023,8,August,2019,3.8,18-25
3023,51,Other,Fresno,Savings,8322.42,2020-02-12,2023-10-07,Transfer,1976.42,10298.84,Personal,42607.67,6.45,Rejected,Visa,474.26,Praise,Resolved,1,2023,10,October,2020,3.6,46-55
3024,21,Other,Mesa,Current,786.17,2016-04-13,2023-04-12,Withdrawal,231.94,1018.11,Mortgage,45709.79,1.7,Approved,AMEX,1979.78,Praise,Pending,1,2023,4,April,2016,7.0,18-25
3025,23,Other,Baltimore,Current,4920.95,2008-11-09,2023-06-21,Withdrawal,2144.61,7065.56,Mortgage,40906.29,1.84,Closed,MasterCard,1841.65,Suggestion,Resolved,1,2023,6,June,2008,14.6,18-25
3026,39,Other,Boston,Savings,2450.33,2011-02-25,2023-04-15,Withdrawal,2883.55,5333.88,Mortgage,45317.25,3.12,Approved,AMEX,264.57,Praise,Resolved,-1,2023,4,April,2011,12.1,36-45
3027,21,Male,Los Angeles,Current,454.4,2022-12-25,2023-01-06,Deposit,1502.19,1956.59,Personal,49254.01,8.02,Rejected,MasterCard,4590.13,Suggestion,Resolved,1,2023,1,January,2022,0.0,18-25
3028,67,Other,Mesa,Savings,6210.39,2013-02-06,2023-02-03,Withdrawal,4744.99,1465.4,Mortgage,26776.89,5.37,Rejected,MasterCard,4688.48,Complaint,Pending,1,2023,2,February,2013,10.0,65+
3029,22,Other,Seattle,Current,854.18,2013-05-11,2023-01-27,Deposit,2794.64,-1940.46,Personal,8540.15,3.8,Closed,AMEX,1986.54,Suggestion,Resolved,1,2023,1,January,2013,9.7,18-25
3030,28,Other,Phoenix,Savings,1289.58,2004-05-06,2023-01-18,Transfer,1863.63,-574.05,Auto,30788.4,8.65,Rejected,Visa,1847.17,Suggestion,Pending,1,2023,1,January,2004,18.7,26-35
3031,62,Male,Denver,Savings,909.28,2001-03-28,2023-01-05,Withdrawal,3677.75,-2768.47,Auto,18340.77,2.73,Closed,AMEX,608.03,Praise,Pending,1,2023,1,January,2001,21.8,56-65
3032,52,Female,Seattle,Savings,9752.97,2008-06-01,2023-04-28,Deposit,1711.19,8041.78,Mortgage,17975.98,3.34,Rejected,Visa,2812.67,Praise,Pending,1,2023,4,April,2008,14.9,46-55
3033,36,Male,Albuquerque,Current,488.46,2003-01-17,2023-04-06,Deposit,133.28,355.18,Auto,36662.6,7.99,Rejected,MasterCard,1738.22,Suggestion,Pending,-1,2023,4,April,2003,20.2,36-45
3034,69,Other,Nashville,Current,2770.59,2002-12-10,2023-08-01,Withdrawal,51.22,2821.81,Auto,5441.88,1.24,Approved,MasterCard,4214.3,Praise,Resolved,1,2023,8,August,2002,20.6,65+
3035,28,Other,Jacksonville,Savings,6554.78,2009-08-25,2023-09-12,Withdrawal,1516.83,5037.95,Auto,2839.04,2.98,Rejected,MasterCard,3665.54,Suggestion,Pending,1,2023,9,September,2009,14.0,26-35
3036,28,Male,Atlanta,Savings,8251.49,2013-01-19,2023-02-13,Withdrawal,788.36,9039.85,Mortgage,35068.45,5.69,Rejected,Visa,616.03,Praise,Resolved,1,2023,2,February,2013,10.1,26-35
3037,44,Female,Washington,Savings,6121.21,2009-01-31,2023-12-20,Deposit,1768.79,4352.42,Mortgage,13775.76,9.24,Approved,MasterCard,1072.84,Praise,Resolved,1,2023,12,December,2009,14.9,36-45
3038,19,Male,San Jose,Current,9767.37,2008-01-12,2023-04-03,Deposit,3850.61,5916.76,Personal,19889.56,3.39,Approved,MasterCard,590.54,Praise,Pending,1,2023,4,April,2008,15.2,18-25
3039,64,Male,San Francisco,Savings,3443.31,2021-06-29,2023-09-04,Withdrawal,1552.16,4995.47,Auto,16074.02,2.92,Rejected,MasterCard,678.42,Suggestion,Pending,1,2023,9,September,2021,2.2,56-65
3040,25,Other,Dallas,Current,4772.85,2010-05-22,2023-09-18,Transfer,2802.64,1970.21,Personal,31127.22,9.77,Approved,MasterCard,334.54,Praise,Pending,1,2023,9,September,2010,13.3,18-25
3041,51,Male,Las Vegas,Current,8230.88,2006-09-09,2023-11-13,Deposit,4599.03,12829.91,Personal,8571.26,5.72,Rejected,Visa,1830.44,Complaint,Resolved,-1,2023,11,November,2006,17.2,46-55
3042,57,Male,Columbus,Current,6848.8,2011-08-25,2023-09-08,Deposit,3494.48,3354.32,Auto,36308.81,1.56,Rejected,MasterCard,3029.33,Complaint,Pending,1,2023,9,September,2011,12.0,56-65
3043,37,Male,San Diego,Savings,2219.26,2006-11-17,2023-08-30,Transfer,2813.17,5032.43,Personal,46321.42,3.49,Rejected,Visa,4815.5,Suggestion,Pending,1,2023,8,August,2006,16.8,36-45
3044,40,Male,Atlanta,Current,5036.81,2018-05-20,2023-12-14,Transfer,4336.61,700.2,Mortgage,41969.33,5.8,Approved,Visa,2121.6,Suggestion,Pending,1,2023,12,December,2018,5.6,36-45
3045,32,Male,Denver,Savings,9762.0,2012-09-28,2023-05-14,Transfer,1659.91,8102.09,Auto,45444.81,1.65,Approved,Visa,4759.26,Suggestion,Resolved,1,2023,5,May,2012,10.6,26-35
3046,65,Male,Louisville,Savings,8643.93,2005-03-11,2023-03-16,Deposit,997.25,7646.68,Auto,46916.47,7.23,Rejected,AMEX,475.16,Complaint,Pending,1,2023,3,March,2005,18.0,56-65
3047,30,Other,Baltimore,Current,1998.85,2019-07-05,2023-10-22,Transfer,3738.38,5737.23,Auto,19244.37,5.7,Approved,AMEX,816.22,Suggestion,Resolved,1,2023,10,October,2019,4.3,26-35
3048,48,Other,San Antonio,Current,1879.88,2018-04-22,2023-08-28,Transfer,303.38,1576.5,Mortgage,39991.27,7.39,Closed,MasterCard,2009.82,Suggestion,Resolved,1,2023,8,August,2018,5.3,46-55
3049,66,Other,Detroit,Savings,8301.11,2006-04-13,2023-05-16,Deposit,2126.67,10427.78,Personal,25246.46,4.08,Approved,MasterCard,1968.24,Complaint,Resolved,1,2023,5,May,2006,17.1,65+
3050,63,Other,Omaha,Current,2069.06,2020-04-07,2023-08-15,Deposit,1442.51,3511.57,Mortgage,14218.89,4.78,Approved,AMEX,86.39,Praise,Pending,1,2023,8,August,2020,3.4,56-65
3051,31,Male,Austin,Current,4582.61,2003-09-17,2023-03-25,Deposit,4856.91,-274.3,Personal,37597.22,9.35,Approved,Visa,296.14,Suggestion,Pending,1,2023,3,March,2003,19.5,26-35
3052,18,Male,Columbus,Current,1889.51,2003-04-09,2023-09-03,Transfer,1891.71,3781.22,Mortgage,12962.3,2.9,Closed,Visa,1628.61,Complaint,Pending,-1,2023,9,September,2003,20.4,18-25
3053,44,Male,Nashville,Current,245.16,2004-02-07,2023-08-31,Withdrawal,3320.51,3565.67,Mortgage,6371.41,1.36,Rejected,MasterCard,1567.46,Suggestion,Pending,1,2023,8,August,2004,19.6,36-45
3054,50,Male,San Diego,Savings,8766.5,2007-11-29,2023-03-27,Withdrawal,1349.74,7416.76,Auto,35526.36,9.84,Rejected,Visa,1429.7,Praise,Pending,1,2023,3,March,2007,15.3,46-55
3055,52,Other,Chicago,Current,7812.14,2001-05-30,2023-04-22,Deposit,4916.03,12728.17,Mortgage,15090.2,1.07,Closed,Visa,2615.83,Praise,Pending,-1,2023,4,April,2001,21.9,46-55
3056,32,Other,Louisville,Current,4758.83,2012-07-18,2023-03-10,Transfer,910.15,3848.68,Mortgage,15990.02,8.99,Approved,MasterCard,993.36,Praise,Resolved,1,2023,3,March,2012,10.6,26-35
3057,22,Male,Memphis,Current,1679.83,2018-08-12,2023-12-28,Transfer,4534.45,6214.28,Personal,44175.02,8.43,Approved,MasterCard,2530.79,Praise,Pending,-1,2023,12,December,2018,5.4,18-25
3058,54,Male,El Paso,Current,8083.54,2015-03-15,2023-10-13,Transfer,2232.4,5851.14,Personal,7641.42,5.39,Approved,MasterCard,253.72,Suggestion,Resolved,1,2023,10,October,2015,8.6,46-55
3059,21,Male,Seattle,Current,3657.74,2004-07-29,2023-05-31,Deposit,2142.1,1515.64,Mortgage,38477.45,7.35,Closed,MasterCard,2489.47,Complaint,Pending,1,2023,5,May,2004,18.8,18-25
3060,63,Male,Sacramento,Current,6653.3,2007-08-03,2023-06-25,Withdrawal,3509.47,10162.77,Auto,19924.41,1.95,Approved,MasterCard,3740.54,Complaint,Resolved,1,2023,6,June,2007,15.9,56-65
3061,37,Female,San Jose,Current,3235.27,2014-10-13,2023-07-17,Transfer,475.65,2759.62,Auto,44757.51,7.87,Closed,AMEX,4613.75,Praise,Pending,1,2023,7,July,2014,8.8,36-45
3062,56,Female,Fort Worth,Current,4379.64,2013-04-20,2023-02-11,Withdrawal,2737.99,1641.65,Personal,22576.87,8.05,Approved,MasterCard,4476.17,Praise,Resolved,1,2023,2,February,2013,9.8,56-65
3063,39,Female,Phoenix,Current,5401.17,2008-04-30,2023-01-29,Withdrawal,1107.65,4293.52,Personal,21042.12,1.46,Rejected,MasterCard,3235.17,Praise,Resolved,1,2023,1,January,2008,14.7,36-45
3064,41,Female,Colorado Springs,Savings,7643.96,2001-11-24,2023-03-26,Transfer,794.04,6849.92,Auto,22063.44,5.48,Approved,MasterCard,4911.95,Complaint,Pending,1,2023,3,March,2001,21.3,36-45
3065,64,Male,Austin,Savings,8337.48,2017-05-23,2023-11-23,Deposit,4388.6,3948.88,Personal,42046.83,9.53,Closed,MasterCard,1832.43,Suggestion,Pending,1,2023,11,November,2017,6.5,56-65
3066,28,Male,Austin,Current,4491.11,2018-10-14,2023-08-17,Withdrawal,4986.46,-495.35,Personal,1515.0,9.56,Rejected,Visa,3465.71,Praise,Resolved,1,2023,8,August,2018,4.8,26-35
3067,63,Male,Milwaukee,Current,2407.1,2020-12-19,2023-06-22,Withdrawal,4856.27,-2449.17,Personal,35538.29,9.86,Rejected,AMEX,4946.09,Suggestion,Resolved,1,2023,6,June,2020,2.5,56-65
3068,23,Female,Milwaukee,Savings,1621.13,2021-11-21,2023-02-10,Withdrawal,4107.59,5728.72,Auto,11056.78,6.91,Rejected,Visa,3473.79,Complaint,Pending,1,2023,2,February,2021,1.2,18-25
3069,44,Female,San Jose,Savings,3473.4,2022-11-11,2023-07-20,Withdrawal,4600.65,8074.05,Auto,44224.15,2.27,Closed,AMEX,1295.47,Praise,Resolved,1,2023,7,July,2022,0.7,36-45
3070,27,Male,Columbus,Current,8037.66,2019-08-16,2023-11-15,Withdrawal,4621.82,3415.84,Mortgage,19420.41,4.72,Approved,MasterCard,4063.54,Suggestion,Pending,1,2023,11,November,2019,4.2,26-35
3071,56,Female,Boston,Savings,2812.42,2016-12-19,2023-04-10,Transfer,890.04,1922.38,Personal,17608.82,7.54,Approved,Visa,1751.5,Complaint,Pending,1,2023,4,April,2016,6.3,56-65
3072,27,Other,Tucson,Savings,570.45,2012-04-15,2023-12-17,Deposit,437.64,132.81,Mortgage,35918.59,3.55,Closed,AMEX,1410.14,Complaint,Pending,1,2023,12,December,2012,11.7,26-35
3073,63,Female,Tucson,Savings,5686.33,2010-04-03,2023-08-08,Withdrawal,642.66,6328.99,Mortgage,36400.0,8.29,Approved,Visa,4137.14,Complaint,Resolved,1,2023,8,August,2010,13.3,56-65
3074,43,Female,Charlotte,Savings,432.77,2015-12-23,2023-05-27,Deposit,821.4,1254.17,Mortgage,32051.84,8.75,Closed,AMEX,2005.53,Complaint,Resolved,1,2023,5,May,2015,7.4,36-45
3075,54,Female,Indianapolis,Savings,8860.76,2013-04-01,2023-03-06,Deposit,4114.01,4746.75,Personal,17160.6,7.87,Approved,AMEX,3227.78,Complaint,Resolved,1,2023,3,March,2013,9.9,46-55
3076,50,Female,Kansas City,Savings,6812.8,2014-12-08,2023-04-03,Transfer,4706.96,11519.76,Auto,30907.3,4.08,Rejected,AMEX,4339.47,Suggestion,Pending,1,2023,4,April,2014,8.3,46-55
3077,68,Male,Philadelphia,Savings,2642.77,2020-01-07,2023-07-21,Deposit,1765.68,877.09,Personal,3659.03,7.67,Rejected,Visa,763.41,Praise,Pending,1,2023,7,July,2020,3.5,65+
3078,25,Other,Boston,Savings,4744.01,2019-02-11,2023-10-19,Deposit,181.47,4562.54,Auto,47803.81,1.65,Closed,Visa,3074.72,Suggestion,Resolved,1,2023,10,October,2019,4.7,18-25
3079,68,Male,Charlotte,Current,7418.25,2008-01-28,2023-07-29,Deposit,1544.33,5873.92,Personal,23182.88,4.02,Closed,Visa,898.88,Suggestion,Pending,1,2023,7,July,2008,15.5,65+
3080,66,Female,Houston,Savings,9165.27,2015-09-15,2023-08-08,Deposit,3533.63,5631.64,Auto,15919.41,7.89,Closed,Visa,3019.14,Suggestion,Resolved,-1,2023,8,August,2015,7.9,65+
3081,68,Female,Houston,Current,8757.09,2022-10-14,2023-10-27,Withdrawal,4715.1,13472.19,Mortgage,43178.17,8.15,Rejected,MasterCard,2453.32,Suggestion,Resolved,1,2023,10,October,2022,1.0,65+
3082,45,Female,Baltimore,Savings,788.36,2014-10-10,2023-09-20,Transfer,2253.97,3042.33,Personal,16884.43,3.87,Approved,MasterCard,4365.85,Complaint,Pending,1,2023,9,September,2014,8.9,36-45
3083,65,Female,Fresno,Current,903.3,2003-11-15,2023-02-07,Transfer,1686.98,2590.28,Auto,49861.5,9.64,Closed,MasterCard,4504.2,Suggestion,Pending,1,2023,2,February,2003,19.2,56-65
3084,53,Female,Portland,Current,6017.46,2022-02-27,2023-04-15,Transfer,3269.58,9287.04,Mortgage,34839.38,3.46,Closed,Visa,3852.27,Praise,Pending,1,2023,4,April,2022,1.1,46-55
3085,57,Other,Milwaukee,Current,5015.31,2016-08-14,2023-09-08,Deposit,1063.52,6078.83,Mortgage,32829.32,6.94,Rejected,MasterCard,3143.34,Praise,Resolved,1,2023,9,September,2016,7.1,56-65
3086,42,Male,Albuquerque,Current,3000.08,2010-10-03,2023-09-11,Deposit,3831.41,-831.33,Mortgage,8440.97,8.91,Rejected,MasterCard,1414.94,Suggestion,Resolved,1,2023,9,September,2010,12.9,36-45
3087,53,Female,Colorado Springs,Savings,9764.11,2017-01-01,2023-10-05,Withdrawal,2076.03,7688.08,Mortgage,30883.27,5.96,Closed,MasterCard,2439.17,Suggestion,Resolved,1,2023,10,October,2017,6.8,46-55
3088,30,Other,Dallas,Current,7488.04,2016-01-22,2023-08-25,Deposit,4886.58,12374.62,Auto,8601.12,4.71,Rejected,Visa,772.91,Suggestion,Resolved,1,2023,8,August,2016,7.6,26-35
3089,24,Male,San Diego,Savings,6904.44,2011-02-24,2023-07-22,Deposit,4671.25,2233.19,Auto,39396.6,2.9,Rejected,MasterCard,39.85,Suggestion,Resolved,1,2023,7,July,2011,12.4,18-25
3090,18,Male,Columbus,Current,1895.16,2005-09-15,2023-02-23,Transfer,3330.19,5225.35,Mortgage,7781.72,2.77,Approved,MasterCard,2835.27,Praise,Pending,1,2023,2,February,2005,17.4,18-25
3091,26,Male,Tucson,Savings,2910.92,2013-08-27,2023-07-30,Deposit,3243.43,-332.51,Mortgage,18582.8,2.43,Approved,MasterCard,1310.78,Complaint,Resolved,1,2023,7,July,2013,9.9,26-35
3092,45,Female,El Paso,Current,6089.68,2008-10-02,2023-01-06,Transfer,624.52,6714.2,Mortgage,24359.91,4.99,Closed,AMEX,1397.12,Complaint,Pending,1,2023,1,January,2008,14.3,36-45
3093,53,Female,Nashville,Savings,7976.4,2020-12-25,2023-07-20,Transfer,1411.92,9388.32,Mortgage,40454.48,5.93,Rejected,Visa,891.51,Suggestion,Resolved,-1,2023,7,July,2020,2.6,46-55
3094,63,Other,Fort Worth,Savings,9317.5,2020-11-15,2023-12-30,Transfer,4311.03,13628.53,Mortgage,32005.25,8.55,Approved,AMEX,387.59,Praise,Resolved,1,2023,12,December,2020,3.1,56-65
3095,47,Other,Los Angeles,Current,7007.5,2002-10-26,2023-10-12,Deposit,1821.29,5186.21,Personal,37650.4,2.96,Approved,AMEX,1243.8,Complaint,Pending,1,2023,10,October,2002,21.0,46-55
3096,26,Male,San Jose,Savings,4244.51,2002-04-28,2023-02-12,Deposit,2126.39,2118.12,Auto,12954.73,7.8,Closed,Visa,1172.82,Praise,Pending,1,2023,2,February,2002,20.8,26-35
3097,47,Female,Houston,Savings,6941.67,2008-03-16,2023-07-14,Withdrawal,4200.72,2740.95,Auto,12625.91,7.25,Rejected,AMEX,2063.42,Suggestion,Resolved,1,2023,7,July,2008,15.3,46-55
3098,52,Male,Oklahoma City,Current,784.84,2015-01-06,2023-09-05,Transfer,2140.36,-1355.52,Personal,19650.38,6.71,Rejected,AMEX,380.92,Suggestion,Resolved,1,2023,9,September,2015,8.7,46-55
3099,64,Male,Columbus,Savings,6040.82,2018-08-14,2023-12-31,Withdrawal,4251.56,1789.26,Auto,1915.36,4.05,Closed,MasterCard,2320.33,Complaint,Pending,1,2023,12,December,2018,5.4,56-65
3100,44,Other,Baltimore,Current,8956.79,2002-10-22,2023-11-14,Deposit,356.45,9313.24,Mortgage,41704.5,3.86,Closed,MasterCard,275.8,Complaint,Resolved,1,2023,11,November,2002,21.1,36-45
3101,46,Female,Memphis,Current,6405.77,2017-06-11,2023-09-26,Deposit,3458.47,2947.3,Auto,19128.46,7.83,Approved,MasterCard,978.95,Suggestion,Resolved,1,2023,9,September,2017,6.3,46-55
3102,22,Other,San Diego,Savings,174.65,2003-05-07,2023-07-11,Deposit,324.42,499.07,Mortgage,4310.13,3.47,Approved,Visa,4216.33,Complaint,Pending,1,2023,7,July,2003,20.2,18-25
3103,18,Female,Fort Worth,Current,6975.74,2021-09-18,2023-02-16,Withdrawal,3952.16,3023.58,Auto,43738.56,3.97,Closed,AMEX,318.91,Complaint,Pending,1,2023,2,February,2021,1.4,18-25
3104,60,Male,Kansas City,Current,7291.8,2009-08-11,2023-07-07,Deposit,2765.57,4526.23,Personal,48423.49,9.69,Closed,Visa,523.74,Praise,Resolved,1,2023,7,July,2009,13.9,56-65
3105,68,Male,Detroit,Savings,5458.17,2009-09-03,2023-09-28,Deposit,2783.8,2674.37,Auto,32682.64,9.99,Closed,AMEX,2921.73,Praise,Resolved,1,2023,9,September,2009,14.1,65+
3106,22,Male,Los Angeles,Savings,8179.27,2008-07-13,2023-09-18,Deposit,1889.67,10068.94,Mortgage,18472.83,1.02,Rejected,Visa,1314.37,Complaint,Resolved,1,2023,9,September,2008,15.2,18-25
3107,46,Female,Omaha,Savings,2102.68,2015-03-18,2023-03-10,Withdrawal,4517.65,-2414.97,Personal,21274.09,7.18,Rejected,AMEX,3866.99,Suggestion,Resolved,1,2023,3,March,2015,8.0,46-55
3108,34,Male,Columbus,Current,4148.89,2004-04-17,2023-09-15,Withdrawal,2550.38,1598.51,Mortgage,13551.63,5.82,Approved,AMEX,2136.3,Praise,Resolved,1,2023,9,September,2004,19.4,26-35
3109,68,Female,Philadelphia,Current,8095.1,2001-02-11,2023-04-24,Deposit,1309.58,6785.52,Auto,35852.49,5.14,Approved,AMEX,2863.87,Suggestion,Pending,-1,2023,4,April,2001,22.2,65+
3110,66,Female,Omaha,Savings,6076.53,2003-01-13,2023-10-21,Transfer,4122.41,10198.94,Personal,18447.53,3.48,Closed,MasterCard,552.87,Complaint,Pending,1,2023,10,October,2003,20.8,65+
3111,54,Other,Milwaukee,Savings,9944.22,2007-12-13,2023-08-30,Withdrawal,4741.19,5203.03,Mortgage,2591.71,5.56,Closed,MasterCard,3487.05,Praise,Resolved,1,2023,8,August,2007,15.7,46-55
3112,41,Male,San Francisco,Savings,785.72,2016-11-24,2023-04-04,Withdrawal,1219.03,-433.31,Auto,3261.95,5.11,Closed,AMEX,4733.58,Suggestion,Pending,1,2023,4,April,2016,6.4,36-45
3113,69,Other,Boston,Savings,2518.68,2002-12-07,2023-07-01,Transfer,3030.27,5548.95,Personal,31122.73,4.61,Approved,AMEX,4803.23,Suggestion,Resolved,1,2023,7,July,2002,20.6,65+
3114,44,Female,Albuquerque,Savings,2071.34,2008-10-22,2023-10-22,Withdrawal,2946.97,-875.63,Auto,15228.82,8.65,Approved,AMEX,3246.69,Complaint,Pending,1,2023,10,October,2008,15.0,36-45
3115,26,Male,Fort Worth,Savings,9766.28,2017-08-09,2023-09-10,Transfer,3052.0,12818.28,Personal,9260.99,3.44,Approved,MasterCard,412.43,Praise,Resolved,1,2023,9,September,2017,6.1,26-35
3116,55,Male,San Jose,Savings,8705.7,2009-03-09,2023-01-20,Transfer,2825.53,11531.23,Auto,28065.89,6.38,Closed,AMEX,4293.61,Suggestion,Resolved,1,2023,1,January,2009,13.9,46-55
3117,30,Female,Denver,Savings,1417.92,2019-07-23,2023-09-07,Transfer,509.88,908.04,Personal,14643.39,8.78,Approved,Visa,4966.7,Suggestion,Resolved,1,2023,9,September,2019,4.1,26-35
3118,43,Male,Boston,Savings,3602.66,2009-12-13,2023-10-12,Transfer,2068.31,5670.97,Mortgage,4593.43,9.81,Approved,AMEX,673.06,Suggestion,Pending,1,2023,10,October,2009,13.8,36-45
3119,28,Female,Milwaukee,Savings,620.71,2015-06-29,2023-01-17,Transfer,4928.72,5549.43,Auto,10485.54,6.42,Rejected,MasterCard,4145.39,Suggestion,Resolved,1,2023,1,January,2015,7.6,26-35
3120,41,Male,Atlanta,Current,6362.42,2001-01-11,2023-02-20,Withdrawal,450.14,5912.28,Auto,39117.43,5.68,Rejected,MasterCard,777.81,Complaint,Resolved,1,2023,2,February,2001,22.1,36-45
3121,50,Male,Boston,Current,3378.83,2009-06-13,2023-05-16,Deposit,3351.48,27.35,Auto,42748.56,8.56,Closed,Visa,2237.28,Praise,Pending,1,2023,5,May,2009,13.9,46-55
3122,66,Female,Indianapolis,Current,2649.89,2005-01-25,2023-05-29,Transfer,4472.55,-1822.66,Personal,43735.23,2.7,Rejected,Visa,4623.78,Complaint,Pending,1,2023,5,May,2005,18.3,65+
3123,23,Other,Kansas City,Savings,5278.86,2013-04-02,2023-05-31,Withdrawal,1011.28,4267.58,Personal,27206.81,6.67,Approved,Visa,4660.41,Suggestion,Pending,1,2023,5,May,2013,10.2,18-25
3124,52,Female,El Paso,Savings,7975.96,2011-05-15,2023-04-25,Deposit,4014.07,11990.03,Auto,47596.61,1.58,Approved,MasterCard,2763.12,Complaint,Resolved,1,2023,4,April,2011,11.9,46-55
3125,33,Male,Columbus,Current,4098.78,2013-02-03,2023-12-13,Deposit,1216.46,5315.24,Personal,8431.77,6.94,Rejected,AMEX,4681.96,Complaint,Resolved,1,2023,12,December,2013,10.9,26-35
3126,30,Female,Philadelphia,Current,7598.74,2011-07-11,2023-09-19,Withdrawal,161.59,7760.33,Mortgage,34239.45,8.16,Rejected,AMEX,188.85,Suggestion,Resolved,1,2023,9,September,2011,12.2,26-35
3127,61,Female,Boston,Current,4516.71,2016-01-06,2023-06-29,Deposit,2610.45,7127.16,Auto,35508.82,1.57,Rejected,Visa,3430.86,Complaint,Pending,1,2023,6,June,2016,7.5,56-65
3128,28,Female,El Paso,Savings,2223.77,2019-10-23,2023-05-16,Deposit,3557.26,5781.03,Mortgage,3606.08,8.64,Approved,Visa,2141.3,Suggestion,Pending,1,2023,5,May,2019,3.6,26-35
3129,40,Male,Fort Worth,Savings,4517.44,2006-06-09,2023-04-09,Transfer,992.74,3524.7,Auto,14839.93,2.11,Approved,MasterCard,2769.15,Suggestion,Resolved,1,2023,4,April,2006,16.8,36-45
3130,19,Other,San Jose,Current,5426.74,2008-05-03,2023-11-21,Transfer,361.44,5065.3,Auto,47503.36,2.58,Closed,Visa,967.68,Suggestion,Pending,1,2023,11,November,2008,15.6,18-25
3131,47,Other,Mesa,Savings,4669.64,2015-09-21,2023-10-16,Withdrawal,2771.76,1897.88,Auto,38192.42,8.53,Rejected,Visa,1008.87,Suggestion,Pending,1,2023,10,October,2015,8.1,46-55
3132,36,Male,Colorado Springs,Current,2815.81,2004-07-05,2023-07-09,Transfer,747.13,3562.94,Mortgage,3680.0,2.12,Closed,MasterCard,3646.94,Suggestion,Resolved,1,2023,7,July,2004,19.0,36-45
3133,57,Other,Fresno,Current,1932.51,2007-08-13,2023-07-10,Deposit,929.73,1002.78,Personal,27498.9,7.06,Closed,AMEX,3840.26,Praise,Pending,1,2023,7,July,2007,15.9,56-65
3134,62,Female,Philadelphia,Current,9474.83,2022-01-21,2023-08-04,Deposit,3520.25,5954.58,Mortgage,32782.49,3.65,Approved,AMEX,3201.83,Praise,Resolved,-1,2023,8,August,2022,1.5,56-65
3135,63,Female,Kansas City,Savings,3045.11,2000-01-02,2023-06-09,Transfer,3064.41,-19.3,Mortgage,48681.09,3.24,Rejected,AMEX,1728.3,Suggestion,Resolved,1,2023,6,June,2000,23.4,56-65
3136,64,Other,Omaha,Current,7083.16,2021-12-10,2023-11-07,Withdrawal,4735.4,11818.56,Mortgage,36105.27,6.85,Closed,Visa,3530.35,Complaint,Resolved,1,2023,11,November,2021,1.9,56-65
3137,66,Other,San Diego,Savings,3472.87,2014-02-15,2023-10-16,Withdrawal,1623.84,5096.71,Auto,32294.04,1.96,Closed,MasterCard,2589.79,Complaint,Resolved,1,2023,10,October,2014,9.7,65+
3138,32,Other,San Diego,Current,9699.47,2021-06-29,2023-06-15,Transfer,1079.81,8619.66,Personal,45517.85,6.17,Rejected,Visa,3505.35,Praise,Resolved,1,2023,6,June,2021,2.0,26-35
3139,59,Female,Omaha,Current,9883.96,2005-10-05,2023-09-15,Withdrawal,3282.14,13166.1,Personal,33385.93,9.32,Closed,MasterCard,1076.75,Praise,Resolved,1,2023,9,September,2005,17.9,56-65
3140,50,Female,Tucson,Savings,8268.45,2016-11-07,2023-08-24,Withdrawal,4860.27,3408.18,Personal,46673.98,8.66,Approved,MasterCard,2459.45,Suggestion,Pending,1,2023,8,August,2016,6.8,46-55
3141,61,Male,Fresno,Savings,5856.59,2020-07-05,2023-07-28,Deposit,2771.86,8628.45,Personal,25146.03,8.66,Rejected,AMEX,628.98,Suggestion,Pending,1,2023,7,July,2020,3.1,56-65
3142,58,Male,Charlotte,Current,5466.47,2013-02-07,2023-08-17,Transfer,1476.14,6942.61,Mortgage,36209.69,3.73,Rejected,AMEX,4811.75,Suggestion,Resolved,1,2023,8,August,2013,10.5,56-65
3143,22,Female,Mesa,Savings,3356.72,2004-12-25,2023-03-07,Transfer,4553.24,-1196.52,Personal,31955.98,7.31,Rejected,MasterCard,4968.18,Suggestion,Pending,1,2023,3,March,2004,18.2,18-25
3144,39,Female,Sacramento,Current,1308.08,2006-07-14,2023-08-10,Deposit,3055.88,-1747.8,Mortgage,28073.78,8.02,Rejected,Visa,2146.29,Complaint,Pending,-1,2023,8,August,2006,17.1,36-45
3145,44,Male,Washington,Current,882.71,2009-06-04,2023-01-15,Deposit,1071.52,1954.23,Mortgage,16880.63,9.11,Closed,MasterCard,1981.42,Praise,Pending,1,2023,1,January,2009,13.6,36-45
3146,64,Male,El Paso,Savings,4707.93,2022-03-26,2023-11-13,Transfer,4748.58,-40.65,Personal,45285.14,3.38,Approved,MasterCard,2139.31,Complaint,Pending,1,2023,11,November,2022,1.6,56-65
3147,52,Female,Omaha,Current,9790.01,2019-11-22,2023-06-08,Transfer,1372.32,8417.69,Personal,14232.19,7.85,Closed,AMEX,932.69,Suggestion,Pending,1,2023,6,June,2019,3.5,46-55
3148,36,Other,Washington,Current,2544.09,2001-01-10,2023-09-02,Deposit,4493.43,7037.52,Mortgage,8810.08,3.09,Approved,AMEX,1040.41,Complaint,Pending,1,2023,9,September,2001,22.6,36-45
3149,56,Female,Phoenix,Current,4168.43,2014-02-11,2023-09-08,Withdrawal,3076.79,1091.64,Personal,35890.46,1.25,Approved,Visa,4874.86,Praise,Resolved,1,2023,9,September,2014,9.6,56-65
3150,24,Other,Milwaukee,Current,6450.05,2019-03-03,2023-06-15,Deposit,2518.21,3931.84,Auto,27781.09,5.34,Rejected,AMEX,1695.33,Suggestion,Pending,1,2023,6,June,2019,4.3,18-25
3151,56,Female,San Jose,Current,3575.53,2000-07-01,2023-06-06,Withdrawal,1669.51,5245.04,Personal,13880.17,7.89,Approved,MasterCard,4351.53,Praise,Resolved,1,2023,6,June,2000,22.9,56-65
3152,51,Male,Louisville,Current,135.93,2021-04-01,2023-07-25,Transfer,603.07,-467.14,Personal,43645.08,2.93,Rejected,Visa,38.26,Suggestion,Resolved,1,2023,7,July,2021,2.3,46-55
3153,51,Male,Oklahoma City,Current,4022.55,2009-01-12,2023-05-01,Transfer,1231.61,2790.94,Auto,15024.15,1.44,Closed,Visa,2981.48,Suggestion,Pending,1,2023,5,May,2009,14.3,46-55
3154,44,Male,Tucson,Savings,8065.95,2007-11-16,2023-06-20,Transfer,1661.73,6404.22,Personal,4125.32,4.36,Rejected,Visa,1138.73,Complaint,Pending,1,2023,6,June,2007,15.6,36-45
3155,61,Female,Indianapolis,Savings,9445.2,2019-10-04,2023-05-02,Transfer,1450.8,10896.0,Personal,1752.97,2.83,Approved,Visa,2850.2,Suggestion,Pending,1,2023,5,May,2019,3.6,56-65
3156,22,Female,Memphis,Current,2823.4,2007-10-30,2023-10-06,Transfer,375.9,3199.3,Personal,46219.9,4.44,Approved,AMEX,3350.01,Praise,Resolved,1,2023,10,October,2007,15.9,18-25
3157,21,Female,El Paso,Current,9224.29,2013-10-22,2023-01-25,Deposit,2903.11,6321.18,Personal,20706.73,9.29,Rejected,AMEX,4065.79,Praise,Pending,1,2023,1,January,2013,9.3,18-25
3158,24,Other,Las Vegas,Savings,8684.77,2004-12-27,2023-06-05,Transfer,2381.15,11065.92,Personal,11460.96,7.7,Closed,Visa,1226.31,Complaint,Resolved,1,2023,6,June,2004,18.4,18-25
3159,65,Female,Fresno,Current,4126.57,2008-03-11,2023-04-09,Transfer,541.25,4667.82,Personal,28787.97,4.36,Closed,AMEX,3194.24,Complaint,Resolved,1,2023,4,April,2008,15.1,56-65
3160,20,Other,San Antonio,Savings,146.31,2012-01-15,2023-12-16,Transfer,2324.63,2470.94,Auto,24906.4,3.93,Rejected,AMEX,20.54,Complaint,Resolved,1,2023,12,December,2012,11.9,18-25
3161,38,Other,Kansas City,Savings,8464.27,2018-07-04,2023-08-07,Transfer,404.03,8060.24,Personal,49992.29,9.29,Closed,AMEX,4996.27,Complaint,Pending,1,2023,8,August,2018,5.1,36-45
3162,51,Other,Atlanta,Savings,2939.05,2002-12-24,2023-07-19,Withdrawal,4658.33,-1719.28,Auto,44536.74,9.0,Closed,MasterCard,2092.03,Suggestion,Pending,1,2023,7,July,2002,20.6,46-55
3163,66,Male,Houston,Current,7583.28,2004-02-01,2023-03-24,Transfer,1302.8,6280.48,Mortgage,14284.01,6.44,Closed,MasterCard,992.34,Suggestion,Resolved,1,2023,3,March,2004,19.1,65+
3164,26,Other,Fresno,Current,5757.99,2015-04-28,2023-12-31,Withdrawal,3626.87,2131.12,Mortgage,35187.76,4.22,Rejected,Visa,3222.6,Suggestion,Pending,1,2023,12,December,2015,8.7,26-35
3165,37,Other,Washington,Savings,2294.48,2003-09-15,2023-12-30,Withdrawal,1263.73,3558.21,Auto,19971.56,8.13,Rejected,AMEX,2670.48,Praise,Resolved,1,2023,12,December,2003,20.3,36-45
3166,57,Male,Phoenix,Savings,6517.3,2005-08-18,2023-10-03,Transfer,2377.82,8895.12,Personal,18857.45,6.97,Approved,Visa,15.9,Suggestion,Resolved,1,2023,10,October,2005,18.1,56-65
3167,29,Other,El Paso,Current,7671.92,2003-11-28,2023-08-10,Withdrawal,4667.0,3004.92,Auto,18988.26,6.08,Approved,Visa,2009.24,Suggestion,Pending,1,2023,8,August,2003,19.7,26-35
3168,56,Female,Charlotte,Current,4797.01,2001-10-04,2023-01-29,Transfer,4359.72,437.29,Auto,32323.5,7.65,Approved,MasterCard,4139.98,Praise,Resolved,-1,2023,1,January,2001,21.3,56-65
3169,63,Female,Milwaukee,Savings,7504.31,2013-06-24,2023-05-16,Withdrawal,3896.61,3607.7,Auto,27361.21,2.21,Rejected,AMEX,1295.98,Complaint,Resolved,1,2023,5,May,2013,9.9,56-65
3170,45,Male,Dallas,Savings,4109.22,2013-07-31,2023-03-03,Deposit,3953.05,8062.27,Auto,37997.45,9.37,Rejected,AMEX,4800.35,Complaint,Resolved,1,2023,3,March,2013,9.6,36-45
3171,65,Male,Boston,Savings,9804.49,2020-06-17,2023-06-15,Transfer,4119.08,13923.57,Auto,8496.31,9.76,Rejected,MasterCard,4322.85,Praise,Pending,-1,2023,6,June,2020,3.0,56-65
3172,50,Other,Boston,Current,2474.1,2002-07-02,2023-05-11,Transfer,3715.75,6189.85,Personal,21845.93,4.19,Rejected,MasterCard,1854.26,Complaint,Resolved,1,2023,5,May,2002,20.9,46-55
3173,27,Other,Nashville,Current,7800.76,2010-08-05,2023-09-16,Withdrawal,4485.31,12286.07,Mortgage,43155.83,9.52,Rejected,Visa,2005.52,Complaint,Pending,1,2023,9,September,2010,13.1,26-35
3174,28,Other,Dallas,Savings,7521.06,2017-01-31,2023-11-07,Deposit,1757.67,9278.73,Auto,1155.06,8.16,Closed,AMEX,2262.15,Praise,Resolved,1,2023,11,November,2017,6.8,26-35
3175,24,Male,Kansas City,Current,5341.48,2006-05-14,2023-07-25,Transfer,2635.38,2706.1,Personal,31551.12,9.47,Approved,AMEX,3185.76,Suggestion,Pending,1,2023,7,July,2006,17.2,18-25
3176,35,Other,Washington,Current,3568.35,2002-09-19,2023-06-12,Withdrawal,3235.61,6803.96,Auto,39501.11,9.26,Rejected,AMEX,1638.91,Praise,Pending,1,2023,6,June,2002,20.7,26-35
3177,36,Female,El Paso,Savings,4513.02,2012-07-27,2023-10-27,Withdrawal,997.0,3516.02,Auto,19808.87,2.81,Approved,AMEX,5.29,Suggestion,Pending,1,2023,10,October,2012,11.2,36-45
3178,31,Female,Houston,Current,6331.93,2009-09-28,2023-06-21,Transfer,2521.28,3810.65,Auto,44297.18,3.34,Rejected,MasterCard,2182.96,Complaint,Resolved,1,2023,6,June,2009,13.7,26-35
3179,34,Other,Memphis,Current,5350.46,2016-11-04,2023-06-18,Withdrawal,629.16,5979.62,Mortgage,37048.89,3.35,Approved,AMEX,2473.87,Complaint,Resolved,-1,2023,6,June,2016,6.6,26-35
3180,40,Male,Charlotte,Savings,7639.25,2003-08-19,2023-06-04,Transfer,3062.09,4577.16,Personal,30696.36,1.85,Rejected,Visa,3546.69,Praise,Resolved,-1,2023,6,June,2003,19.8,36-45
3181,36,Female,New York,Savings,3670.75,2021-06-05,2023-04-02,Deposit,497.13,4167.88,Personal,10717.8,4.58,Rejected,AMEX,90.78,Suggestion,Pending,1,2023,4,April,2021,1.8,36-45
3182,62,Male,Baltimore,Current,1161.73,2010-12-26,2023-06-05,Deposit,2521.73,3683.46,Auto,33835.09,4.26,Approved,AMEX,3159.88,Complaint,Pending,1,2023,6,June,2010,12.4,56-65
3183,20,Female,Memphis,Current,5105.39,2015-04-26,2023-01-05,Deposit,2313.62,2791.77,Personal,41854.58,4.1,Closed,Visa,381.09,Praise,Pending,1,2023,1,January,2015,7.7,18-25
3184,51,Other,Oklahoma City,Savings,2664.22,2007-06-13,2023-06-20,Deposit,567.84,3232.06,Mortgage,36765.54,4.14,Rejected,AMEX,2626.85,Praise,Pending,1,2023,6,June,2007,16.0,46-55
3185,42,Other,Tucson,Current,6204.72,2004-11-25,2023-07-10,Withdrawal,2202.29,4002.43,Auto,29167.99,1.56,Closed,MasterCard,1005.52,Suggestion,Pending,1,2023,7,July,2004,18.6,36-45
3186,58,Male,Mesa,Savings,5251.2,2001-02-13,2023-02-08,Withdrawal,3392.26,1858.94,Auto,36014.27,2.67,Closed,Visa,4397.22,Complaint,Resolved,1,2023,2,February,2001,22.0,56-65
3187,48,Other,Washington,Savings,7809.61,2004-07-12,2023-01-10,Withdrawal,2977.62,10787.23,Auto,48867.54,3.66,Approved,MasterCard,2134.98,Complaint,Resolved,-1,2023,1,January,2004,18.5,46-55
3188,56,Male,San Jose,Savings,5794.75,2019-12-05,2023-03-04,Transfer,2295.65,8090.4,Auto,1529.41,9.0,Rejected,AMEX,622.78,Suggestion,Pending,1,2023,3,March,2019,3.2,56-65
3189,31,Male,San Antonio,Current,4364.52,2015-02-28,2023-09-22,Deposit,1831.08,2533.44,Auto,33532.5,9.34,Approved,AMEX,137.74,Praise,Resolved,1,2023,9,September,2015,8.6,26-35
3190,54,Female,San Diego,Savings,1286.57,2015-12-10,2023-03-25,Transfer,296.37,990.2,Personal,39856.64,3.57,Rejected,MasterCard,4260.09,Praise,Pending,1,2023,3,March,2015,7.3,46-55
3191,69,Female,Louisville,Current,1289.4,2016-07-18,2023-01-29,Deposit,4779.93,-3490.53,Mortgage,32305.68,7.25,Closed,AMEX,4688.02,Complaint,Resolved,1,2023,1,January,2016,6.5,65+
3192,64,Other,Dallas,Savings,6439.48,2016-01-02,2023-08-01,Transfer,2019.51,8458.99,Auto,14381.51,8.66,Closed,Visa,3631.42,Suggestion,Pending,1,2023,8,August,2016,7.6,56-65
3193,37,Male,Boston,Savings,8819.46,2014-03-25,2023-12-21,Withdrawal,2088.22,10907.68,Mortgage,41315.11,5.56,Closed,MasterCard,3320.42,Complaint,Resolved,1,2023,12,December,2014,9.7,36-45
3194,49,Female,Indianapolis,Current,4206.4,2009-10-29,2023-08-09,Withdrawal,650.43,3555.97,Auto,45751.66,7.8,Rejected,MasterCard,1242.94,Suggestion,Pending,1,2023,8,August,2009,13.8,46-55
3195,50,Other,Jacksonville,Savings,5354.81,2002-12-05,2023-09-28,Withdrawal,2668.01,8022.82,Personal,34491.73,9.78,Rejected,Visa,3626.95,Complaint,Resolved,1,2023,9,September,2002,20.8,46-55
3196,69,Other,Austin,Savings,5953.0,2016-07-26,2023-07-28,Transfer,4896.31,1056.69,Mortgage,26040.19,2.46,Closed,MasterCard,767.51,Praise,Resolved,1,2023,7,July,2016,7.0,65+
3197,48,Female,Milwaukee,Current,4825.25,2007-04-26,2023-06-01,Withdrawal,1272.6,6097.85,Mortgage,18949.72,1.63,Closed,MasterCard,4076.66,Praise,Resolved,1,2023,6,June,2007,16.1,46-55
3198,24,Other,Fort Worth,Current,689.68,2021-01-25,2023-02-04,Withdrawal,1573.55,2263.23,Auto,17172.78,6.76,Closed,MasterCard,2185.55,Praise,Pending,1,2023,2,February,2021,2.0,18-25
3199,22,Female,Milwaukee,Savings,5932.48,2017-07-04,2023-03-02,Deposit,1188.71,7121.19,Auto,36438.15,5.58,Closed,AMEX,4373.46,Complaint,Pending,1,2023,3,March,2017,5.7,18-25
3200,21,Male,Columbus,Savings,1457.31,2012-06-17,2023-10-03,Transfer,4334.26,-2876.95,Mortgage,30749.05,3.67,Rejected,AMEX,1715.26,Praise,Resolved,1,2023,10,October,2012,11.3,18-25
3201,28,Other,Albuquerque,Current,5602.46,2002-07-29,2023-11-10,Transfer,2381.3,3221.16,Personal,8685.68,9.25,Rejected,MasterCard,56.76,Praise,Pending,1,2023,11,November,2002,21.3,26-35
3202,36,Male,San Francisco,Savings,7776.24,2014-09-13,2023-04-10,Withdrawal,4119.38,11895.62,Auto,7913.74,8.61,Rejected,AMEX,4060.17,Suggestion,Pending,1,2023,4,April,2014,8.6,36-45
3203,55,Female,Sacramento,Savings,153.94,2016-09-28,2023-07-22,Transfer,4251.93,-4097.99,Auto,4483.86,3.38,Approved,Visa,4407.48,Complaint,Pending,1,2023,7,July,2016,6.8,46-55
3204,37,Male,New York,Savings,4361.72,2021-02-26,2023-09-04,Withdrawal,3747.96,8109.68,Auto,34492.08,7.97,Closed,MasterCard,94.39,Suggestion,Resolved,1,2023,9,September,2021,2.5,36-45
3205,44,Female,Memphis,Current,7482.33,2021-05-02,2023-08-10,Transfer,1312.61,8794.94,Auto,16403.85,8.46,Approved,Visa,1282.75,Complaint,Pending,1,2023,8,August,2021,2.3,36-45
3206,46,Other,Houston,Current,5332.51,2007-04-11,2023-07-07,Deposit,185.97,5518.48,Mortgage,1991.88,3.93,Closed,MasterCard,1587.48,Praise,Resolved,1,2023,7,July,2007,16.2,46-55
3207,35,Other,El Paso,Current,2429.54,2019-07-07,2023-03-27,Transfer,725.01,1704.53,Mortgage,17546.94,1.89,Approved,Visa,2990.81,Suggestion,Pending,1,2023,3,March,2019,3.7,26-35
3208,54,Other,Louisville,Current,7005.92,2016-03-26,2023-03-29,Withdrawal,3487.78,3518.14,Auto,41773.72,8.65,Rejected,MasterCard,1180.58,Complaint,Resolved,1,2023,3,March,2016,7.0,46-55
3209,69,Male,Indianapolis,Savings,7856.38,2018-02-13,2023-05-22,Transfer,3705.35,11561.73,Auto,13135.46,1.87,Closed,Visa,4630.22,Complaint,Pending,1,2023,5,May,2018,5.3,65+
3210,64,Male,Fort Worth,Current,3689.0,2008-01-22,2023-06-13,Transfer,3834.22,7523.22,Personal,32043.92,5.31,Closed,AMEX,4816.56,Suggestion,Resolved,1,2023,6,June,2008,15.4,56-65
3211,42,Male,Nashville,Current,3044.27,2000-11-01,2023-05-21,Deposit,1227.41,4271.68,Auto,22543.89,2.75,Closed,MasterCard,2926.85,Suggestion,Resolved,1,2023,5,May,2000,22.5,36-45
3212,37,Female,San Francisco,Current,5496.87,2008-01-20,2023-09-14,Transfer,773.65,4723.22,Personal,27895.9,9.35,Rejected,MasterCard,4928.56,Praise,Pending,1,2023,9,September,2008,15.6,36-45
3213,23,Other,Omaha,Current,3717.69,2001-03-24,2023-04-01,Deposit,4616.08,-898.39,Personal,30192.86,1.96,Rejected,MasterCard,853.33,Praise,Resolved,1,2023,4,April,2001,22.0,18-25
3214,53,Male,San Jose,Savings,8375.78,2020-05-23,2023-09-26,Deposit,3324.42,11700.2,Auto,23285.74,2.05,Closed,AMEX,576.69,Complaint,Pending,1,2023,9,September,2020,3.3,46-55
3215,66,Female,Albuquerque,Current,7812.6,2007-08-26,2023-06-12,Deposit,3712.39,11524.99,Auto,3834.94,7.32,Approved,Visa,2028.77,Praise,Resolved,1,2023,6,June,2007,15.8,65+
3216,32,Male,Atlanta,Current,3187.69,2003-05-15,2023-01-18,Withdrawal,478.59,2709.1,Auto,28817.08,2.85,Rejected,MasterCard,3978.43,Suggestion,Pending,1,2023,1,January,2003,19.7,26-35
3217,35,Female,Charlotte,Savings,4624.09,2015-01-20,2023-06-11,Deposit,2068.17,6692.26,Personal,20478.72,2.19,Approved,Visa,2946.13,Praise,Pending,1,2023,6,June,2015,8.4,26-35
3218,55,Other,Fort Worth,Savings,8905.93,2001-04-26,2023-02-21,Transfer,325.91,8580.02,Mortgage,10794.12,2.51,Approved,MasterCard,3149.65,Complaint,Pending,1,2023,2,February,2001,21.8,46-55
3219,42,Male,Charlotte,Current,1559.03,2017-07-27,2023-11-22,Transfer,3292.18,-1733.15,Personal,44928.9,6.36,Rejected,Visa,4793.86,Praise,Resolved,1,2023,11,November,2017,6.3,36-45
3220,37,Other,Fresno,Current,7566.9,2017-08-03,2023-02-27,Deposit,2451.9,5115.0,Auto,37067.29,3.0,Rejected,MasterCard,2990.05,Complaint,Resolved,1,2023,2,February,2017,5.6,36-45
3221,39,Male,Philadelphia,Current,3236.36,2008-05-26,2023-10-10,Deposit,2262.8,973.56,Personal,14919.34,4.4,Rejected,AMEX,2168.09,Complaint,Resolved,1,2023,10,October,2008,15.4,36-45
3222,68,Female,San Francisco,Savings,1282.82,2009-05-20,2023-05-26,Deposit,4515.51,-3232.69,Mortgage,27408.9,8.65,Rejected,AMEX,3924.11,Suggestion,Pending,1,2023,5,May,2009,14.0,65+
3223,29,Other,Oklahoma City,Current,1258.09,2013-11-01,2023-02-26,Withdrawal,3703.19,4961.28,Mortgage,48192.55,2.58,Approved,Visa,3824.52,Complaint,Resolved,1,2023,2,February,2013,9.3,26-35
3224,58,Male,Dallas,Savings,2835.24,2003-04-07,2023-01-09,Deposit,4821.62,7656.86,Personal,13027.62,8.44,Closed,Visa,4734.91,Suggestion,Pending,1,2023,1,January,2003,19.8,56-65
3225,57,Male,Phoenix,Savings,5525.99,2021-12-26,2023-07-11,Deposit,240.88,5766.87,Personal,47421.84,7.98,Closed,Visa,3071.13,Complaint,Resolved,1,2023,7,July,2021,1.5,56-65
3226,64,Other,El Paso,Savings,9088.11,2020-05-20,2023-03-20,Deposit,3082.23,12170.34,Auto,34484.71,8.48,Closed,AMEX,74.06,Complaint,Pending,1,2023,3,March,2020,2.8,56-65
3227,50,Female,Tucson,Savings,3099.65,2011-11-04,2023-05-31,Deposit,3154.78,6254.43,Mortgage,27501.0,4.12,Approved,AMEX,1669.04,Suggestion,Resolved,1,2023,5,May,2011,11.6,46-55
3228,46,Other,Kansas City,Current,2072.36,2004-02-26,2023-11-11,Deposit,142.45,2214.81,Personal,49177.18,5.25,Rejected,MasterCard,2107.3,Suggestion,Resolved,1,2023,11,November,2004,19.7,46-55
3229,19,Male,Columbus,Savings,4838.68,2005-07-17,2023-07-14,Transfer,3937.53,8776.21,Personal,17351.73,7.36,Approved,AMEX,3628.83,Praise,Resolved,1,2023,7,July,2005,18.0,18-25
3230,43,Other,San Francisco,Current,1650.63,2003-07-23,2023-07-20,Transfer,776.54,874.09,Personal,14633.33,1.34,Closed,Visa,2973.68,Complaint,Pending,1,2023,7,July,2003,20.0,36-45
3231,49,Other,Denver,Savings,2789.74,2011-03-16,2023-10-05,Transfer,3509.35,-719.61,Personal,17640.07,6.97,Closed,AMEX,3176.99,Suggestion,Resolved,1,2023,10,October,2011,12.6,46-55
3232,20,Female,Tucson,Current,9867.65,2019-04-03,2023-03-25,Withdrawal,198.74,9668.91,Auto,37792.06,2.08,Rejected,MasterCard,1324.85,Praise,Pending,1,2023,3,March,2019,4.0,18-25
3233,47,Female,New York,Current,5624.7,2010-03-12,2023-09-20,Withdrawal,3072.3,8697.0,Auto,17513.32,3.59,Approved,MasterCard,4146.43,Complaint,Pending,1,2023,9,September,2010,13.5,46-55
3234,36,Other,San Jose,Current,7860.71,2002-12-21,2023-05-25,Transfer,2608.7,10469.41,Personal,6035.36,8.29,Closed,Visa,1600.16,Complaint,Resolved,1,2023,5,May,2002,20.4,36-45
3235,27,Female,Portland,Savings,2196.92,2008-10-09,2023-08-21,Deposit,2421.55,-224.63,Auto,32571.29,6.72,Rejected,Visa,3579.1,Complaint,Pending,1,2023,8,August,2008,14.9,26-35
3236,42,Female,Philadelphia,Savings,5248.68,2007-10-30,2023-05-31,Deposit,1839.66,3409.02,Personal,11926.2,6.6,Closed,AMEX,1311.19,Praise,Pending,1,2023,5,May,2007,15.6,36-45
3237,63,Male,Philadelphia,Current,5154.24,2014-10-22,2023-02-06,Withdrawal,2106.99,7261.23,Personal,1203.99,3.04,Rejected,Visa,3163.21,Complaint,Resolved,1,2023,2,February,2014,8.3,56-65
3238,36,Female,Tucson,Savings,8145.41,2021-12-18,2023-11-20,Withdrawal,2389.7,10535.11,Mortgage,10758.71,7.01,Approved,AMEX,2541.58,Suggestion,Resolved,1,2023,11,November,2021,1.9,36-45
3239,60,Other,Baltimore,Current,313.56,2014-12-28,2023-07-20,Deposit,1495.47,-1181.91,Mortgage,41138.13,2.19,Rejected,Visa,644.88,Praise,Resolved,1,2023,7,July,2014,8.6,56-65
3240,38,Other,Sacramento,Savings,8618.75,2019-01-22,2023-12-28,Withdrawal,4677.09,3941.66,Auto,47072.16,9.68,Closed,Visa,1521.15,Complaint,Pending,-1,2023,12,December,2019,4.9,36-45
3241,23,Male,El Paso,Savings,887.99,2009-08-31,2023-07-11,Deposit,4825.36,5713.35,Personal,33435.69,3.27,Closed,Visa,2706.71,Complaint,Resolved,1,2023,7,July,2009,13.9,18-25
3242,68,Male,Jacksonville,Savings,9174.3,2009-10-18,2023-01-18,Transfer,1506.52,10680.82,Auto,16214.0,8.44,Rejected,MasterCard,2195.34,Suggestion,Resolved,1,2023,1,January,2009,13.3,65+
3243,31,Male,Denver,Current,1514.11,2006-03-25,2023-06-12,Withdrawal,3895.67,5409.78,Mortgage,22388.37,9.28,Closed,Visa,2019.1,Praise,Pending,1,2023,6,June,2006,17.2,26-35
3244,25,Other,Louisville,Current,5369.16,2012-05-22,2023-10-06,Transfer,3760.58,9129.74,Auto,10532.89,2.55,Closed,Visa,3618.51,Complaint,Pending,1,2023,10,October,2012,11.4,18-25
3245,19,Other,El Paso,Savings,1083.97,2000-05-24,2023-12-17,Withdrawal,4379.16,-3295.19,Personal,44158.12,1.09,Closed,Visa,3582.81,Complaint,Resolved,1,2023,12,December,2000,23.6,18-25
3246,35,Female,Houston,Current,4527.19,2006-01-17,2023-07-31,Transfer,29.19,4556.38,Auto,33613.5,8.87,Closed,Visa,4965.22,Praise,Resolved,1,2023,7,July,2006,17.5,26-35
3247,39,Male,Oklahoma City,Savings,3062.86,2014-12-24,2023-05-15,Transfer,1697.21,1365.65,Personal,5136.22,7.88,Rejected,Visa,612.07,Suggestion,Resolved,1,2023,5,May,2014,8.4,36-45
3248,47,Female,Denver,Current,4258.94,2011-06-11,2023-07-08,Withdrawal,733.49,3525.45,Mortgage,18979.75,2.39,Rejected,AMEX,1241.52,Complaint,Resolved,1,2023,7,July,2011,12.1,46-55
3249,53,Female,Portland,Current,5495.83,2001-06-17,2023-11-28,Withdrawal,1960.38,7456.21,Mortgage,27363.11,8.47,Approved,MasterCard,1442.12,Complaint,Resolved,1,2023,11,November,2001,22.4,46-55
3250,45,Other,Fresno,Current,4648.44,2017-02-28,2023-08-31,Transfer,2882.38,7530.82,Auto,40069.17,8.29,Closed,AMEX,1545.59,Complaint,Resolved,1,2023,8,August,2017,6.5,36-45
3251,52,Female,Houston,Savings,329.31,2000-06-29,2023-07-04,Transfer,4545.16,-4215.85,Auto,46104.73,5.15,Approved,AMEX,1656.14,Suggestion,Pending,1,2023,7,July,2000,23.0,46-55
3252,19,Male,Kansas City,Current,8648.19,2008-04-20,2023-07-15,Deposit,4199.67,4448.52,Personal,7501.0,9.52,Rejected,Visa,2832.37,Complaint,Pending,1,2023,7,July,2008,15.2,18-25
3253,53,Male,San Antonio,Savings,1040.05,2002-07-18,2023-09-02,Transfer,2500.12,-1460.07,Auto,41893.22,6.24,Closed,AMEX,237.53,Praise,Resolved,1,2023,9,September,2002,21.1,46-55
3254,35,Other,San Antonio,Savings,9808.21,2021-10-20,2023-01-15,Withdrawal,127.28,9680.93,Auto,4223.41,4.99,Closed,Visa,2328.43,Suggestion,Resolved,1,2023,1,January,2021,1.2,26-35
3255,60,Other,Detroit,Savings,8528.05,2012-05-11,2023-06-24,Deposit,1511.46,10039.51,Personal,12784.03,1.12,Rejected,AMEX,3541.93,Complaint,Pending,1,2023,6,June,2012,11.1,56-65
3256,26,Other,Detroit,Current,5657.62,2002-08-21,2023-11-08,Deposit,541.98,6199.6,Mortgage,2029.6,9.57,Rejected,AMEX,3625.7,Complaint,Resolved,1,2023,11,November,2002,21.2,26-35
3257,45,Male,Denver,Current,2527.41,2018-12-12,2023-04-07,Transfer,3256.66,-729.25,Auto,4127.59,2.16,Rejected,AMEX,2763.92,Suggestion,Resolved,1,2023,4,April,2018,4.3,36-45
3258,25,Other,Dallas,Savings,953.84,2009-03-03,2023-01-14,Deposit,3480.19,-2526.35,Auto,2588.59,3.67,Approved,Visa,4605.07,Praise,Resolved,1,2023,1,January,2009,13.9,18-25
3259,25,Male,Oklahoma City,Current,6751.17,2020-03-20,2023-06-04,Withdrawal,3247.52,9998.69,Mortgage,8154.39,7.56,Rejected,MasterCard,956.62,Suggestion,Pending,1,2023,6,June,2020,3.2,18-25
3260,22,Female,Indianapolis,Savings,2094.94,2008-08-22,2023-06-15,Withdrawal,1380.84,3475.78,Personal,43949.88,1.05,Approved,MasterCard,4929.69,Praise,Resolved,1,2023,6,June,2008,14.8,18-25
3261,30,Other,San Francisco,Savings,7358.88,2007-10-11,2023-04-14,Transfer,4598.35,2760.53,Auto,14907.5,5.88,Rejected,MasterCard,840.46,Suggestion,Resolved,1,2023,4,April,2007,15.5,26-35
3262,24,Other,Washington,Savings,8341.83,2020-07-18,2023-07-31,Deposit,2946.65,11288.48,Personal,24506.05,2.43,Approved,MasterCard,1718.09,Complaint,Pending,1,2023,7,July,2020,3.0,18-25
3263,38,Other,San Jose,Current,9890.75,2005-10-27,2023-05-10,Transfer,2990.27,12881.02,Auto,24868.7,1.2,Closed,Visa,258.21,Praise,Pending,1,2023,5,May,2005,17.5,36-45
3264,46,Male,Fort Worth,Current,5091.73,2015-06-09,2023-01-04,Transfer,4079.63,1012.1,Personal,49767.88,6.77,Rejected,AMEX,4810.45,Complaint,Resolved,1,2023,1,January,2015,7.6,46-55
3265,54,Female,Jacksonville,Current,9749.25,2010-09-03,2023-08-29,Transfer,355.53,9393.72,Auto,18868.97,6.43,Approved,Visa,2904.91,Complaint,Pending,1,2023,8,August,2010,13.0,46-55
3266,62,Other,New York,Savings,1578.27,2004-10-25,2023-06-01,Deposit,1055.94,522.33,Personal,13989.87,7.61,Closed,MasterCard,3375.98,Suggestion,Resolved,1,2023,6,June,2004,18.6,56-65
3267,69,Female,Albuquerque,Current,8378.85,2004-01-19,2023-05-17,Withdrawal,2952.01,5426.84,Personal,48198.99,6.56,Rejected,Visa,4801.4,Suggestion,Pending,1,2023,5,May,2004,19.3,65+
3268,65,Other,Baltimore,Savings,3662.04,2013-02-23,2023-05-27,Withdrawal,3056.06,605.98,Auto,30033.76,4.98,Approved,Visa,3781.47,Complaint,Resolved,1,2023,5,May,2013,10.3,56-65
3269,31,Male,San Diego,Savings,3711.64,2020-12-12,2023-07-09,Deposit,2339.16,6050.8,Auto,15184.59,5.31,Rejected,Visa,4896.23,Complaint,Resolved,1,2023,7,July,2020,2.6,26-35
3270,54,Female,Nashville,Current,2759.61,2002-09-03,2023-06-18,Transfer,3901.89,-1142.28,Auto,15086.81,2.98,Closed,MasterCard,2668.8,Suggestion,Pending,1,2023,6,June,2002,20.8,46-55
3271,68,Female,Washington,Current,1816.76,2009-05-20,2023-05-08,Withdrawal,1734.66,82.1,Auto,5231.77,1.75,Closed,AMEX,3602.41,Praise,Resolved,-1,2023,5,May,2009,14.0,65+
3272,21,Other,Seattle,Savings,4477.94,2000-03-21,2023-04-02,Transfer,66.06,4544.0,Mortgage,28286.56,8.75,Rejected,AMEX,784.15,Praise,Pending,-1,2023,4,April,2000,23.0,18-25
3273,39,Female,Los Angeles,Savings,9874.14,2019-12-16,2023-03-18,Withdrawal,1706.4,11580.54,Auto,36460.71,7.22,Approved,AMEX,211.08,Suggestion,Pending,1,2023,3,March,2019,3.3,36-45
3274,28,Male,Dallas,Current,3366.08,2012-10-09,2023-03-19,Transfer,4829.74,8195.82,Personal,24260.98,2.11,Approved,Visa,2225.16,Suggestion,Pending,-1,2023,3,March,2012,10.4,26-35
3275,51,Female,Chicago,Current,4664.71,2007-10-30,2023-04-24,Transfer,3897.39,8562.1,Auto,44337.41,3.38,Rejected,AMEX,449.7,Suggestion,Pending,1,2023,4,April,2007,15.5,46-55
3276,62,Female,Detroit,Savings,2362.19,2002-12-07,2023-03-15,Transfer,1598.08,764.11,Auto,24714.27,8.77,Approved,AMEX,2508.31,Praise,Resolved,1,2023,3,March,2002,20.3,56-65
3277,33,Female,Nashville,Current,3437.49,2006-09-22,2023-05-05,Withdrawal,1120.02,2317.47,Mortgage,17971.56,9.64,Approved,MasterCard,1766.2,Suggestion,Pending,1,2023,5,May,2006,16.6,26-35
3278,26,Female,Baltimore,Current,645.9,2008-06-11,2023-07-31,Transfer,4053.24,-3407.34,Mortgage,13288.36,8.12,Closed,Visa,928.52,Complaint,Pending,1,2023,7,July,2008,15.1,26-35
3279,33,Other,Louisville,Savings,9564.74,2005-02-11,2023-07-12,Withdrawal,1007.49,10572.23,Mortgage,12921.37,6.13,Approved,Visa,4924.46,Complaint,Resolved,1,2023,7,July,2005,18.4,26-35
3280,56,Other,Mesa,Current,5147.04,2010-07-18,2023-03-17,Withdrawal,2905.19,2241.85,Personal,16509.18,8.82,Rejected,MasterCard,4700.53,Praise,Resolved,1,2023,3,March,2010,12.7,56-65
3281,33,Female,Detroit,Savings,7356.22,2017-06-07,2023-08-15,Withdrawal,2544.72,9900.94,Mortgage,49606.77,6.64,Closed,AMEX,1393.78,Suggestion,Resolved,1,2023,8,August,2017,6.2,26-35
3282,48,Female,Fresno,Current,5181.57,2011-11-01,2023-12-06,Withdrawal,2119.12,3062.45,Mortgage,18680.5,7.29,Rejected,MasterCard,2139.1,Praise,Resolved,-1,2023,12,December,2011,12.1,46-55
3283,48,Male,San Diego,Savings,7724.95,2002-09-14,2023-11-28,Deposit,2135.55,9860.5,Auto,26705.39,8.44,Closed,MasterCard,3342.53,Suggestion,Pending,1,2023,11,November,2002,21.2,46-55
3284,30,Other,Jacksonville,Savings,5387.5,2015-01-05,2023-05-20,Withdrawal,3514.78,1872.72,Personal,14459.08,4.19,Approved,Visa,2636.35,Suggestion,Resolved,1,2023,5,May,2015,8.4,26-35
3285,22,Other,Columbus,Current,7045.29,2022-12-13,2023-06-16,Transfer,523.16,7568.45,Auto,8033.26,8.06,Rejected,Visa,4560.62,Praise,Pending,-1,2023,6,June,2022,0.5,18-25
3286,64,Other,Omaha,Current,6879.53,2022-05-28,2023-07-05,Withdrawal,1982.18,8861.71,Personal,32645.84,2.86,Rejected,AMEX,4938.08,Suggestion,Resolved,1,2023,7,July,2022,1.1,56-65
3287,56,Female,Charlotte,Current,5382.27,2018-09-28,2023-11-19,Transfer,4842.22,540.05,Personal,27715.78,2.75,Approved,MasterCard,311.33,Suggestion,Resolved,1,2023,11,November,2018,5.1,56-65
3288,35,Other,San Francisco,Current,2382.81,2022-01-16,2023-11-23,Deposit,3893.02,6275.83,Mortgage,4323.49,8.3,Closed,AMEX,2247.36,Suggestion,Resolved,1,2023,11,November,2022,1.9,26-35
3289,37,Male,Seattle,Savings,2197.29,2002-10-20,2023-08-03,Withdrawal,114.96,2312.25,Auto,44256.56,6.07,Rejected,AMEX,1887.17,Suggestion,Resolved,1,2023,8,August,2002,20.8,36-45
3290,19,Male,Albuquerque,Current,8755.62,2020-10-28,2023-03-18,Deposit,2240.81,6514.81,Mortgage,25877.79,4.73,Rejected,MasterCard,262.11,Complaint,Resolved,1,2023,3,March,2020,2.4,18-25
3291,57,Male,Kansas City,Current,1294.8,2009-01-07,2023-03-16,Withdrawal,594.8,700.0,Personal,17430.67,5.71,Approved,MasterCard,4558.23,Praise,Resolved,-1,2023,3,March,2009,14.2,56-65
3292,47,Male,El Paso,Savings,5636.49,2019-07-07,2023-04-26,Withdrawal,2428.71,8065.2,Personal,39188.59,9.8,Rejected,MasterCard,780.17,Praise,Resolved,1,2023,4,April,2019,3.8,46-55
3293,27,Male,El Paso,Savings,5075.1,2022-01-16,2023-12-06,Deposit,526.88,4548.22,Personal,6492.42,9.05,Closed,MasterCard,185.9,Praise,Resolved,1,2023,12,December,2022,1.9,26-35
3294,59,Other,Sacramento,Savings,8004.16,2008-07-10,2023-02-18,Transfer,1952.18,9956.34,Mortgage,24215.23,5.57,Closed,MasterCard,479.83,Suggestion,Pending,1,2023,2,February,2008,14.6,56-65
3295,28,Female,Colorado Springs,Current,1440.39,2010-01-11,2023-11-15,Transfer,2729.53,4169.92,Personal,27889.85,5.92,Rejected,AMEX,2188.84,Complaint,Pending,1,2023,11,November,2010,13.8,26-35
3296,46,Female,Charlotte,Savings,6904.25,2015-09-24,2023-08-27,Transfer,1842.87,8747.12,Auto,38981.12,6.53,Approved,Visa,2053.59,Praise,Pending,1,2023,8,August,2015,7.9,46-55
3297,57,Female,Las Vegas,Current,6097.93,2020-08-14,2023-10-10,Withdrawal,2897.09,3200.84,Auto,19141.99,8.12,Approved,AMEX,4524.79,Complaint,Resolved,1,2023,10,October,2020,3.2,56-65
3298,33,Female,Louisville,Savings,7041.85,2003-03-02,2023-07-17,Transfer,4925.39,11967.24,Mortgage,42893.24,8.86,Approved,MasterCard,96.7,Suggestion,Pending,1,2023,7,July,2003,20.4,26-35
3299,65,Other,Indianapolis,Current,6250.13,2022-11-15,2023-12-27,Transfer,1236.48,5013.65,Mortgage,35185.97,2.32,Closed,Visa,4623.23,Praise,Pending,1,2023,12,December,2022,1.1,56-65
3300,45,Other,Indianapolis,Savings,5669.22,2012-01-17,2023-02-27,Withdrawal,2826.89,2842.33,Auto,38782.69,6.65,Closed,Visa,2022.11,Suggestion,Resolved,1,2023,2,February,2012,11.1,36-45
3301,34,Other,Omaha,Savings,9270.06,2007-08-26,2023-05-02,Deposit,2361.91,11631.97,Mortgage,48484.8,3.04,Approved,Visa,1098.84,Suggestion,Pending,1,2023,5,May,2007,15.7,26-35
3302,55,Male,Colorado Springs,Current,3551.71,2022-07-29,2023-05-02,Transfer,4048.23,7599.94,Auto,42392.93,6.6,Approved,AMEX,4886.86,Suggestion,Pending,1,2023,5,May,2022,0.8,46-55
3303,67,Female,Philadelphia,Current,1928.41,2015-03-09,2023-09-22,Deposit,1581.26,347.15,Auto,17992.63,2.54,Approved,Visa,4570.96,Complaint,Resolved,1,2023,9,September,2015,8.5,65+
3304,66,Other,Los Angeles,Current,7974.52,2018-11-15,2023-08-01,Withdrawal,3193.69,4780.83,Mortgage,32644.74,8.27,Rejected,Visa,3145.78,Praise,Pending,1,2023,8,August,2018,4.7,65+
3305,61,Other,San Jose,Savings,1383.95,2014-02-17,2023-08-30,Withdrawal,3467.86,4851.81,Mortgage,43561.97,6.95,Rejected,MasterCard,448.97,Suggestion,Pending,1,2023,8,August,2014,9.5,56-65
3306,32,Other,Dallas,Current,6829.25,2021-04-22,2023-08-30,Transfer,4878.54,1950.71,Mortgage,26730.96,8.79,Closed,AMEX,3859.78,Suggestion,Pending,1,2023,8,August,2021,2.4,26-35
3307,48,Female,Fresno,Savings,5540.65,2022-03-24,2023-03-17,Transfer,764.81,6305.46,Auto,34457.19,9.5,Approved,AMEX,386.38,Praise,Resolved,1,2023,3,March,2022,1.0,46-55
3308,24,Female,San Francisco,Current,112.71,2007-11-05,2023-07-12,Deposit,4991.47,-4878.76,Mortgage,9440.8,9.41,Approved,Visa,1300.87,Praise,Pending,1,2023,7,July,2007,15.7,18-25
3309,63,Male,Portland,Current,2474.64,2017-10-03,2023-12-14,Transfer,3608.84,6083.48,Mortgage,40979.8,2.31,Closed,Visa,3022.27,Suggestion,Resolved,1,2023,12,December,2017,6.2,56-65
3310,47,Male,Memphis,Savings,5009.45,2007-06-01,2023-01-19,Deposit,2287.13,2722.32,Auto,38115.57,4.39,Approved,AMEX,174.89,Suggestion,Resolved,1,2023,1,January,2007,15.6,46-55
3311,53,Male,Atlanta,Savings,3364.18,2009-01-01,2023-05-02,Withdrawal,1325.18,2039.0,Mortgage,44555.8,5.35,Closed,Visa,1487.65,Complaint,Pending,1,2023,5,May,2009,14.3,46-55
3312,66,Female,Washington,Current,4326.23,2022-07-15,2023-05-22,Deposit,3147.22,7473.45,Personal,35797.29,8.1,Closed,AMEX,1790.92,Complaint,Pending,1,2023,5,May,2022,0.9,65+
3313,43,Male,Las Vegas,Savings,6052.57,2004-07-12,2023-08-06,Withdrawal,717.55,5335.02,Personal,43968.13,1.13,Closed,AMEX,257.14,Suggestion,Resolved,1,2023,8,August,2004,19.1,36-45
3314,28,Male,San Antonio,Current,7335.17,2002-03-08,2023-12-02,Transfer,4734.42,2600.75,Mortgage,8948.59,9.33,Approved,Visa,2828.59,Complaint,Resolved,1,2023,12,December,2002,21.7,26-35
3315,23,Other,Fresno,Current,1596.95,2015-05-14,2023-12-10,Deposit,930.28,2527.23,Auto,40868.72,4.67,Rejected,MasterCard,3376.6,Complaint,Resolved,1,2023,12,December,2015,8.6,18-25
3316,59,Female,Fort Worth,Current,2900.83,2000-01-25,2023-06-09,Deposit,3873.77,-972.94,Auto,47695.4,6.68,Approved,MasterCard,472.05,Complaint,Pending,1,2023,6,June,2000,23.4,56-65
3317,46,Male,El Paso,Current,6401.26,2013-11-08,2023-09-19,Deposit,1732.28,4668.98,Mortgage,40959.88,9.83,Approved,MasterCard,1876.96,Praise,Pending,1,2023,9,September,2013,9.9,46-55
3318,45,Male,Charlotte,Current,5925.56,2020-05-27,2023-04-23,Transfer,1087.07,4838.49,Mortgage,31146.17,8.94,Closed,MasterCard,1594.76,Suggestion,Pending,1,2023,4,April,2020,2.9,36-45
3319,32,Female,Tucson,Current,7394.8,2014-01-01,2023-12-16,Transfer,4045.24,3349.56,Auto,46398.51,4.26,Approved,AMEX,2456.3,Suggestion,Pending,1,2023,12,December,2014,10.0,26-35
3320,46,Male,San Jose,Current,6441.05,2020-03-19,2023-09-10,Transfer,4440.31,2000.74,Auto,5629.83,5.36,Closed,MasterCard,4663.8,Suggestion,Resolved,1,2023,9,September,2020,3.5,46-55
3321,23,Female,El Paso,Current,3368.49,2012-11-10,2023-10-06,Deposit,38.05,3330.44,Auto,1826.37,7.93,Rejected,MasterCard,2445.19,Suggestion,Pending,1,2023,10,October,2012,10.9,18-25
3322,65,Female,Kansas City,Current,5042.43,2012-04-11,2023-01-19,Deposit,4871.02,9913.45,Mortgage,48300.69,7.69,Closed,AMEX,13.66,Complaint,Pending,1,2023,1,January,2012,10.8,56-65
3323,29,Female,Albuquerque,Current,8858.94,2020-05-11,2023-08-05,Withdrawal,2115.38,6743.56,Auto,34467.25,7.34,Approved,MasterCard,180.91,Complaint,Resolved,1,2023,8,August,2020,3.2,26-35
3324,68,Male,Sacramento,Current,1942.29,2009-03-20,2023-08-05,Deposit,489.42,2431.71,Mortgage,6594.16,1.1,Rejected,Visa,1706.07,Complaint,Pending,1,2023,8,August,2009,14.4,65+
3325,33,Male,New York,Savings,3829.77,2012-05-21,2023-05-10,Withdrawal,2271.69,1558.08,Personal,17660.6,2.79,Closed,MasterCard,523.14,Suggestion,Resolved,1,2023,5,May,2012,11.0,26-35
3326,63,Male,Phoenix,Savings,8433.12,2005-08-26,2023-07-21,Transfer,601.65,9034.77,Personal,37691.3,3.0,Approved,MasterCard,1489.58,Praise,Pending,1,2023,7,July,2005,17.9,56-65
3327,55,Female,San Jose,Current,3705.52,2012-06-04,2023-06-30,Withdrawal,1301.32,5006.84,Mortgage,37768.99,3.26,Approved,MasterCard,3201.16,Complaint,Pending,1,2023,6,June,2012,11.1,46-55
3328,26,Male,Phoenix,Current,4181.03,2009-05-19,2023-04-18,Withdrawal,2791.98,1389.05,Mortgage,9329.59,1.87,Closed,Visa,1292.59,Suggestion,Resolved,1,2023,4,April,2009,13.9,26-35
3329,39,Other,Albuquerque,Current,3260.31,2002-10-13,2023-04-15,Deposit,1802.4,5062.71,Mortgage,24037.24,8.26,Rejected,Visa,573.86,Suggestion,Pending,1,2023,4,April,2002,20.5,36-45
3330,50,Female,Nashville,Current,9005.3,2005-07-10,2023-02-12,Deposit,1146.94,7858.36,Mortgage,40558.24,4.07,Approved,Visa,3506.43,Suggestion,Resolved,1,2023,2,February,2005,17.6,46-55
3331,43,Male,Las Vegas,Savings,6667.08,2015-07-31,2023-10-16,Withdrawal,990.45,5676.63,Auto,48373.07,7.98,Closed,Visa,4586.11,Complaint,Resolved,1,2023,10,October,2015,8.2,36-45
3332,57,Female,Seattle,Savings,2166.91,2020-12-09,2023-07-30,Withdrawal,3186.58,5353.49,Personal,31505.71,9.38,Rejected,AMEX,4552.76,Suggestion,Resolved,1,2023,7,July,2020,2.6,56-65
3333,24,Male,Nashville,Savings,7521.38,2006-08-22,2023-04-29,Transfer,4549.35,12070.73,Mortgage,32268.53,3.82,Approved,MasterCard,3263.94,Praise,Pending,1,2023,4,April,2006,16.7,18-25
3334,63,Female,Jacksonville,Current,481.3,2011-07-28,2023-10-17,Deposit,291.56,772.86,Mortgage,23998.12,5.08,Approved,MasterCard,925.31,Suggestion,Resolved,1,2023,10,October,2011,12.2,56-65
3335,49,Other,Las Vegas,Savings,4024.44,2012-04-23,2023-11-30,Transfer,1228.68,5253.12,Mortgage,27413.84,1.79,Rejected,Visa,4366.01,Complaint,Pending,1,2023,11,November,2012,11.6,46-55
3336,57,Female,Omaha,Savings,9106.72,2011-07-20,2023-12-22,Withdrawal,3330.39,12437.11,Mortgage,5847.75,3.65,Closed,Visa,3808.81,Praise,Resolved,1,2023,12,December,2011,12.4,56-65
3337,60,Female,Nashville,Savings,6928.88,2010-07-01,2023-01-20,Transfer,4936.87,1992.01,Mortgage,18129.82,5.92,Rejected,MasterCard,4194.49,Complaint,Pending,1,2023,1,January,2010,12.6,56-65
3338,41,Female,Boston,Savings,7951.65,2020-02-24,2023-11-14,Deposit,3409.93,4541.72,Auto,25857.39,2.62,Rejected,MasterCard,743.11,Suggestion,Resolved,1,2023,11,November,2020,3.7,36-45
3339,58,Male,El Paso,Savings,9320.02,2011-06-01,2023-01-02,Withdrawal,272.59,9592.61,Mortgage,14474.08,5.83,Rejected,MasterCard,2420.6,Complaint,Pending,1,2023,1,January,2011,11.6,56-65
3340,68,Female,Washington,Current,7768.06,2020-08-29,2023-08-04,Withdrawal,902.53,8670.59,Mortgage,18631.62,3.82,Rejected,Visa,2665.11,Praise,Pending,1,2023,8,August,2020,2.9,65+
3341,56,Male,Houston,Savings,976.98,2009-09-13,2023-03-29,Transfer,1744.86,2721.84,Mortgage,48588.64,9.91,Rejected,Visa,3875.43,Complaint,Pending,1,2023,3,March,2009,13.5,56-65
3342,55,Female,Fresno,Savings,2383.36,2022-09-24,2023-09-10,Deposit,795.44,1587.92,Mortgage,1254.92,4.38,Closed,AMEX,1628.16,Praise,Resolved,1,2023,9,September,2022,1.0,46-55
3343,67,Male,Philadelphia,Savings,5049.94,2006-02-02,2023-08-11,Withdrawal,919.56,5969.5,Mortgage,15829.53,1.35,Closed,AMEX,1732.92,Suggestion,Resolved,1,2023,8,August,2006,17.5,65+
3344,54,Male,Louisville,Current,237.19,2008-06-18,2023-07-27,Withdrawal,1375.53,-1138.34,Mortgage,29613.75,5.26,Approved,AMEX,4429.37,Praise,Resolved,1,2023,7,July,2008,15.1,46-55
3345,36,Male,Milwaukee,Savings,6283.52,2006-03-02,2023-04-28,Transfer,1870.15,4413.37,Mortgage,14669.38,4.01,Closed,AMEX,3701.78,Complaint,Pending,1,2023,4,April,2006,17.2,36-45
3346,60,Male,Sacramento,Savings,6606.72,2005-06-13,2023-03-09,Withdrawal,1965.3,8572.02,Personal,34146.73,4.33,Rejected,MasterCard,3195.65,Complaint,Resolved,1,2023,3,March,2005,17.7,56-65
3347,22,Female,Colorado Springs,Current,6994.84,2014-02-08,2023-08-14,Withdrawal,2501.89,4492.95,Personal,15664.48,4.33,Rejected,AMEX,604.55,Praise,Resolved,1,2023,8,August,2014,9.5,18-25
3348,47,Female,El Paso,Current,5601.68,2005-10-28,2023-03-20,Deposit,4641.9,959.78,Mortgage,32272.18,8.93,Rejected,AMEX,344.54,Praise,Resolved,1,2023,3,March,2005,17.4,46-55
3349,42,Male,Philadelphia,Savings,4578.56,2005-12-13,2023-12-05,Deposit,4966.81,9545.37,Personal,42643.27,5.48,Approved,AMEX,3228.1,Complaint,Resolved,1,2023,12,December,2005,18.0,36-45
3350,47,Male,Indianapolis,Savings,8569.93,2012-08-08,2023-05-27,Transfer,108.37,8678.3,Mortgage,33273.55,3.28,Closed,AMEX,2564.29,Complaint,Pending,1,2023,5,May,2012,10.8,46-55
3351,42,Male,Los Angeles,Savings,7696.59,2006-08-19,2023-02-04,Withdrawal,2473.9,5222.69,Mortgage,3444.34,8.13,Rejected,Visa,4922.74,Suggestion,Pending,1,2023,2,February,2006,16.5,36-45
3352,26,Other,Las Vegas,Current,6162.35,2019-07-12,2023-05-28,Deposit,3762.88,9925.23,Auto,39965.46,4.99,Approved,Visa,4260.74,Suggestion,Pending,1,2023,5,May,2019,3.9,26-35
3353,44,Other,San Francisco,Current,555.54,2012-09-03,2023-12-25,Transfer,375.74,179.8,Auto,11427.27,2.31,Closed,MasterCard,2850.43,Praise,Resolved,1,2023,12,December,2012,11.3,36-45
3354,41,Female,New York,Savings,6969.9,2011-10-23,2023-10-24,Deposit,4706.53,2263.37,Mortgage,32104.79,9.99,Approved,Visa,596.42,Complaint,Pending,1,2023,10,October,2011,12.0,36-45
3355,57,Other,Philadelphia,Savings,5625.79,2011-12-26,2023-05-02,Transfer,4689.18,10314.97,Mortgage,32689.95,1.25,Closed,MasterCard,491.25,Praise,Resolved,1,2023,5,May,2011,11.3,56-65
3356,60,Other,Phoenix,Savings,6965.54,2012-01-18,2023-02-01,Transfer,1049.88,5915.66,Auto,40383.12,7.38,Approved,AMEX,2308.54,Suggestion,Resolved,1,2023,2,February,2012,11.0,56-65
3357,55,Male,Memphis,Savings,3182.96,2013-01-09,2023-05-21,Withdrawal,3930.87,-747.91,Mortgage,25785.33,8.63,Approved,AMEX,746.71,Praise,Resolved,1,2023,5,May,2013,10.4,46-55
3358,32,Male,Fort Worth,Savings,7792.16,2003-05-03,2023-11-06,Transfer,2911.51,4880.65,Auto,19422.21,4.18,Closed,AMEX,3425.94,Complaint,Resolved,1,2023,11,November,2003,20.5,26-35
3359,55,Other,Colorado Springs,Savings,4237.58,2003-12-20,2023-01-16,Transfer,179.16,4058.42,Mortgage,26383.38,2.42,Approved,AMEX,235.76,Praise,Pending,1,2023,1,January,2003,19.1,46-55
3360,43,Other,Chicago,Savings,8955.24,2004-05-06,2023-09-23,Deposit,1493.54,7461.7,Auto,27742.09,4.93,Approved,Visa,4969.18,Suggestion,Pending,-1,2023,9,September,2004,19.4,36-45
3361,47,Other,New York,Savings,1129.7,2010-11-28,2023-09-06,Transfer,1324.25,2453.95,Personal,41255.37,5.34,Rejected,Visa,4729.23,Suggestion,Pending,1,2023,9,September,2010,12.8,46-55
3362,28,Male,Portland,Current,4897.04,2013-01-01,2023-07-03,Transfer,4399.79,9296.83,Auto,11048.48,10.0,Rejected,Visa,3020.38,Complaint,Pending,1,2023,7,July,2013,10.5,26-35
3363,46,Female,Las Vegas,Savings,2136.8,2018-09-30,2023-07-13,Deposit,4488.53,-2351.73,Mortgage,42494.77,1.18,Rejected,MasterCard,990.16,Praise,Pending,1,2023,7,July,2018,4.8,46-55
3364,32,Other,Denver,Savings,4589.35,2021-06-16,2023-06-15,Deposit,181.99,4771.34,Personal,18919.67,6.9,Rejected,MasterCard,1411.4,Suggestion,Pending,1,2023,6,June,2021,2.0,26-35
3365,61,Female,San Diego,Current,3602.27,2001-01-31,2023-02-22,Deposit,3709.64,7311.91,Mortgage,37449.25,8.24,Closed,MasterCard,1472.15,Praise,Pending,1,2023,2,February,2001,22.1,56-65
3366,26,Female,Los Angeles,Current,8054.0,2002-01-13,2023-03-23,Deposit,608.07,8662.07,Auto,17449.92,6.56,Rejected,MasterCard,931.59,Suggestion,Pending,1,2023,3,March,2002,21.2,26-35
3367,59,Other,Baltimore,Current,1754.98,2014-06-15,2023-02-03,Withdrawal,3956.71,5711.69,Mortgage,35735.38,6.67,Rejected,AMEX,549.82,Suggestion,Pending,1,2023,2,February,2014,8.6,56-65
3368,46,Female,Baltimore,Savings,6027.3,2005-07-10,2023-12-07,Withdrawal,4229.6,10256.9,Personal,40159.79,8.88,Rejected,AMEX,3315.34,Suggestion,Resolved,1,2023,12,December,2005,18.4,46-55
3369,32,Male,Colorado Springs,Savings,4124.2,2009-11-20,2023-03-26,Transfer,305.66,4429.86,Personal,28345.21,6.09,Rejected,Visa,3739.23,Praise,Resolved,1,2023,3,March,2009,13.3,26-35
3370,34,Other,Albuquerque,Savings,5228.94,2006-05-11,2023-07-26,Deposit,1638.04,6866.98,Auto,31357.69,8.93,Closed,AMEX,1221.87,Complaint,Pending,1,2023,7,July,2006,17.2,26-35
3371,33,Other,New York,Current,7172.59,2007-03-16,2023-07-21,Withdrawal,1904.67,5267.92,Mortgage,35680.27,2.89,Approved,Visa,3792.37,Suggestion,Pending,1,2023,7,July,2007,16.3,26-35
3372,39,Other,Kansas City,Savings,3635.3,2000-12-27,2023-02-28,Transfer,4776.19,8411.49,Personal,34732.94,5.65,Approved,MasterCard,824.84,Praise,Resolved,1,2023,2,February,2000,22.2,36-45
3373,57,Other,San Jose,Savings,3733.82,2001-02-03,2023-12-21,Withdrawal,1860.89,5594.71,Mortgage,36643.36,1.3,Closed,AMEX,1164.85,Suggestion,Pending,1,2023,12,December,2001,22.9,56-65
3374,66,Male,Austin,Savings,860.35,2010-01-02,2023-01-25,Withdrawal,1287.42,-427.07,Auto,42634.09,8.23,Closed,AMEX,3921.74,Praise,Resolved,1,2023,1,January,2010,13.1,65+
3375,60,Male,Jacksonville,Savings,5564.29,2001-07-16,2023-01-31,Withdrawal,3102.29,8666.58,Personal,11805.3,8.0,Approved,AMEX,4888.52,Suggestion,Pending,1,2023,1,January,2001,21.5,56-65
3376,28,Female,Detroit,Current,4227.35,2021-05-12,2023-03-15,Transfer,802.88,3424.47,Personal,11521.84,5.85,Rejected,AMEX,3889.33,Suggestion,Pending,1,2023,3,March,2021,1.8,26-35
3377,55,Other,Oklahoma City,Savings,8141.66,2005-08-26,2023-01-03,Withdrawal,3129.18,11270.84,Auto,48563.44,4.56,Rejected,Visa,987.01,Suggestion,Resolved,1,2023,1,January,2005,17.4,46-55
3378,42,Other,San Francisco,Savings,4448.72,2007-03-16,2023-12-08,Transfer,2298.29,2150.43,Personal,42714.71,4.33,Closed,MasterCard,1489.76,Complaint,Pending,1,2023,12,December,2007,16.7,36-45
3379,47,Female,San Francisco,Savings,9710.89,2005-07-09,2023-04-12,Deposit,3659.88,6051.01,Personal,29993.55,2.81,Closed,MasterCard,3198.4,Suggestion,Resolved,1,2023,4,April,2005,17.8,46-55
3380,19,Male,Houston,Savings,1800.68,2001-09-17,2023-07-13,Deposit,2898.31,-1097.63,Personal,1400.76,4.85,Closed,Visa,4773.64,Complaint,Resolved,1,2023,7,July,2001,21.8,18-25
3381,18,Other,Phoenix,Current,2743.91,2009-02-23,2023-08-03,Deposit,891.15,3635.06,Auto,42883.15,3.74,Rejected,Visa,4973.31,Suggestion,Resolved,1,2023,8,August,2009,14.4,18-25
3382,69,Female,El Paso,Savings,3979.94,2000-03-04,2023-05-01,Deposit,4687.51,8667.45,Personal,37828.23,6.2,Approved,AMEX,2938.02,Complaint,Pending,1,2023,5,May,2000,23.2,65+
3383,55,Male,Jacksonville,Current,1787.17,2005-04-11,2023-12-26,Withdrawal,2249.42,-462.25,Mortgage,47862.43,8.08,Rejected,MasterCard,2182.15,Complaint,Resolved,1,2023,12,December,2005,18.7,46-55
3384,54,Female,Louisville,Savings,9725.94,2002-06-15,2023-11-14,Withdrawal,3725.36,6000.58,Personal,1644.93,7.25,Approved,AMEX,1209.02,Suggestion,Pending,1,2023,11,November,2002,21.4,46-55
3385,26,Female,Tucson,Savings,6445.51,2016-01-15,2023-06-30,Deposit,2664.39,3781.12,Personal,2397.76,5.63,Closed,AMEX,380.97,Suggestion,Resolved,1,2023,6,June,2016,7.5,26-35
3386,22,Male,Detroit,Current,210.87,2020-03-03,2023-12-10,Transfer,4327.7,-4116.83,Personal,26355.07,9.54,Approved,AMEX,1535.88,Suggestion,Resolved,1,2023,12,December,2020,3.8,18-25
3387,67,Other,Memphis,Current,5827.25,2005-09-10,2023-02-02,Withdrawal,1691.76,4135.49,Auto,42946.41,2.78,Approved,MasterCard,2799.32,Complaint,Resolved,1,2023,2,February,2005,17.4,65+
3388,41,Male,Portland,Savings,7834.37,2000-01-01,2023-08-29,Withdrawal,3197.93,11032.3,Mortgage,49574.5,6.76,Rejected,AMEX,3194.24,Suggestion,Pending,1,2023,8,August,2000,23.7,36-45
3389,44,Other,Seattle,Current,607.87,2013-02-22,2023-04-01,Transfer,406.14,201.73,Auto,16681.24,1.79,Rejected,AMEX,1654.21,Praise,Resolved,1,2023,4,April,2013,10.1,36-45
3390,47,Male,Omaha,Savings,5821.44,2010-12-23,2023-05-21,Transfer,397.92,5423.52,Auto,2781.82,7.06,Approved,AMEX,4797.72,Complaint,Resolved,1,2023,5,May,2010,12.4,46-55
3391,68,Other,Jacksonville,Savings,3805.69,2016-06-29,2023-02-08,Transfer,4219.25,-413.56,Personal,10579.89,7.53,Closed,AMEX,471.73,Complaint,Pending,1,2023,2,February,2016,6.6,65+
3392,32,Other,Phoenix,Current,5856.62,2007-07-26,2023-01-29,Deposit,4093.7,9950.32,Auto,43973.51,8.04,Rejected,Visa,3547.45,Suggestion,Pending,1,2023,1,January,2007,15.5,26-35
3393,64,Female,Jacksonville,Savings,2600.8,2007-03-18,2023-04-15,Deposit,1802.87,4403.67,Personal,23856.07,6.97,Rejected,Visa,1884.91,Complaint,Pending,1,2023,4,April,2007,16.1,56-65
3394,26,Female,Nashville,Savings,6693.56,2009-05-25,2023-01-25,Transfer,3383.31,10076.87,Mortgage,42812.04,2.1,Rejected,AMEX,3897.66,Praise,Resolved,1,2023,1,January,2009,13.7,26-35
3395,63,Other,Las Vegas,Current,6746.19,2004-08-09,2023-10-02,Deposit,4146.63,10892.82,Mortgage,22751.51,1.4,Rejected,AMEX,4173.69,Praise,Resolved,1,2023,10,October,2004,19.1,56-65
3396,54,Male,Kansas City,Current,5441.1,2001-07-16,2023-04-09,Deposit,727.83,4713.27,Mortgage,3616.1,7.43,Rejected,AMEX,3625.69,Praise,Resolved,1,2023,4,April,2001,21.7,46-55
3397,47,Other,Chicago,Savings,9245.16,2019-02-22,2023-01-16,Transfer,4923.84,4321.32,Personal,31261.19,8.18,Approved,AMEX,2854.51,Complaint,Resolved,1,2023,1,January,2019,3.9,46-55
3398,66,Male,Omaha,Savings,9103.85,2000-09-14,2023-03-13,Withdrawal,4430.4,4673.45,Auto,22348.34,1.29,Approved,AMEX,387.11,Suggestion,Pending,1,2023,3,March,2000,22.5,65+
3399,32,Other,Milwaukee,Savings,570.59,2018-04-01,2023-07-18,Deposit,3457.67,4028.26,Mortgage,25076.31,2.35,Approved,AMEX,703.73,Complaint,Pending,1,2023,7,July,2018,5.3,26-35
3400,37,Male,Atlanta,Current,2969.95,2012-12-24,2023-03-26,Transfer,2720.71,249.24,Auto,47499.57,8.11,Closed,AMEX,2984.66,Suggestion,Resolved,1,2023,3,March,2012,10.3,36-45
3401,66,Female,Los Angeles,Savings,3706.16,2012-10-17,2023-08-06,Transfer,4475.68,8181.84,Mortgage,23396.67,9.71,Rejected,MasterCard,4822.08,Praise,Pending,1,2023,8,August,2012,10.8,65+
3402,42,Male,Los Angeles,Savings,647.16,2013-07-02,2023-07-04,Transfer,3699.27,4346.43,Personal,40029.85,5.68,Rejected,MasterCard,2647.86,Praise,Pending,1,2023,7,July,2013,10.0,36-45
3403,26,Female,Colorado Springs,Current,5284.01,2019-03-08,2023-06-22,Withdrawal,2927.73,8211.74,Personal,3886.72,2.38,Closed,Visa,4501.49,Suggestion,Resolved,1,2023,6,June,2019,4.3,26-35
3404,62,Male,Fresno,Savings,343.36,2010-08-11,2023-09-19,Transfer,4459.03,-4115.67,Personal,24472.91,3.89,Closed,Visa,4628.49,Suggestion,Pending,1,2023,9,September,2010,13.1,56-65
3405,39,Female,Oklahoma City,Current,6812.88,2011-03-17,2023-10-20,Transfer,1060.99,7873.87,Mortgage,29748.05,8.03,Rejected,AMEX,600.65,Complaint,Resolved,1,2023,10,October,2011,12.6,36-45
3406,30,Male,Tucson,Current,126.62,2007-04-08,2023-11-06,Withdrawal,1229.43,-1102.81,Auto,6548.32,5.89,Rejected,MasterCard,2281.06,Praise,Resolved,1,2023,11,November,2007,16.6,26-35
3407,54,Other,Houston,Savings,416.17,2010-11-28,2023-01-04,Transfer,4651.26,5067.43,Personal,15809.43,1.52,Approved,AMEX,3764.07,Suggestion,Pending,1,2023,1,January,2010,12.1,46-55
3408,45,Male,Austin,Current,8354.16,2010-06-12,2023-06-24,Deposit,344.81,8009.35,Auto,37240.09,3.78,Approved,MasterCard,2042.87,Suggestion,Pending,1,2023,6,June,2010,13.0,36-45
3409,31,Female,Phoenix,Savings,2600.83,2005-02-12,2023-12-07,Withdrawal,240.33,2841.16,Auto,10011.43,7.78,Rejected,MasterCard,1467.51,Praise,Pending,1,2023,12,December,2005,18.8,26-35
3410,47,Female,Boston,Savings,904.17,2001-01-12,2023-06-14,Withdrawal,3961.79,4865.96,Mortgage,7294.12,3.93,Rejected,AMEX,4570.38,Suggestion,Resolved,1,2023,6,June,2001,22.4,46-55
3411,56,Male,Atlanta,Current,4054.72,2006-07-20,2023-08-23,Transfer,2075.84,6130.56,Auto,15664.5,4.89,Rejected,MasterCard,2986.05,Suggestion,Resolved,1,2023,8,August,2006,17.1,56-65
3412,22,Other,Fresno,Current,604.39,2016-12-28,2023-06-19,Deposit,4582.12,5186.51,Personal,43089.12,9.15,Closed,Visa,3140.75,Praise,Pending,-1,2023,6,June,2016,6.5,18-25
3413,29,Male,Dallas,Current,7529.06,2002-04-28,2023-06-25,Withdrawal,1510.44,9039.5,Personal,38384.23,9.86,Approved,AMEX,3494.11,Complaint,Pending,1,2023,6,June,2002,21.2,26-35
3414,52,Male,Philadelphia,Savings,4992.06,2002-02-18,2023-08-16,Transfer,1443.29,6435.35,Auto,39063.28,7.81,Rejected,MasterCard,4864.26,Suggestion,Resolved,1,2023,8,August,2002,21.5,46-55
3415,58,Female,Seattle,Savings,5564.13,2009-05-04,2023-07-08,Transfer,4786.51,10350.64,Personal,16800.42,3.16,Rejected,AMEX,3076.9,Praise,Resolved,1,2023,7,July,2009,14.2,56-65
3416,59,Other,Columbus,Current,7554.82,2002-05-15,2023-01-15,Withdrawal,2773.3,4781.52,Mortgage,5848.01,3.19,Closed,MasterCard,81.05,Praise,Resolved,1,2023,1,January,2002,20.7,56-65
3417,18,Other,Denver,Savings,7866.14,2009-12-18,2023-09-11,Withdrawal,3072.41,4793.73,Personal,2565.68,3.74,Rejected,AMEX,4831.69,Praise,Pending,1,2023,9,September,2009,13.7,18-25
3418,63,Other,Columbus,Current,1448.96,2019-06-01,2023-02-28,Transfer,4491.41,-3042.45,Auto,29723.72,2.44,Approved,Visa,1136.18,Complaint,Resolved,1,2023,2,February,2019,3.7,56-65
3419,18,Other,Omaha,Savings,2874.77,2005-04-14,2023-09-04,Withdrawal,1910.29,964.48,Auto,35411.99,2.61,Approved,MasterCard,4806.97,Suggestion,Resolved,1,2023,9,September,2005,18.4,18-25
3420,59,Male,San Francisco,Savings,1839.09,2001-06-22,2023-10-25,Deposit,1246.83,3085.92,Auto,19516.67,3.3,Rejected,Visa,1984.28,Suggestion,Pending,1,2023,10,October,2001,22.3,56-65
3421,60,Other,Sacramento,Savings,634.98,2011-01-12,2023-06-08,Deposit,2859.65,-2224.67,Auto,26914.23,6.94,Rejected,MasterCard,4296.01,Praise,Pending,1,2023,6,June,2011,12.4,56-65
3422,37,Other,Memphis,Savings,5421.42,2016-08-05,2023-09-19,Transfer,2056.01,3365.41,Mortgage,14671.19,6.51,Approved,AMEX,2005.19,Suggestion,Resolved,1,2023,9,September,2016,7.1,36-45
3423,51,Other,San Francisco,Current,2573.02,2020-08-24,2023-10-02,Deposit,826.32,3399.34,Auto,18850.81,4.07,Closed,MasterCard,3150.32,Suggestion,Pending,1,2023,10,October,2020,3.1,46-55
3424,51,Female,San Diego,Savings,1624.41,2017-01-13,2023-06-15,Transfer,601.82,1022.59,Personal,36760.99,2.77,Rejected,MasterCard,2008.79,Complaint,Pending,1,2023,6,June,2017,6.4,46-55
3425,41,Female,New York,Current,5150.46,2014-10-30,2023-05-02,Withdrawal,3630.04,8780.5,Mortgage,36192.79,6.62,Rejected,MasterCard,3694.39,Praise,Resolved,1,2023,5,May,2014,8.5,36-45
3426,45,Female,Mesa,Savings,6376.75,2021-02-06,2023-12-26,Withdrawal,180.68,6196.07,Personal,2376.49,2.18,Closed,AMEX,4027.49,Suggestion,Resolved,1,2023,12,December,2021,2.9,36-45
3427,28,Other,San Antonio,Savings,7743.81,2019-07-23,2023-12-12,Transfer,2642.44,10386.25,Auto,47267.35,2.32,Rejected,MasterCard,4243.44,Complaint,Pending,1,2023,12,December,2019,4.4,26-35
3428,25,Male,Phoenix,Current,273.18,2022-02-13,2023-06-30,Transfer,1654.95,1928.13,Mortgage,14181.58,4.45,Closed,Visa,1114.47,Suggestion,Pending,1,2023,6,June,2022,1.4,18-25
3429,52,Male,Las Vegas,Savings,5310.22,2019-10-02,2023-09-11,Withdrawal,763.04,4547.18,Mortgage,45471.74,6.11,Approved,Visa,4152.86,Praise,Pending,1,2023,9,September,2019,3.9,46-55
3430,58,Female,Louisville,Current,2744.0,2002-06-15,2023-05-06,Transfer,4454.43,-1710.43,Personal,26082.94,7.55,Closed,MasterCard,2019.87,Suggestion,Resolved,1,2023,5,May,2002,20.9,56-65
3431,33,Female,San Francisco,Savings,9916.75,2020-10-04,2023-11-27,Deposit,3705.3,13622.05,Personal,25459.92,7.18,Rejected,AMEX,3034.51,Complaint,Pending,1,2023,11,November,2020,3.1,26-35
3432,33,Other,Atlanta,Savings,1653.67,2017-10-06,2023-04-20,Deposit,3867.76,5521.43,Auto,23080.05,4.41,Rejected,MasterCard,311.91,Complaint,Pending,1,2023,4,April,2017,5.5,26-35
3433,59,Female,Oklahoma City,Savings,4434.67,2009-11-04,2023-05-22,Deposit,2185.08,6619.75,Mortgage,46198.94,6.89,Rejected,AMEX,2998.26,Praise,Pending,1,2023,5,May,2009,13.5,56-65
3434,23,Female,Chicago,Current,9703.26,2006-04-20,2023-05-02,Withdrawal,3245.25,12948.51,Auto,11197.29,2.9,Closed,Visa,4123.03,Complaint,Resolved,1,2023,5,May,2006,17.0,18-25
3435,37,Female,Atlanta,Savings,2209.66,2008-05-06,2023-01-10,Withdrawal,461.81,2671.47,Mortgage,30970.61,5.44,Rejected,MasterCard,1414.7,Praise,Pending,1,2023,1,January,2008,14.7,36-45
3436,69,Female,Detroit,Current,8088.29,2007-01-28,2023-09-12,Withdrawal,704.99,7383.3,Personal,16571.3,6.54,Rejected,MasterCard,2307.85,Suggestion,Resolved,1,2023,9,September,2007,16.6,65+
3437,69,Male,Charlotte,Savings,2506.09,2011-08-29,2023-01-17,Transfer,1619.62,886.47,Auto,45846.69,7.7,Rejected,MasterCard,4107.49,Complaint,Resolved,1,2023,1,January,2011,11.4,65+
3438,28,Other,San Diego,Current,845.11,2014-04-24,2023-07-22,Withdrawal,2294.3,-1449.19,Mortgage,9297.69,1.72,Closed,Visa,1501.44,Praise,Resolved,1,2023,7,July,2014,9.2,26-35
3439,25,Male,San Jose,Current,523.28,2000-08-30,2023-01-15,Withdrawal,478.16,45.12,Personal,34133.3,1.91,Approved,Visa,4596.26,Complaint,Resolved,1,2023,1,January,2000,22.4,18-25
3440,37,Female,Chicago,Current,9492.51,2006-06-08,2023-01-03,Deposit,2829.22,6663.29,Personal,21666.16,1.66,Closed,Visa,772.36,Complaint,Resolved,1,2023,1,January,2006,16.6,36-45
3441,49,Other,New York,Current,2207.64,2002-11-11,2023-08-30,Withdrawal,1206.61,3414.25,Auto,33399.92,5.92,Closed,AMEX,2377.92,Praise,Resolved,1,2023,8,August,2002,20.8,46-55
3442,50,Other,Dallas,Savings,2990.35,2018-02-28,2023-11-08,Transfer,3875.04,-884.69,Auto,8722.77,6.13,Approved,MasterCard,3169.55,Complaint,Pending,1,2023,11,November,2018,5.7,46-55
3443,23,Male,Milwaukee,Current,9672.41,2007-04-19,2023-07-06,Transfer,12.34,9660.07,Mortgage,20289.3,1.1,Rejected,AMEX,2356.91,Complaint,Resolved,1,2023,7,July,2007,16.2,18-25
3444,45,Male,Detroit,Current,6608.17,2005-07-04,2023-10-09,Deposit,4331.73,2276.44,Auto,6255.86,6.91,Rejected,MasterCard,2063.25,Complaint,Pending,1,2023,10,October,2005,18.3,36-45
3445,25,Female,San Francisco,Savings,4932.46,2017-11-13,2023-04-13,Deposit,3665.57,8598.03,Personal,48470.07,7.87,Closed,AMEX,3183.69,Suggestion,Pending,1,2023,4,April,2017,5.4,18-25
3446,31,Male,Fresno,Current,4410.67,2019-12-24,2023-08-23,Transfer,2735.4,1675.27,Auto,11485.63,2.05,Rejected,AMEX,4440.68,Suggestion,Pending,1,2023,8,August,2019,3.7,26-35
3447,20,Female,Dallas,Savings,580.79,2014-05-12,2023-06-27,Deposit,3690.29,4271.08,Auto,49668.08,4.04,Approved,Visa,3313.36,Suggestion,Pending,1,2023,6,June,2014,9.1,18-25
3448,19,Female,San Jose,Savings,8405.55,2003-10-26,2023-03-28,Deposit,1829.25,6576.3,Mortgage,21506.41,8.65,Rejected,AMEX,3120.54,Complaint,Resolved,1,2023,3,March,2003,19.4,18-25
3449,39,Female,Phoenix,Savings,7644.16,2017-07-14,2023-11-13,Transfer,821.31,8465.47,Mortgage,4505.91,7.18,Approved,AMEX,3725.58,Praise,Resolved,1,2023,11,November,2017,6.3,36-45
3450,50,Other,San Jose,Savings,997.91,2005-09-06,2023-09-10,Deposit,55.47,942.44,Personal,1861.18,3.74,Approved,AMEX,2019.96,Praise,Resolved,1,2023,9,September,2005,18.0,46-55
3451,60,Other,New York,Current,3599.23,2007-12-06,2023-11-07,Transfer,2747.29,6346.52,Personal,30348.86,7.68,Rejected,AMEX,86.8,Praise,Pending,1,2023,11,November,2007,15.9,56-65
3452,38,Male,Boston,Savings,8865.56,2022-12-05,2023-07-11,Transfer,1466.79,7398.77,Auto,31121.75,8.99,Closed,AMEX,4694.62,Praise,Pending,1,2023,7,July,2022,0.6,36-45
3453,23,Male,Houston,Current,2440.77,2001-01-10,2023-01-03,Transfer,1071.32,3512.09,Mortgage,26714.87,3.78,Rejected,MasterCard,1531.37,Suggestion,Resolved,1,2023,1,January,2001,22.0,18-25
3454,57,Other,Mesa,Savings,6151.21,2010-12-04,2023-06-07,Deposit,4336.38,1814.83,Mortgage,4253.56,7.16,Closed,AMEX,3840.87,Praise,Resolved,1,2023,6,June,2010,12.5,56-65
3455,24,Male,Jacksonville,Current,4930.57,2017-02-19,2023-07-05,Transfer,3628.59,8559.16,Personal,17243.71,1.84,Rejected,AMEX,2946.61,Praise,Pending,-1,2023,7,July,2017,6.4,18-25
3456,23,Female,Louisville,Savings,8203.36,2010-02-23,2023-05-21,Withdrawal,4950.98,13154.34,Mortgage,18594.47,1.53,Rejected,MasterCard,3471.05,Complaint,Pending,1,2023,5,May,2010,13.2,18-25
3457,67,Female,Philadelphia,Current,456.93,2012-03-25,2023-11-21,Withdrawal,3311.21,-2854.28,Auto,35536.02,6.28,Closed,Visa,4088.99,Praise,Pending,1,2023,11,November,2012,11.7,65+
3458,61,Other,Portland,Savings,8179.86,2002-09-21,2023-02-20,Withdrawal,4477.88,12657.74,Mortgage,21523.88,5.43,Rejected,Visa,2462.87,Complaint,Pending,1,2023,2,February,2002,20.4,56-65
3459,25,Male,Fort Worth,Current,1443.62,2006-10-25,2023-11-06,Deposit,600.5,843.12,Personal,29075.39,8.29,Closed,Visa,170.33,Complaint,Resolved,1,2023,11,November,2006,17.0,18-25
3460,41,Male,Chicago,Current,249.22,2007-04-15,2023-06-28,Transfer,3616.59,3865.81,Mortgage,15030.19,8.02,Approved,MasterCard,4816.35,Praise,Pending,1,2023,6,June,2007,16.2,36-45
3461,44,Other,Tucson,Current,5995.46,2015-01-12,2023-06-04,Withdrawal,440.26,5555.2,Mortgage,36573.11,3.58,Approved,AMEX,4014.47,Suggestion,Pending,1,2023,6,June,2015,8.4,36-45
3462,68,Female,Jacksonville,Savings,2660.55,2009-08-16,2023-09-25,Transfer,481.91,2178.64,Personal,3291.53,5.61,Rejected,AMEX,3211.77,Praise,Resolved,-1,2023,9,September,2009,14.1,65+
3463,45,Female,Milwaukee,Current,7121.85,2011-02-14,2023-04-23,Deposit,4290.6,11412.45,Auto,49436.71,7.8,Closed,MasterCard,4443.51,Complaint,Pending,1,2023,4,April,2011,12.2,36-45
3464,22,Male,Charlotte,Current,4750.85,2015-12-22,2023-04-30,Deposit,1806.83,2944.02,Auto,32433.14,3.44,Closed,MasterCard,4619.17,Suggestion,Resolved,1,2023,4,April,2015,7.4,18-25
3465,36,Other,San Antonio,Current,6094.69,2013-09-19,2023-03-30,Withdrawal,1589.0,4505.69,Personal,8294.2,4.26,Approved,MasterCard,4386.44,Complaint,Resolved,1,2023,3,March,2013,9.5,36-45
3466,26,Other,Mesa,Savings,6928.09,2021-06-03,2023-04-16,Deposit,927.08,7855.17,Mortgage,36157.05,1.54,Approved,Visa,712.09,Suggestion,Resolved,1,2023,4,April,2021,1.9,26-35
3467,42,Female,Columbus,Savings,9276.59,2015-06-06,2023-07-26,Deposit,2429.86,11706.45,Mortgage,39541.3,2.17,Approved,Visa,3644.13,Praise,Resolved,-1,2023,7,July,2015,8.1,36-45
3468,61,Female,Columbus,Current,8248.79,2015-02-06,2023-01-31,Transfer,1025.88,7222.91,Personal,39641.2,6.49,Approved,Visa,1594.8,Suggestion,Pending,1,2023,1,January,2015,8.0,56-65
3469,64,Male,Chicago,Current,5001.61,2021-09-07,2023-09-24,Transfer,2693.86,2307.75,Auto,14265.88,5.47,Approved,MasterCard,211.79,Complaint,Pending,1,2023,9,September,2021,2.0,56-65
3470,62,Other,Chicago,Current,4436.36,2005-04-10,2023-06-13,Withdrawal,3305.59,7741.95,Auto,47973.25,2.52,Closed,Visa,1394.37,Suggestion,Pending,1,2023,6,June,2005,18.2,56-65
3471,30,Male,Washington,Current,6581.29,2013-11-24,2023-05-01,Withdrawal,3278.01,3303.28,Auto,1869.16,1.07,Approved,MasterCard,3273.16,Complaint,Resolved,1,2023,5,May,2013,9.4,26-35
3472,54,Male,Denver,Current,7361.99,2000-08-16,2023-05-14,Transfer,1829.6,5532.39,Auto,19612.13,2.52,Approved,Visa,4564.0,Complaint,Pending,1,2023,5,May,2000,22.7,46-55
3473,19,Other,Sacramento,Savings,1809.27,2018-01-11,2023-05-03,Deposit,3523.15,-1713.88,Auto,6106.69,7.75,Approved,AMEX,3453.85,Complaint,Pending,1,2023,5,May,2018,5.3,18-25
3474,68,Other,Fort Worth,Savings,421.99,2016-07-27,2023-10-28,Withdrawal,1337.76,-915.77,Auto,19858.11,1.84,Rejected,MasterCard,2908.45,Complaint,Pending,1,2023,10,October,2016,7.3,65+
3475,57,Female,Phoenix,Savings,4601.06,2015-07-28,2023-03-31,Transfer,4040.33,560.73,Auto,3804.02,4.62,Closed,AMEX,1668.53,Complaint,Pending,1,2023,3,March,2015,7.7,56-65
3476,31,Other,Jacksonville,Savings,1084.59,2022-01-02,2023-03-13,Deposit,10.57,1074.02,Personal,32604.01,3.15,Closed,MasterCard,1107.5,Suggestion,Resolved,-1,2023,3,March,2022,1.2,26-35
3477,48,Male,Tucson,Savings,2800.06,2007-03-24,2023-12-25,Deposit,4833.16,7633.22,Mortgage,4060.6,5.94,Closed,Visa,2757.82,Complaint,Resolved,1,2023,12,December,2007,16.8,46-55
3478,23,Male,San Jose,Savings,5888.92,2021-10-23,2023-02-06,Deposit,2173.53,3715.39,Auto,31176.49,5.6,Rejected,AMEX,2419.04,Praise,Pending,1,2023,2,February,2021,1.3,18-25
3479,42,Other,Sacramento,Current,1599.38,2003-07-18,2023-04-11,Withdrawal,1676.64,-77.26,Mortgage,12470.13,9.85,Approved,Visa,3425.85,Complaint,Pending,1,2023,4,April,2003,19.7,36-45
3480,56,Male,Albuquerque,Savings,382.08,2011-07-27,2023-04-22,Withdrawal,3126.17,3508.25,Personal,9778.25,7.96,Approved,MasterCard,2688.33,Praise,Resolved,1,2023,4,April,2011,11.7,56-65
3481,63,Other,Austin,Current,5590.55,2004-03-28,2023-01-30,Transfer,4396.69,9987.24,Personal,18003.04,9.44,Closed,AMEX,2079.35,Praise,Pending,1,2023,1,January,2004,18.8,56-65
3482,48,Female,Kansas City,Savings,4715.65,2016-02-05,2023-02-07,Transfer,1769.33,2946.32,Mortgage,32407.09,6.2,Approved,MasterCard,4236.81,Complaint,Pending,-1,2023,2,February,2016,7.0,46-55
3483,55,Female,Las Vegas,Current,3132.4,2001-05-31,2023-07-26,Transfer,359.51,2772.89,Personal,29331.82,7.64,Approved,Visa,3975.56,Suggestion,Pending,1,2023,7,July,2001,22.2,46-55
3484,33,Other,Sacramento,Current,4740.98,2009-07-20,2023-06-15,Transfer,1775.63,6516.61,Personal,34343.11,9.06,Rejected,MasterCard,4067.38,Praise,Pending,1,2023,6,June,2009,13.9,26-35
3485,44,Male,Denver,Current,6866.87,2012-08-12,2023-01-09,Transfer,35.38,6902.25,Personal,46030.07,1.37,Closed,Visa,455.5,Suggestion,Pending,1,2023,1,January,2012,10.4,36-45
3486,47,Other,Philadelphia,Current,1179.11,2008-03-28,2023-10-04,Withdrawal,933.36,245.75,Mortgage,10961.86,9.24,Closed,MasterCard,745.96,Praise,Pending,1,2023,10,October,2008,15.5,46-55
3487,21,Other,Omaha,Savings,2631.33,2022-05-08,2023-06-18,Deposit,269.52,2900.85,Auto,21254.5,2.91,Approved,MasterCard,1002.09,Complaint,Pending,1,2023,6,June,2022,1.1,18-25
3488,56,Female,Sacramento,Savings,7970.11,2005-06-03,2023-11-21,Deposit,1944.05,9914.16,Mortgage,14025.21,7.35,Approved,MasterCard,4549.55,Complaint,Resolved,1,2023,11,November,2005,18.5,56-65
3489,33,Other,Houston,Current,6734.21,2015-03-20,2023-10-02,Withdrawal,308.15,6426.06,Auto,29731.05,7.96,Approved,Visa,1808.79,Praise,Pending,1,2023,10,October,2015,8.5,26-35
3490,53,Female,Tucson,Current,2735.91,2006-02-28,2023-09-06,Deposit,4919.79,7655.7,Mortgage,14886.64,1.98,Closed,MasterCard,3275.31,Complaint,Resolved,1,2023,9,September,2006,17.5,46-55
3491,24,Female,San Jose,Current,4041.69,2021-08-29,2023-04-22,Withdrawal,3911.76,129.93,Auto,28342.82,9.58,Rejected,MasterCard,211.81,Suggestion,Resolved,1,2023,4,April,2021,1.6,18-25
3492,38,Other,Mesa,Current,1285.52,2022-10-19,2023-03-21,Deposit,2103.47,3388.99,Personal,41335.03,9.34,Approved,AMEX,3665.95,Complaint,Resolved,1,2023,3,March,2022,0.4,36-45
3493,19,Other,Denver,Savings,2605.96,2014-02-08,2023-01-18,Deposit,3954.21,-1348.25,Personal,27996.33,6.89,Approved,MasterCard,3815.36,Complaint,Pending,1,2023,1,January,2014,8.9,18-25
3494,25,Other,Fort Worth,Savings,8427.4,2008-04-25,2023-03-21,Transfer,2092.64,6334.76,Mortgage,42068.33,2.4,Approved,AMEX,3727.95,Praise,Resolved,1,2023,3,March,2008,14.9,18-25
3495,59,Other,Austin,Current,4460.07,2018-01-14,2023-07-14,Withdrawal,3238.94,1221.13,Auto,30956.16,6.09,Closed,MasterCard,217.31,Complaint,Resolved,1,2023,7,July,2018,5.5,56-65
3496,44,Female,Philadelphia,Current,6438.9,2010-10-04,2023-07-18,Deposit,4109.37,10548.27,Personal,43644.69,4.1,Rejected,AMEX,491.4,Complaint,Pending,1,2023,7,July,2010,12.8,36-45
3497,19,Other,Fort Worth,Current,1681.44,2003-10-25,2023-04-26,Withdrawal,3425.17,-1743.73,Personal,46590.44,9.38,Approved,MasterCard,3712.99,Praise,Resolved,1,2023,4,April,2003,19.5,18-25
3498,23,Female,Portland,Current,1914.73,2021-07-08,2023-02-01,Withdrawal,431.71,1483.02,Mortgage,25882.83,4.66,Approved,Visa,3134.25,Suggestion,Resolved,1,2023,2,February,2021,1.6,18-25
3499,21,Female,Boston,Current,9415.12,2001-01-05,2023-08-11,Transfer,226.99,9188.13,Mortgage,39741.65,7.24,Approved,MasterCard,1820.23,Praise,Pending,1,2023,8,August,2001,22.6,18-25
3500,38,Male,Chicago,Current,8430.19,2012-12-16,2023-03-29,Transfer,2853.83,5576.36,Personal,23971.96,6.73,Closed,Visa,2771.72,Suggestion,Resolved,1,2023,3,March,2012,10.3,36-45
3501,18,Female,Chicago,Savings,7924.27,2004-07-17,2023-06-10,Transfer,990.18,6934.09,Mortgage,35554.5,3.44,Rejected,AMEX,18.14,Praise,Resolved,1,2023,6,June,2004,18.9,18-25
3502,55,Male,Oklahoma City,Current,3362.94,2009-06-05,2023-11-24,Deposit,4920.62,-1557.68,Personal,2837.89,5.82,Approved,AMEX,2155.9,Complaint,Pending,1,2023,11,November,2009,14.5,46-55
3503,29,Other,Louisville,Current,5671.28,2020-12-18,2023-11-06,Deposit,91.31,5579.97,Personal,48378.71,4.69,Approved,MasterCard,835.18,Complaint,Pending,1,2023,11,November,2020,2.9,26-35
3504,44,Male,El Paso,Current,4974.18,2003-06-30,2023-04-13,Deposit,3745.14,8719.32,Personal,44822.34,4.37,Closed,AMEX,4829.91,Praise,Pending,1,2023,4,April,2003,19.8,36-45
3505,31,Other,Chicago,Current,9566.68,2018-02-24,2023-10-25,Deposit,221.79,9344.89,Mortgage,44771.08,8.78,Approved,MasterCard,1584.65,Complaint,Pending,1,2023,10,October,2018,5.7,26-35
3506,32,Female,Las Vegas,Current,2472.38,2000-07-27,2023-06-12,Transfer,3058.25,-585.87,Mortgage,14781.31,2.26,Closed,AMEX,3985.23,Suggestion,Pending,1,2023,6,June,2000,22.9,26-35
3507,41,Male,Omaha,Current,9477.61,2008-10-11,2023-04-12,Withdrawal,2106.02,7371.59,Auto,14875.19,4.69,Rejected,AMEX,635.91,Complaint,Pending,1,2023,4,April,2008,14.5,36-45
3508,35,Other,Philadelphia,Current,7097.82,2000-07-29,2023-07-08,Withdrawal,3167.79,3930.03,Auto,20727.44,1.06,Closed,Visa,900.48,Praise,Resolved,1,2023,7,July,2000,22.9,26-35
3509,34,Other,Oklahoma City,Savings,4195.55,2000-09-29,2023-11-12,Withdrawal,3812.17,383.38,Personal,44129.29,3.36,Rejected,MasterCard,3490.29,Suggestion,Resolved,1,2023,11,November,2000,23.1,26-35
3510,26,Male,Austin,Current,2736.91,2020-01-23,2023-09-07,Deposit,175.67,2561.24,Mortgage,43073.32,6.6,Approved,MasterCard,3864.87,Complaint,Pending,-1,2023,9,September,2020,3.6,26-35
3511,64,Male,Albuquerque,Savings,7597.8,2017-03-19,2023-08-14,Deposit,2611.09,4986.71,Auto,15183.54,1.79,Rejected,MasterCard,4493.73,Complaint,Pending,1,2023,8,August,2017,6.4,56-65
3512,35,Other,Portland,Current,8247.06,2009-10-19,2023-05-04,Deposit,4712.28,3534.78,Auto,27547.03,3.44,Approved,MasterCard,3472.03,Praise,Resolved,1,2023,5,May,2009,13.5,26-35
3513,35,Other,Nashville,Savings,3639.52,2020-07-15,2023-11-01,Withdrawal,1096.74,2542.78,Personal,24283.34,8.92,Closed,MasterCard,3537.92,Suggestion,Pending,1,2023,11,November,2020,3.3,26-35
3514,22,Female,San Jose,Savings,1801.61,2018-01-13,2023-10-06,Deposit,396.57,2198.18,Personal,32883.08,7.23,Rejected,MasterCard,1162.97,Complaint,Resolved,1,2023,10,October,2018,5.7,18-25
3515,65,Other,Washington,Savings,4973.22,2010-06-22,2023-11-20,Withdrawal,3857.12,8830.34,Mortgage,11481.1,1.63,Approved,MasterCard,4729.59,Complaint,Resolved,1,2023,11,November,2010,13.4,56-65
3516,26,Male,Sacramento,Savings,4738.17,2010-10-19,2023-10-18,Deposit,3709.79,1028.38,Auto,5167.48,9.93,Closed,Visa,3563.8,Complaint,Resolved,1,2023,10,October,2010,13.0,26-35
3517,52,Other,Washington,Current,7281.49,2003-01-14,2023-10-05,Withdrawal,1956.87,9238.36,Personal,2335.5,9.51,Closed,Visa,887.2,Suggestion,Pending,1,2023,10,October,2003,20.7,46-55
3518,61,Other,Louisville,Savings,9734.53,2008-05-22,2023-06-07,Deposit,4152.93,5581.6,Auto,19689.45,2.28,Approved,AMEX,3244.81,Praise,Pending,1,2023,6,June,2008,15.0,56-65
3519,63,Male,Nashville,Current,5359.69,2008-08-17,2023-01-03,Transfer,2724.07,2635.62,Mortgage,47383.98,9.3,Closed,MasterCard,4048.04,Praise,Resolved,1,2023,1,January,2008,14.4,56-65
3520,18,Female,Seattle,Current,7344.02,2022-04-18,2023-11-27,Deposit,2382.05,4961.97,Mortgage,34555.9,5.95,Approved,Visa,2316.49,Complaint,Resolved,1,2023,11,November,2022,1.6,18-25
3521,58,Other,Milwaukee,Current,3570.74,2003-09-11,2023-01-10,Withdrawal,4111.06,-540.32,Auto,37707.38,9.36,Closed,MasterCard,1687.97,Praise,Resolved,1,2023,1,January,2003,19.3,56-65
3522,26,Male,Atlanta,Current,6035.79,2022-06-14,2023-03-08,Withdrawal,499.72,5536.07,Mortgage,47313.02,9.71,Closed,AMEX,4298.48,Praise,Resolved,1,2023,3,March,2022,0.7,26-35
3523,49,Male,Nashville,Savings,1241.75,2009-07-31,2023-06-18,Withdrawal,1127.26,2369.01,Personal,21680.53,7.24,Rejected,MasterCard,4273.92,Complaint,Resolved,1,2023,6,June,2009,13.9,46-55
3524,37,Male,Columbus,Current,8167.85,2011-09-27,2023-02-19,Transfer,2226.24,5941.61,Mortgage,24244.03,3.62,Closed,MasterCard,3926.34,Suggestion,Pending,1,2023,2,February,2011,11.4,36-45
3525,30,Male,Boston,Savings,3508.81,2012-07-23,2023-05-07,Transfer,436.31,3945.12,Mortgage,18617.51,9.32,Rejected,MasterCard,1024.52,Praise,Resolved,1,2023,5,May,2012,10.8,26-35
3526,57,Female,Portland,Savings,892.41,2021-07-23,2023-07-16,Withdrawal,4979.4,-4086.99,Personal,9887.26,6.16,Approved,MasterCard,2799.87,Suggestion,Resolved,1,2023,7,July,2021,2.0,56-65
3527,28,Male,Omaha,Current,9906.56,2014-09-28,2023-01-15,Withdrawal,1574.52,11481.08,Mortgage,38553.3,4.07,Approved,Visa,2200.44,Suggestion,Pending,1,2023,1,January,2014,8.3,26-35
3528,63,Other,El Paso,Current,9027.7,2018-12-15,2023-05-02,Withdrawal,4739.25,4288.45,Auto,45427.6,5.14,Approved,Visa,3487.93,Praise,Pending,1,2023,5,May,2018,4.4,56-65
3529,65,Female,Milwaukee,Savings,2054.59,2019-06-21,2023-02-17,Deposit,2377.51,-322.92,Personal,40879.9,4.66,Approved,MasterCard,4475.74,Praise,Resolved,1,2023,2,February,2019,3.7,56-65
3530,60,Male,Memphis,Savings,3695.7,2020-04-15,2023-04-24,Withdrawal,4623.35,8319.05,Personal,3338.29,9.42,Closed,MasterCard,1234.36,Praise,Resolved,1,2023,4,April,2020,3.0,56-65
3531,68,Other,Baltimore,Savings,9373.51,2019-08-10,2023-01-06,Deposit,2205.52,11579.03,Auto,15658.09,8.38,Approved,MasterCard,1550.19,Praise,Pending,1,2023,1,January,2019,3.4,65+
3532,59,Female,Detroit,Current,7983.65,2001-11-07,2023-01-04,Transfer,4075.48,3908.17,Auto,30012.19,1.28,Closed,MasterCard,1182.5,Suggestion,Resolved,1,2023,1,January,2001,21.2,56-65
3533,43,Other,Oklahoma City,Savings,9073.48,2007-08-04,2023-10-06,Transfer,3757.98,5315.5,Personal,17032.07,1.09,Closed,AMEX,3783.58,Praise,Resolved,1,2023,10,October,2007,16.2,36-45
3534,57,Female,Kansas City,Current,5669.24,2003-10-15,2023-06-22,Withdrawal,4735.01,10404.25,Auto,8355.83,1.62,Approved,MasterCard,2484.86,Complaint,Resolved,1,2023,6,June,2003,19.7,56-65
3535,28,Male,Denver,Savings,2506.85,2001-05-13,2023-11-17,Transfer,3190.88,5697.73,Personal,27379.79,6.49,Approved,Visa,2381.6,Praise,Resolved,1,2023,11,November,2001,22.5,26-35
3536,42,Other,Portland,Savings,2347.83,2018-05-17,2023-02-25,Deposit,1143.15,1204.68,Personal,26553.12,8.33,Approved,MasterCard,2477.55,Suggestion,Resolved,-1,2023,2,February,2018,4.8,36-45
3537,57,Male,Boston,Current,5304.13,2020-03-16,2023-01-15,Deposit,2714.09,8018.22,Personal,35784.82,5.63,Closed,MasterCard,1540.23,Complaint,Pending,1,2023,1,January,2020,2.8,56-65
3538,42,Female,Omaha,Savings,9247.6,2005-01-28,2023-04-01,Withdrawal,737.91,8509.69,Personal,49993.49,5.81,Closed,AMEX,1144.18,Praise,Pending,1,2023,4,April,2005,18.2,36-45
3539,37,Male,Kansas City,Current,6352.71,2002-12-05,2023-07-24,Withdrawal,1681.0,8033.71,Personal,32763.68,3.16,Approved,MasterCard,4017.54,Complaint,Resolved,1,2023,7,July,2002,20.6,36-45
3540,59,Male,El Paso,Savings,440.47,2011-09-16,2023-09-04,Transfer,3948.05,-3507.58,Personal,16527.39,5.13,Rejected,AMEX,3148.32,Complaint,Resolved,1,2023,9,September,2011,12.0,56-65
3541,66,Other,Memphis,Current,5648.71,2011-10-31,2023-08-27,Withdrawal,79.7,5569.01,Personal,47862.68,3.31,Rejected,MasterCard,3603.32,Praise,Resolved,1,2023,8,August,2011,11.8,65+
3542,28,Male,Charlotte,Current,6123.56,2018-01-15,2023-12-26,Withdrawal,3108.11,3015.45,Auto,28993.72,3.47,Approved,Visa,1495.68,Suggestion,Resolved,1,2023,12,December,2018,5.9,26-35
3543,61,Male,Chicago,Current,5857.39,2002-04-08,2023-01-09,Withdrawal,3468.0,9325.39,Auto,32641.07,4.52,Approved,AMEX,862.37,Complaint,Pending,1,2023,1,January,2002,20.8,56-65
3544,27,Male,Jacksonville,Savings,6941.65,2016-06-24,2023-08-17,Deposit,4499.96,11441.61,Auto,18520.49,1.43,Closed,MasterCard,1354.44,Suggestion,Pending,1,2023,8,August,2016,7.1,26-35
3545,69,Female,Charlotte,Current,3005.79,2004-08-13,2023-08-05,Transfer,3784.77,6790.56,Personal,23139.98,9.59,Rejected,MasterCard,4463.97,Complaint,Pending,1,2023,8,August,2004,19.0,65+
3546,66,Other,Indianapolis,Current,1523.28,2020-06-08,2023-07-04,Withdrawal,2020.08,-496.8,Auto,21512.92,9.23,Closed,Visa,1684.15,Complaint,Pending,1,2023,7,July,2020,3.1,65+
3547,20,Other,San Francisco,Savings,7525.48,2011-11-26,2023-07-14,Withdrawal,3830.23,11355.71,Mortgage,46874.57,8.17,Approved,Visa,319.86,Complaint,Pending,1,2023,7,July,2011,11.6,18-25
3548,56,Male,Denver,Current,2043.9,2007-05-22,2023-02-08,Withdrawal,3131.14,-1087.24,Auto,40669.92,6.12,Closed,Visa,2449.34,Praise,Resolved,1,2023,2,February,2007,15.7,56-65
3549,44,Other,Austin,Current,1230.17,2016-07-26,2023-02-09,Deposit,2937.89,4168.06,Auto,5444.5,8.32,Approved,MasterCard,1645.42,Complaint,Resolved,1,2023,2,February,2016,6.5,36-45
3550,52,Female,Phoenix,Savings,3657.83,2018-02-22,2023-01-16,Deposit,377.98,4035.81,Auto,16379.45,9.77,Approved,Visa,2396.89,Praise,Pending,1,2023,1,January,2018,4.9,46-55
3551,66,Female,Phoenix,Savings,8344.27,2010-09-11,2023-03-22,Withdrawal,2703.02,11047.29,Personal,3728.74,3.55,Approved,Visa,3446.72,Complaint,Resolved,1,2023,3,March,2010,12.5,65+
3552,57,Male,Columbus,Current,912.87,2001-09-15,2023-04-01,Transfer,4336.81,-3423.94,Mortgage,26321.21,4.28,Approved,AMEX,4775.15,Complaint,Pending,1,2023,4,April,2001,21.5,56-65
3553,48,Male,Detroit,Savings,2036.06,2000-06-06,2023-05-18,Deposit,2189.89,-153.83,Mortgage,14691.79,7.56,Closed,AMEX,3895.0,Complaint,Resolved,1,2023,5,May,2000,22.9,46-55
3554,38,Female,San Diego,Savings,4805.07,2015-12-09,2023-06-30,Withdrawal,3523.75,8328.82,Mortgage,4596.61,6.79,Closed,MasterCard,2473.34,Praise,Resolved,1,2023,6,June,2015,7.6,36-45
3555,39,Female,Phoenix,Current,2947.71,2015-10-11,2023-03-06,Transfer,4519.65,7467.36,Personal,38828.45,8.42,Closed,Visa,3866.63,Praise,Pending,1,2023,3,March,2015,7.4,36-45
3556,36,Female,San Antonio,Savings,7244.44,2012-08-09,2023-04-25,Withdrawal,2675.5,9919.94,Auto,5465.28,4.12,Closed,Visa,1197.34,Complaint,Resolved,1,2023,4,April,2012,10.7,36-45
3557,31,Male,Indianapolis,Savings,6781.53,2012-09-13,2023-02-19,Transfer,449.74,6331.79,Personal,14306.63,3.79,Rejected,MasterCard,4135.98,Suggestion,Pending,1,2023,2,February,2012,10.4,26-35
3558,54,Female,Columbus,Current,8440.91,2007-03-21,2023-10-12,Deposit,280.7,8721.61,Mortgage,38810.22,6.27,Rejected,Visa,2758.4,Praise,Pending,1,2023,10,October,2007,16.6,46-55
3559,68,Male,Atlanta,Savings,2118.05,2011-06-22,2023-05-26,Transfer,3990.54,-1872.49,Personal,26067.02,2.31,Closed,Visa,4061.45,Complaint,Resolved,1,2023,5,May,2011,11.9,65+
3560,62,Female,Houston,Current,6524.3,2015-06-25,2023-06-29,Deposit,173.19,6351.11,Mortgage,41038.68,1.36,Closed,AMEX,2865.64,Praise,Resolved,1,2023,6,June,2015,8.0,56-65
3561,67,Female,Mesa,Current,7769.87,2013-11-16,2023-12-29,Deposit,4994.6,12764.47,Mortgage,21309.58,3.2,Approved,Visa,1657.94,Suggestion,Resolved,1,2023,12,December,2013,10.1,65+
3562,40,Other,San Francisco,Savings,720.4,2008-02-17,2023-06-10,Transfer,646.27,74.13,Mortgage,40928.25,2.42,Rejected,Visa,545.19,Praise,Resolved,1,2023,6,June,2008,15.3,36-45
3563,43,Female,Mesa,Current,464.55,2008-04-20,2023-12-29,Deposit,3877.94,4342.49,Personal,27370.02,1.06,Rejected,MasterCard,2326.49,Praise,Resolved,1,2023,12,December,2008,15.7,36-45
3564,60,Male,Philadelphia,Savings,5636.66,2011-07-14,2023-09-24,Transfer,4339.91,9976.57,Auto,5309.74,8.0,Closed,Visa,3685.52,Complaint,Pending,1,2023,9,September,2011,12.2,56-65
3565,61,Female,Indianapolis,Current,5919.76,2004-01-19,2023-04-11,Transfer,1539.08,7458.84,Auto,24103.03,5.89,Closed,MasterCard,1482.47,Praise,Pending,-1,2023,4,April,2004,19.2,56-65
3566,57,Other,Memphis,Current,3988.81,2012-03-13,2023-05-28,Deposit,2712.7,6701.51,Auto,28123.64,7.02,Closed,MasterCard,1480.89,Suggestion,Pending,1,2023,5,May,2012,11.2,56-65
3567,29,Female,Mesa,Savings,457.13,2014-02-05,2023-05-30,Deposit,4762.35,5219.48,Auto,30992.98,2.47,Approved,MasterCard,3843.4,Suggestion,Resolved,1,2023,5,May,2014,9.3,26-35
3568,18,Female,Kansas City,Savings,4079.03,2006-06-30,2023-08-12,Deposit,4776.22,8855.25,Auto,46466.28,3.31,Approved,Visa,933.57,Complaint,Resolved,1,2023,8,August,2006,17.1,18-25
3569,67,Female,Atlanta,Current,6456.68,2005-04-27,2023-07-19,Deposit,4651.26,11107.94,Mortgage,9994.31,1.54,Rejected,Visa,2034.51,Suggestion,Resolved,1,2023,7,July,2005,18.2,65+
3570,51,Male,Jacksonville,Current,7048.62,2022-08-18,2023-10-18,Deposit,1381.78,8430.4,Auto,30695.37,9.98,Rejected,MasterCard,3091.68,Praise,Resolved,1,2023,10,October,2022,1.2,46-55
3571,61,Female,Mesa,Current,4978.64,2013-11-22,2023-03-21,Withdrawal,307.12,4671.52,Mortgage,37849.1,1.93,Approved,AMEX,1848.76,Complaint,Pending,1,2023,3,March,2013,9.3,56-65
3572,36,Female,Memphis,Savings,5297.75,2010-09-08,2023-04-18,Withdrawal,522.92,5820.67,Auto,44607.79,1.81,Approved,Visa,4821.82,Praise,Pending,1,2023,4,April,2010,12.6,36-45
3573,40,Female,Columbus,Savings,6759.48,2003-12-13,2023-06-11,Withdrawal,717.96,6041.52,Personal,26740.0,6.53,Closed,AMEX,4597.56,Praise,Resolved,1,2023,6,June,2003,19.5,36-45
3574,24,Other,Houston,Savings,4548.09,2010-12-03,2023-05-28,Withdrawal,3361.67,7909.76,Personal,11483.58,3.99,Approved,MasterCard,4744.88,Complaint,Resolved,1,2023,5,May,2010,12.5,18-25
3575,24,Male,Mesa,Current,2708.8,2013-06-03,2023-07-24,Withdrawal,4014.16,6722.96,Mortgage,41066.42,8.99,Approved,AMEX,4911.38,Praise,Pending,-1,2023,7,July,2013,10.1,18-25
3576,18,Male,San Jose,Savings,2307.4,2001-07-04,2023-11-08,Transfer,261.13,2568.53,Mortgage,45347.35,8.48,Closed,MasterCard,4867.27,Complaint,Resolved,1,2023,11,November,2001,22.3,18-25
3577,35,Other,Seattle,Savings,7552.25,2007-07-24,2023-11-03,Deposit,4453.12,12005.37,Mortgage,6212.04,8.81,Approved,Visa,1580.68,Praise,Pending,1,2023,11,November,2007,16.3,26-35
3578,25,Male,Tucson,Savings,4926.73,2021-10-27,2023-12-17,Withdrawal,3739.05,1187.68,Mortgage,12256.12,7.62,Closed,MasterCard,2637.91,Praise,Resolved,1,2023,12,December,2021,2.1,18-25
3579,42,Other,Nashville,Current,6278.45,2014-09-24,2023-03-26,Transfer,2656.13,8934.58,Auto,43701.7,2.19,Approved,AMEX,3918.84,Suggestion,Pending,1,2023,3,March,2014,8.5,36-45
3580,59,Female,Indianapolis,Savings,4763.95,2002-04-03,2023-02-19,Transfer,4949.9,-185.95,Mortgage,24736.36,1.57,Closed,AMEX,3598.11,Suggestion,Resolved,-1,2023,2,February,2002,20.9,56-65
3581,46,Male,Charlotte,Current,8206.49,2003-01-11,2023-05-01,Withdrawal,1333.28,6873.21,Mortgage,9285.92,1.58,Rejected,Visa,1311.49,Complaint,Resolved,1,2023,5,May,2003,20.3,46-55
3582,40,Female,Phoenix,Savings,5018.79,2006-01-28,2023-06-02,Withdrawal,1097.86,3920.93,Personal,32619.44,8.22,Closed,MasterCard,1816.6,Suggestion,Resolved,1,2023,6,June,2006,17.3,36-45
3583,46,Female,Philadelphia,Savings,9881.74,2000-12-27,2023-12-16,Withdrawal,1680.67,11562.41,Auto,23456.16,6.91,Closed,MasterCard,4689.75,Complaint,Resolved,1,2023,12,December,2000,23.0,46-55
3584,18,Male,Kansas City,Savings,2501.79,2017-07-27,2023-07-18,Withdrawal,2637.34,5139.13,Auto,48430.01,9.83,Closed,Visa,4667.36,Suggestion,Resolved,1,2023,7,July,2017,6.0,18-25
3585,32,Female,Chicago,Savings,1471.41,2012-07-31,2023-08-14,Transfer,1940.32,-468.91,Auto,11912.99,6.79,Closed,MasterCard,3629.69,Complaint,Resolved,1,2023,8,August,2012,11.0,26-35
3586,32,Female,Fort Worth,Current,3798.61,2020-11-11,2023-09-17,Deposit,4149.21,-350.6,Auto,18745.93,3.24,Rejected,MasterCard,32.57,Suggestion,Resolved,-1,2023,9,September,2020,2.8,26-35
3587,45,Other,Mesa,Current,9194.7,2008-02-05,2023-03-04,Deposit,4473.51,13668.21,Personal,9141.41,1.81,Approved,Visa,2580.99,Suggestion,Pending,1,2023,3,March,2008,15.1,36-45
3588,53,Male,Tucson,Current,8537.89,2019-05-27,2023-10-05,Transfer,4833.67,13371.56,Personal,3436.89,4.29,Approved,AMEX,1048.67,Complaint,Resolved,1,2023,10,October,2019,4.4,46-55
3589,59,Female,Mesa,Savings,2548.79,2017-05-08,2023-11-09,Withdrawal,4093.07,-1544.28,Personal,14421.26,2.8,Closed,MasterCard,3873.99,Praise,Pending,1,2023,11,November,2017,6.5,56-65
3590,57,Other,Tucson,Current,6037.01,2001-04-08,2023-07-01,Deposit,3044.48,9081.49,Personal,41171.57,6.66,Closed,MasterCard,406.03,Suggestion,Pending,1,2023,7,July,2001,22.2,56-65
3591,49,Male,Milwaukee,Current,5930.5,2003-10-10,2023-01-04,Withdrawal,3071.94,2858.56,Auto,14094.42,1.86,Approved,Visa,4039.0,Praise,Resolved,1,2023,1,January,2003,19.2,46-55
3592,63,Female,Nashville,Current,3004.63,2020-07-21,2023-07-12,Deposit,940.59,2064.04,Auto,35120.81,7.95,Rejected,MasterCard,1529.85,Praise,Pending,1,2023,7,July,2020,3.0,56-65
3593,30,Female,Portland,Current,2430.28,2015-03-12,2023-09-12,Deposit,1323.43,3753.71,Personal,26775.15,7.27,Closed,AMEX,1857.77,Suggestion,Resolved,-1,2023,9,September,2015,8.5,26-35
3594,38,Female,Portland,Savings,3961.49,2021-06-03,2023-10-31,Deposit,4986.32,8947.81,Auto,26465.79,7.63,Closed,AMEX,3470.41,Suggestion,Pending,1,2023,10,October,2021,2.4,36-45
3595,66,Female,San Diego,Savings,7907.33,2020-11-26,2023-05-31,Transfer,1313.88,9221.21,Personal,39295.62,9.69,Rejected,Visa,1146.35,Complaint,Pending,1,2023,5,May,2020,2.5,65+
3596,56,Female,Atlanta,Current,1997.98,2004-11-30,2023-01-06,Withdrawal,2339.7,-341.72,Mortgage,31270.63,6.86,Closed,Visa,4211.12,Praise,Resolved,1,2023,1,January,2004,18.1,56-65
3597,55,Male,Albuquerque,Current,4512.66,2002-03-05,2023-08-03,Deposit,1932.7,2579.96,Mortgage,8832.93,8.1,Rejected,MasterCard,4650.41,Suggestion,Resolved,1,2023,8,August,2002,21.4,46-55
3598,26,Male,Detroit,Savings,4868.82,2008-05-25,2023-08-18,Deposit,3444.41,1424.41,Personal,11817.45,1.77,Rejected,MasterCard,4940.87,Praise,Pending,1,2023,8,August,2008,15.2,26-35
3599,37,Other,Los Angeles,Current,9397.33,2001-12-25,2023-11-23,Deposit,1684.13,7713.2,Auto,27645.45,9.49,Approved,Visa,3463.96,Praise,Resolved,1,2023,11,November,2001,21.9,36-45
3600,37,Other,Fort Worth,Current,3104.87,2003-05-17,2023-05-13,Withdrawal,3417.92,-313.05,Mortgage,42420.42,2.97,Rejected,MasterCard,2804.53,Praise,Pending,1,2023,5,May,2003,20.0,36-45
3601,25,Other,Washington,Current,294.5,2020-08-01,2023-03-26,Deposit,4804.4,5098.9,Mortgage,8463.64,5.44,Rejected,Visa,4456.08,Praise,Pending,1,2023,3,March,2020,2.6,18-25
3602,31,Male,San Francisco,Savings,6967.94,2001-06-23,2023-06-03,Transfer,1269.41,5698.53,Mortgage,6237.87,9.61,Rejected,AMEX,1417.46,Praise,Resolved,1,2023,6,June,2001,21.9,26-35
3603,37,Male,San Antonio,Savings,7582.34,2019-03-01,2023-07-21,Deposit,1859.68,5722.66,Personal,26359.39,2.61,Closed,AMEX,2664.07,Complaint,Resolved,1,2023,7,July,2019,4.4,36-45
3604,52,Male,Houston,Savings,7060.02,2000-04-18,2023-07-13,Deposit,1717.45,5342.57,Mortgage,10243.9,1.32,Approved,AMEX,1085.76,Suggestion,Pending,1,2023,7,July,2000,23.2,46-55
3605,62,Female,Atlanta,Current,7037.32,2005-09-02,2023-01-20,Transfer,1508.78,8546.1,Auto,49717.55,3.67,Closed,MasterCard,1629.3,Complaint,Pending,1,2023,1,January,2005,17.4,56-65
3606,38,Male,Kansas City,Current,4883.95,2012-07-30,2023-09-27,Withdrawal,1358.72,6242.67,Personal,1213.56,2.41,Closed,Visa,3511.67,Suggestion,Resolved,1,2023,9,September,2012,11.2,36-45
3607,58,Male,Albuquerque,Current,284.74,2006-08-16,2023-09-03,Withdrawal,3153.91,3438.65,Personal,22994.3,7.01,Approved,AMEX,486.97,Complaint,Pending,1,2023,9,September,2006,17.0,56-65
3608,58,Female,Austin,Current,7326.19,2003-04-03,2023-03-12,Deposit,2745.07,4581.12,Mortgage,8964.53,3.51,Approved,MasterCard,2429.49,Suggestion,Resolved,1,2023,3,March,2003,19.9,56-65
3609,39,Other,New York,Savings,9371.55,2017-11-27,2023-07-21,Withdrawal,2548.25,11919.8,Mortgage,34372.86,1.57,Rejected,Visa,4207.05,Complaint,Resolved,-1,2023,7,July,2017,5.6,36-45
3610,60,Other,Boston,Savings,1658.12,2020-10-16,2023-12-17,Transfer,4004.93,-2346.81,Personal,31876.59,9.04,Approved,MasterCard,2479.45,Praise,Pending,1,2023,12,December,2020,3.2,56-65
3611,23,Other,Las Vegas,Savings,772.35,2019-10-28,2023-02-27,Withdrawal,741.19,31.16,Auto,40546.32,1.45,Closed,AMEX,1204.71,Suggestion,Resolved,1,2023,2,February,2019,3.3,18-25
3612,61,Female,San Francisco,Savings,2725.53,2022-07-25,2023-09-14,Deposit,856.93,1868.6,Personal,28606.75,3.44,Rejected,Visa,1777.31,Suggestion,Pending,1,2023,9,September,2022,1.1,56-65
3613,44,Female,San Diego,Savings,8512.96,2010-02-11,2023-08-09,Transfer,2570.17,5942.79,Personal,10279.06,3.16,Rejected,Visa,2895.08,Suggestion,Resolved,1,2023,8,August,2010,13.5,36-45
3614,21,Female,Portland,Current,1150.86,2000-03-11,2023-06-08,Deposit,1775.1,-624.24,Personal,3612.42,1.21,Approved,MasterCard,3112.88,Praise,Resolved,1,2023,6,June,2000,23.2,18-25
3615,21,Male,Seattle,Savings,7180.17,2001-04-18,2023-05-16,Transfer,877.21,6302.96,Auto,36385.19,2.49,Closed,Visa,40.66,Suggestion,Resolved,1,2023,5,May,2001,22.1,18-25
3616,45,Other,Portland,Current,723.18,2014-07-26,2023-07-27,Transfer,3456.26,-2733.08,Personal,22556.17,8.33,Rejected,Visa,895.27,Suggestion,Pending,1,2023,7,July,2014,9.0,36-45
3617,44,Female,Washington,Current,424.61,2003-12-31,2023-08-26,Deposit,2485.41,-2060.8,Mortgage,11888.43,1.34,Approved,MasterCard,3458.71,Suggestion,Resolved,1,2023,8,August,2003,19.7,36-45
3618,34,Female,Indianapolis,Current,8923.89,2011-10-19,2023-12-05,Deposit,1019.17,7904.72,Mortgage,13339.27,1.21,Rejected,Visa,415.78,Complaint,Pending,1,2023,12,December,2011,12.1,26-35
3619,56,Other,Los Angeles,Savings,7728.55,2011-08-13,2023-08-06,Withdrawal,1329.38,6399.17,Auto,8302.31,6.71,Approved,AMEX,4254.93,Praise,Resolved,1,2023,8,August,2011,12.0,56-65
3620,55,Other,Phoenix,Savings,6025.99,2017-11-12,2023-07-07,Withdrawal,3618.03,2407.96,Mortgage,14895.44,1.8,Closed,AMEX,1527.16,Complaint,Resolved,1,2023,7,July,2017,5.6,46-55
3621,69,Male,Seattle,Savings,1802.75,2003-12-10,2023-07-09,Deposit,1644.09,158.66,Auto,39809.05,4.34,Approved,MasterCard,3938.65,Complaint,Pending,1,2023,7,July,2003,19.6,65+
3622,46,Other,Chicago,Savings,2860.6,2002-10-25,2023-10-01,Deposit,1030.55,1830.05,Mortgage,31412.34,1.02,Approved,AMEX,4208.29,Suggestion,Resolved,1,2023,10,October,2002,20.9,46-55
3623,57,Female,Portland,Current,581.18,2007-12-07,2023-09-11,Withdrawal,4828.35,-4247.17,Personal,49382.52,4.26,Closed,AMEX,4691.86,Suggestion,Resolved,1,2023,9,September,2007,15.8,56-65
3624,24,Male,San Francisco,Savings,6489.09,2014-01-13,2023-07-13,Deposit,449.34,6039.75,Auto,26689.78,3.86,Closed,AMEX,3543.96,Complaint,Resolved,1,2023,7,July,2014,9.5,18-25
3625,25,Other,Indianapolis,Current,6892.25,2001-12-23,2023-12-15,Transfer,743.1,6149.15,Mortgage,26552.99,6.51,Approved,Visa,4308.9,Praise,Resolved,1,2023,12,December,2001,22.0,18-25
3626,58,Male,Philadelphia,Current,3335.41,2009-04-23,2023-11-18,Withdrawal,3589.22,-253.81,Personal,10377.92,5.49,Approved,AMEX,1363.8,Complaint,Pending,1,2023,11,November,2009,14.6,56-65
3627,50,Female,San Antonio,Current,3450.32,2009-01-24,2023-06-29,Withdrawal,2134.3,1316.02,Auto,29736.32,7.11,Closed,AMEX,78.19,Praise,Pending,1,2023,6,June,2009,14.4,46-55
3628,49,Female,Columbus,Savings,6326.88,2007-11-14,2023-11-19,Transfer,3767.13,2559.75,Auto,30810.02,9.42,Rejected,Visa,3397.41,Suggestion,Pending,1,2023,11,November,2007,16.0,46-55
3629,52,Female,Kansas City,Current,9462.08,2005-08-13,2023-03-29,Transfer,2768.36,6693.72,Mortgage,11120.02,8.16,Rejected,AMEX,1280.33,Suggestion,Resolved,1,2023,3,March,2005,17.6,46-55
3630,35,Female,Omaha,Savings,4007.62,2017-02-09,2023-09-22,Deposit,210.68,4218.3,Mortgage,5310.34,9.4,Approved,Visa,3748.73,Complaint,Resolved,1,2023,9,September,2017,6.6,26-35
3631,68,Male,Charlotte,Savings,4986.54,2018-04-26,2023-12-29,Deposit,3423.9,8410.44,Personal,19069.79,1.49,Closed,Visa,1876.17,Praise,Pending,1,2023,12,December,2018,5.7,65+
3632,60,Male,Tucson,Current,7012.93,2022-04-26,2023-10-31,Transfer,4030.76,11043.69,Auto,9433.07,9.91,Rejected,AMEX,3840.65,Praise,Resolved,-1,2023,10,October,2022,1.5,56-65
3633,33,Female,Portland,Current,3488.98,2018-05-05,2023-11-12,Transfer,2767.85,6256.83,Personal,25657.02,3.9,Closed,AMEX,3809.0,Praise,Pending,1,2023,11,November,2018,5.5,26-35
3634,35,Male,Memphis,Savings,8701.7,2020-05-21,2023-11-30,Withdrawal,1544.72,10246.42,Personal,26779.38,3.49,Rejected,Visa,2208.02,Praise,Resolved,1,2023,11,November,2020,3.5,26-35
3635,55,Female,Atlanta,Savings,8477.2,2017-10-05,2023-05-06,Withdrawal,87.45,8564.65,Mortgage,30799.64,4.63,Approved,AMEX,4297.48,Praise,Resolved,1,2023,5,May,2017,5.6,46-55
3636,42,Female,Phoenix,Current,6775.4,2020-12-07,2023-06-29,Withdrawal,4534.35,2241.05,Mortgage,30538.72,8.05,Rejected,Visa,2346.17,Complaint,Resolved,1,2023,6,June,2020,2.6,36-45
3637,51,Other,Memphis,Savings,5415.54,2005-03-03,2023-02-12,Deposit,3537.83,8953.37,Mortgage,34069.03,9.59,Closed,Visa,4794.73,Complaint,Resolved,1,2023,2,February,2005,17.9,46-55
3638,21,Male,Albuquerque,Savings,9836.86,2022-11-16,2023-07-22,Withdrawal,233.54,10070.4,Mortgage,12292.29,5.99,Rejected,MasterCard,199.45,Complaint,Pending,1,2023,7,July,2022,0.7,18-25
3639,22,Other,Philadelphia,Savings,7053.57,2006-12-07,2023-11-02,Transfer,4204.55,2849.02,Auto,36811.31,2.39,Closed,AMEX,2710.17,Praise,Resolved,1,2023,11,November,2006,16.9,18-25
3640,31,Female,Los Angeles,Savings,6467.94,2001-11-03,2023-04-17,Withdrawal,274.78,6742.72,Personal,26716.34,2.93,Approved,MasterCard,92.97,Praise,Pending,-1,2023,4,April,2001,21.5,26-35
3641,18,Other,Philadelphia,Current,8780.5,2008-08-19,2023-03-29,Transfer,3560.27,5220.23,Auto,22427.99,4.65,Approved,MasterCard,1576.64,Suggestion,Resolved,1,2023,3,March,2008,14.6,18-25
3642,39,Female,Houston,Savings,5594.41,2000-09-21,2023-01-14,Transfer,3473.4,2121.01,Personal,32746.88,4.29,Approved,Visa,2309.72,Praise,Resolved,1,2023,1,January,2000,22.3,36-45
3643,63,Female,Memphis,Current,2504.94,2002-12-01,2023-08-31,Deposit,4581.58,7086.52,Auto,25561.77,3.14,Closed,Visa,853.92,Praise,Pending,1,2023,8,August,2002,20.7,56-65
3644,38,Female,Boston,Savings,1463.95,2019-07-14,2023-01-18,Deposit,835.49,628.46,Personal,26757.73,8.65,Closed,MasterCard,4070.52,Complaint,Pending,1,2023,1,January,2019,3.5,36-45
3645,30,Male,Dallas,Savings,4763.22,2000-07-25,2023-08-16,Withdrawal,2840.68,1922.54,Auto,2139.14,3.52,Rejected,AMEX,2096.43,Complaint,Pending,1,2023,8,August,2000,23.1,26-35
3646,65,Female,Chicago,Savings,5204.98,2015-10-12,2023-03-18,Withdrawal,2728.07,7933.05,Mortgage,40299.8,6.33,Closed,MasterCard,722.15,Suggestion,Pending,1,2023,3,March,2015,7.4,56-65
3647,53,Female,Detroit,Savings,8294.17,2009-08-02,2023-10-17,Withdrawal,184.55,8478.72,Mortgage,21784.62,5.31,Rejected,MasterCard,1458.79,Praise,Pending,1,2023,10,October,2009,14.2,46-55
3648,46,Male,Portland,Savings,1480.8,2016-01-19,2023-12-05,Deposit,3195.16,-1714.36,Personal,26385.75,9.31,Rejected,AMEX,669.18,Praise,Resolved,-1,2023,12,December,2016,7.9,46-55
3649,55,Male,Mesa,Current,6844.18,2017-01-06,2023-02-10,Transfer,1277.61,5566.57,Personal,20105.62,6.66,Rejected,Visa,2716.54,Complaint,Pending,1,2023,2,February,2017,6.1,46-55
3650,26,Female,Albuquerque,Savings,3110.86,2007-07-19,2023-04-29,Transfer,1669.13,1441.73,Personal,28024.99,3.99,Approved,MasterCard,2337.69,Complaint,Resolved,1,2023,4,April,2007,15.8,26-35
3651,50,Male,New York,Savings,9396.4,2019-12-01,2023-03-16,Deposit,1214.36,10610.76,Mortgage,3648.08,6.75,Approved,AMEX,1055.63,Complaint,Pending,1,2023,3,March,2019,3.3,46-55
3652,39,Female,Indianapolis,Savings,4757.17,2005-03-04,2023-06-26,Withdrawal,289.06,5046.23,Personal,19811.54,3.87,Rejected,AMEX,4857.64,Complaint,Pending,-1,2023,6,June,2005,18.3,36-45
3653,34,Other,Austin,Current,6261.74,2021-06-01,2023-08-06,Deposit,841.47,5420.27,Personal,33765.21,1.82,Closed,AMEX,3298.0,Praise,Pending,1,2023,8,August,2021,2.2,26-35
3654,40,Male,Detroit,Savings,6536.07,2022-07-26,2023-03-10,Transfer,1044.47,7580.54,Mortgage,46983.86,5.37,Closed,Visa,1599.08,Suggestion,Resolved,1,2023,3,March,2022,0.6,36-45
3655,53,Other,Omaha,Current,1000.95,2014-05-09,2023-08-01,Deposit,2890.85,-1889.9,Auto,42609.83,8.74,Closed,AMEX,1841.03,Complaint,Pending,1,2023,8,August,2014,9.2,46-55
3656,23,Female,New York,Savings,8536.73,2012-05-23,2023-10-31,Deposit,683.43,7853.3,Personal,48178.08,9.18,Rejected,MasterCard,4712.2,Suggestion,Resolved,1,2023,10,October,2012,11.4,18-25
3657,65,Male,Detroit,Current,1725.94,2010-12-27,2023-01-12,Transfer,4604.36,-2878.42,Personal,39294.22,5.89,Rejected,AMEX,2889.29,Suggestion,Pending,1,2023,1,January,2010,12.0,56-65
3658,56,Male,Louisville,Current,4034.45,2016-04-25,2023-04-23,Deposit,1166.62,5201.07,Personal,31998.25,7.3,Rejected,AMEX,559.68,Suggestion,Resolved,1,2023,4,April,2016,7.0,56-65
3659,46,Female,Dallas,Current,6758.38,2004-12-09,2023-09-27,Deposit,3262.21,10020.59,Mortgage,21740.35,6.5,Closed,MasterCard,4032.45,Suggestion,Resolved,1,2023,9,September,2004,18.8,46-55
3660,44,Male,Washington,Current,646.68,2021-06-24,2023-11-16,Deposit,796.33,-149.65,Auto,7033.98,8.3,Approved,AMEX,4392.72,Praise,Pending,1,2023,11,November,2021,2.4,36-45
3661,22,Male,San Diego,Savings,5846.2,2003-12-15,2023-01-26,Withdrawal,3977.71,9823.91,Mortgage,13289.3,1.93,Closed,MasterCard,3251.33,Praise,Pending,1,2023,1,January,2003,19.1,18-25
3662,26,Male,Portland,Current,4158.17,2004-11-13,2023-02-24,Transfer,366.85,4525.02,Mortgage,14287.58,4.61,Rejected,Visa,236.65,Complaint,Pending,1,2023,2,February,2004,18.3,26-35
3663,41,Other,Colorado Springs,Savings,732.14,2006-12-13,2023-11-11,Withdrawal,3690.59,-2958.45,Auto,21966.27,3.28,Approved,Visa,1476.49,Complaint,Pending,1,2023,11,November,2006,16.9,36-45
3664,36,Female,Denver,Current,7291.27,2021-05-13,2023-07-27,Transfer,1971.9,9263.17,Mortgage,30882.21,1.06,Closed,AMEX,3661.27,Suggestion,Pending,1,2023,7,July,2021,2.2,36-45
3665,50,Female,Boston,Current,5063.2,2014-08-11,2023-03-20,Transfer,2332.94,7396.14,Personal,31314.43,8.47,Closed,Visa,1264.76,Suggestion,Pending,1,2023,3,March,2014,8.6,46-55
3666,47,Female,Kansas City,Current,3104.06,2016-10-03,2023-11-20,Transfer,1837.93,4941.99,Personal,23321.59,2.21,Closed,Visa,2194.79,Suggestion,Pending,1,2023,11,November,2016,7.1,46-55
3667,57,Male,Nashville,Current,934.85,2015-02-20,2023-05-31,Deposit,2016.22,2951.07,Mortgage,14457.54,3.91,Rejected,AMEX,1413.83,Praise,Pending,-1,2023,5,May,2015,8.3,56-65
3668,69,Male,Las Vegas,Current,5519.99,2015-06-02,2023-11-24,Withdrawal,36.57,5556.56,Auto,3768.23,8.8,Rejected,MasterCard,508.86,Suggestion,Resolved,1,2023,11,November,2015,8.5,65+
3669,21,Male,Las Vegas,Savings,3129.03,2020-02-22,2023-07-17,Transfer,140.49,2988.54,Personal,49452.98,7.49,Rejected,MasterCard,2268.74,Suggestion,Pending,1,2023,7,July,2020,3.4,18-25
3670,49,Female,Denver,Current,9472.17,2016-04-06,2023-08-08,Withdrawal,3971.74,5500.43,Auto,47038.44,6.11,Approved,MasterCard,3137.21,Praise,Pending,1,2023,8,August,2016,7.3,46-55
3671,66,Other,Los Angeles,Savings,5956.01,2003-08-22,2023-10-31,Withdrawal,1075.29,7031.3,Auto,9963.37,3.79,Closed,MasterCard,1446.6,Complaint,Resolved,1,2023,10,October,2003,20.2,65+
3672,18,Female,Columbus,Current,2922.14,2011-07-04,2023-09-18,Withdrawal,3040.41,-118.27,Personal,30664.4,5.64,Closed,MasterCard,1132.99,Suggestion,Pending,1,2023,9,September,2011,12.2,18-25
3673,51,Female,Albuquerque,Current,5333.32,2015-11-06,2023-01-21,Withdrawal,3270.09,8603.41,Personal,15487.06,1.51,Closed,AMEX,623.38,Praise,Pending,1,2023,1,January,2015,7.2,46-55
3674,38,Other,Albuquerque,Current,5441.0,2003-06-02,2023-06-27,Deposit,3492.93,1948.07,Personal,10526.99,7.55,Rejected,Visa,3408.31,Praise,Pending,1,2023,6,June,2003,20.1,36-45
3675,48,Male,Louisville,Current,7294.94,2000-02-29,2023-12-29,Deposit,2990.74,10285.68,Personal,34536.15,3.14,Closed,MasterCard,1137.8,Suggestion,Pending,-1,2023,12,December,2000,23.8,46-55
3676,31,Male,Colorado Springs,Savings,9031.8,2017-11-02,2023-03-12,Transfer,3147.65,5884.15,Personal,39523.44,5.31,Approved,Visa,2155.32,Complaint,Pending,1,2023,3,March,2017,5.4,26-35
3677,43,Female,Omaha,Current,9629.68,2008-10-18,2023-12-16,Transfer,2911.71,6717.97,Mortgage,20923.05,1.85,Approved,MasterCard,841.78,Complaint,Pending,1,2023,12,December,2008,15.2,36-45
3678,39,Other,Omaha,Savings,7207.12,2000-04-27,2023-04-04,Deposit,4641.61,2565.51,Mortgage,3894.12,7.4,Approved,AMEX,3079.59,Praise,Resolved,1,2023,4,April,2000,22.9,36-45
3679,51,Female,San Jose,Savings,5504.54,2018-09-06,2023-07-26,Transfer,3326.28,8830.82,Mortgage,20673.3,9.06,Closed,AMEX,3121.74,Complaint,Resolved,-1,2023,7,July,2018,4.9,46-55
3680,50,Female,Fort Worth,Savings,2326.83,2020-02-24,2023-03-14,Deposit,1771.15,555.68,Personal,27077.5,5.1,Approved,Visa,4282.35,Suggestion,Resolved,1,2023,3,March,2020,3.0,46-55
3681,30,Other,San Diego,Savings,4089.99,2000-10-12,2023-06-04,Withdrawal,1789.62,5879.61,Auto,44767.61,1.75,Closed,Visa,4926.64,Suggestion,Pending,1,2023,6,June,2000,22.6,26-35
3682,49,Other,Charlotte,Savings,4939.01,2022-06-24,2023-09-15,Withdrawal,407.24,5346.25,Mortgage,33183.33,9.51,Approved,Visa,4506.93,Suggestion,Pending,1,2023,9,September,2022,1.2,46-55
3683,25,Male,Detroit,Savings,1370.87,2002-10-02,2023-08-16,Deposit,4959.01,-3588.14,Auto,35814.33,5.02,Closed,Visa,4114.1,Praise,Pending,1,2023,8,August,2002,20.9,18-25
3684,39,Female,Fort Worth,Current,2638.4,2018-06-20,2023-12-13,Transfer,4454.92,-1816.52,Personal,10928.93,1.72,Approved,AMEX,4416.76,Suggestion,Pending,1,2023,12,December,2018,5.5,36-45
3685,58,Other,Portland,Savings,9846.08,2010-02-10,2023-06-24,Transfer,224.91,9621.17,Personal,36293.31,2.7,Approved,Visa,268.98,Praise,Pending,1,2023,6,June,2010,13.4,56-65
3686,37,Other,Seattle,Savings,7591.23,2015-07-30,2023-10-23,Deposit,4310.28,3280.95,Mortgage,25589.42,2.08,Approved,MasterCard,3807.89,Suggestion,Pending,1,2023,10,October,2015,8.2,36-45
3687,38,Other,Mesa,Savings,4871.87,2013-12-27,2023-08-05,Deposit,700.74,4171.13,Auto,41200.17,2.78,Closed,AMEX,1848.01,Suggestion,Resolved,1,2023,8,August,2013,9.6,36-45
3688,51,Other,Portland,Savings,2337.72,2011-07-13,2023-02-05,Withdrawal,1202.85,1134.87,Auto,11602.1,2.4,Approved,MasterCard,941.82,Suggestion,Pending,1,2023,2,February,2011,11.6,46-55
3689,66,Female,Dallas,Savings,5777.13,2019-09-25,2023-12-23,Transfer,3407.12,2370.01,Auto,26228.26,9.31,Rejected,AMEX,2161.87,Praise,Pending,1,2023,12,December,2019,4.2,65+
3690,47,Female,Colorado Springs,Savings,2395.56,2022-10-04,2023-07-31,Withdrawal,3653.77,-1258.21,Auto,11264.38,2.88,Approved,AMEX,576.49,Complaint,Resolved,1,2023,7,July,2022,0.8,46-55
3691,23,Female,New York,Current,2011.78,2017-10-25,2023-05-30,Deposit,2533.69,4545.47,Auto,15009.91,4.98,Approved,MasterCard,1340.73,Praise,Pending,1,2023,5,May,2017,5.6,18-25
3692,52,Other,San Antonio,Current,1028.19,2013-01-18,2023-10-01,Transfer,4839.04,-3810.85,Personal,41778.0,7.57,Approved,AMEX,2063.83,Praise,Resolved,1,2023,10,October,2013,10.7,46-55
3693,44,Male,Detroit,Savings,3523.95,2009-07-02,2023-04-25,Withdrawal,2453.18,5977.13,Auto,34701.92,7.09,Approved,Visa,2936.91,Suggestion,Pending,1,2023,4,April,2009,13.8,36-45
3694,37,Other,San Antonio,Savings,5463.06,2007-02-06,2023-07-22,Transfer,1299.22,6762.28,Auto,36695.91,9.61,Approved,MasterCard,4671.63,Complaint,Resolved,1,2023,7,July,2007,16.5,36-45
3695,66,Female,San Antonio,Current,1677.34,2016-04-15,2023-01-06,Transfer,55.21,1732.55,Auto,4358.33,9.69,Approved,AMEX,368.88,Praise,Resolved,1,2023,1,January,2016,6.7,65+
3696,55,Female,San Diego,Savings,2084.31,2017-09-21,2023-11-19,Deposit,4337.83,-2253.52,Mortgage,36709.07,6.14,Closed,AMEX,3104.62,Praise,Resolved,1,2023,11,November,2017,6.2,46-55
3697,57,Female,Indianapolis,Current,3972.28,2014-08-11,2023-05-05,Withdrawal,1982.59,1989.69,Personal,25078.95,7.77,Closed,MasterCard,383.28,Praise,Resolved,1,2023,5,May,2014,8.7,56-65
3698,31,Male,Chicago,Current,4946.36,2011-09-03,2023-11-04,Deposit,3914.86,1031.5,Mortgage,23498.05,4.47,Rejected,MasterCard,2966.46,Praise,Pending,1,2023,11,November,2011,12.2,26-35
3699,27,Male,Jacksonville,Current,7646.6,2007-01-23,2023-07-17,Withdrawal,3871.53,11518.13,Mortgage,21218.72,4.86,Rejected,Visa,3018.34,Suggestion,Pending,1,2023,7,July,2007,16.5,26-35
3700,69,Female,San Antonio,Savings,5709.62,2000-07-17,2023-07-26,Deposit,227.4,5937.02,Mortgage,42737.95,1.94,Closed,Visa,1948.77,Complaint,Resolved,1,2023,7,July,2000,23.0,65+
3701,59,Other,Nashville,Current,6215.24,2022-05-29,2023-01-03,Deposit,4109.65,2105.59,Mortgage,9695.73,7.06,Rejected,Visa,260.21,Suggestion,Resolved,-1,2023,1,January,2022,0.6,56-65
3702,32,Female,Atlanta,Current,6992.48,2001-02-05,2023-03-07,Deposit,1452.85,5539.63,Mortgage,40891.62,3.44,Approved,Visa,4105.24,Suggestion,Pending,1,2023,3,March,2001,22.1,26-35
3703,57,Female,Milwaukee,Savings,4564.73,2010-05-29,2023-07-27,Withdrawal,4207.74,8772.47,Personal,46487.87,1.72,Closed,Visa,1685.27,Complaint,Resolved,1,2023,7,July,2010,13.2,56-65
3704,60,Male,El Paso,Savings,3497.02,2000-01-17,2023-10-05,Deposit,2465.94,1031.08,Auto,9243.7,1.88,Approved,MasterCard,298.89,Complaint,Pending,1,2023,10,October,2000,23.7,56-65
3705,65,Male,Portland,Current,8024.17,2012-09-23,2023-04-23,Transfer,2962.04,10986.21,Mortgage,49980.2,7.5,Rejected,MasterCard,265.03,Complaint,Resolved,1,2023,4,April,2012,10.6,56-65
3706,20,Male,Washington,Savings,8300.37,2008-04-02,2023-05-19,Deposit,515.84,8816.21,Personal,49536.18,3.06,Approved,MasterCard,437.69,Complaint,Resolved,1,2023,5,May,2008,15.1,18-25
3707,32,Male,Colorado Springs,Savings,1624.42,2002-11-10,2023-06-13,Transfer,1902.65,-278.23,Mortgage,31444.63,7.93,Rejected,MasterCard,4329.04,Complaint,Resolved,1,2023,6,June,2002,20.6,26-35
3708,62,Female,Portland,Current,9538.36,2015-03-03,2023-11-05,Withdrawal,4854.76,4683.6,Auto,14158.21,9.15,Closed,Visa,2369.19,Complaint,Pending,1,2023,11,November,2015,8.7,56-65
3709,48,Other,Houston,Savings,9306.24,2014-04-27,2023-11-28,Transfer,4630.19,13936.43,Mortgage,22051.63,4.07,Approved,AMEX,4363.96,Praise,Pending,1,2023,11,November,2014,9.6,46-55
3710,28,Female,Las Vegas,Current,8721.69,2022-01-12,2023-06-17,Transfer,4971.06,3750.63,Personal,9348.78,8.14,Closed,Visa,3744.11,Complaint,Resolved,1,2023,6,June,2022,1.4,26-35
3711,63,Female,El Paso,Savings,4284.32,2020-05-15,2023-02-04,Transfer,2555.98,1728.34,Auto,6889.91,4.86,Rejected,MasterCard,70.29,Praise,Pending,1,2023,2,February,2020,2.7,56-65
3712,56,Other,Denver,Current,8437.57,2002-03-16,2023-02-12,Transfer,4093.19,4344.38,Auto,35497.45,7.95,Approved,MasterCard,1523.95,Suggestion,Pending,1,2023,2,February,2002,20.9,56-65
3713,36,Female,Chicago,Savings,6317.78,2010-08-19,2023-10-28,Transfer,2280.69,4037.09,Auto,29412.46,3.76,Rejected,Visa,2611.7,Praise,Resolved,1,2023,10,October,2010,13.2,36-45
3714,32,Other,Portland,Current,2133.41,2019-09-05,2023-06-18,Withdrawal,4707.59,6841.0,Auto,28615.12,9.38,Approved,AMEX,149.08,Praise,Pending,1,2023,6,June,2019,3.8,26-35
3715,55,Male,Chicago,Savings,7771.34,2007-03-13,2023-11-16,Withdrawal,4930.09,12701.43,Auto,13140.28,9.88,Approved,AMEX,4791.57,Praise,Resolved,1,2023,11,November,2007,16.7,46-55
3716,37,Male,Louisville,Current,4120.34,2020-03-22,2023-09-28,Withdrawal,4390.19,8510.53,Mortgage,12510.41,4.48,Rejected,Visa,4547.03,Complaint,Pending,1,2023,9,September,2020,3.5,36-45
3717,39,Male,San Francisco,Savings,2992.43,2018-12-21,2023-10-27,Withdrawal,3109.6,6102.03,Personal,49496.98,2.79,Closed,MasterCard,1179.43,Suggestion,Pending,1,2023,10,October,2018,4.8,36-45
3718,24,Other,Milwaukee,Savings,8795.09,2005-03-08,2023-02-11,Withdrawal,4944.88,13739.97,Personal,31809.92,7.17,Approved,AMEX,1829.39,Suggestion,Pending,1,2023,2,February,2005,17.9,18-25
3719,31,Female,Jacksonville,Current,8636.55,2011-12-09,2023-07-06,Withdrawal,4918.88,3717.67,Personal,41153.32,6.25,Closed,AMEX,3633.93,Suggestion,Pending,1,2023,7,July,2011,11.6,26-35
3720,21,Male,Washington,Savings,8657.3,2000-11-17,2023-03-26,Deposit,2380.64,11037.94,Mortgage,19547.08,9.92,Closed,MasterCard,86.0,Suggestion,Resolved,1,2023,3,March,2000,22.4,18-25
3721,26,Male,Baltimore,Current,8609.28,2006-06-21,2023-01-04,Transfer,1525.82,7083.46,Personal,42340.37,8.3,Closed,Visa,1124.53,Suggestion,Resolved,1,2023,1,January,2006,16.5,26-35
3722,56,Female,Nashville,Savings,5586.87,2011-07-05,2023-11-23,Withdrawal,945.23,4641.64,Mortgage,36396.66,8.52,Closed,Visa,2564.31,Suggestion,Pending,-1,2023,11,November,2011,12.4,56-65
3723,42,Male,Mesa,Savings,6207.51,2005-01-02,2023-10-12,Deposit,3388.29,2819.22,Auto,18156.1,7.54,Approved,Visa,1814.89,Praise,Resolved,1,2023,10,October,2005,18.8,36-45
3724,64,Male,El Paso,Current,9493.77,2016-01-25,2023-09-19,Withdrawal,183.64,9677.41,Auto,36167.03,4.16,Closed,MasterCard,552.09,Suggestion,Resolved,1,2023,9,September,2016,7.6,56-65
3725,52,Other,Kansas City,Savings,1380.48,2009-10-20,2023-07-28,Withdrawal,3821.5,5201.98,Auto,46355.51,9.42,Approved,AMEX,2774.48,Complaint,Resolved,1,2023,7,July,2009,13.8,46-55
3726,54,Female,Fort Worth,Current,8081.99,2007-02-01,2023-09-12,Deposit,266.09,7815.9,Personal,11472.84,5.19,Closed,MasterCard,4111.51,Complaint,Resolved,1,2023,9,September,2007,16.6,46-55
3727,66,Other,Boston,Savings,5310.05,2018-05-24,2023-07-13,Withdrawal,1334.21,6644.26,Personal,27834.0,4.59,Closed,AMEX,1155.81,Praise,Pending,1,2023,7,July,2018,5.1,65+
3728,44,Male,Oklahoma City,Current,9786.23,2004-03-30,2023-03-22,Transfer,2495.01,7291.22,Personal,48365.87,2.75,Rejected,AMEX,1113.01,Suggestion,Pending,1,2023,3,March,2004,19.0,36-45
3729,45,Male,San Antonio,Savings,6428.32,2000-08-25,2023-04-03,Transfer,496.19,5932.13,Personal,41248.5,3.74,Rejected,Visa,353.6,Suggestion,Pending,1,2023,4,April,2000,22.6,36-45
3730,41,Female,Memphis,Savings,1709.19,2000-04-30,2023-05-19,Deposit,191.13,1900.32,Auto,31394.27,1.02,Rejected,MasterCard,2771.41,Suggestion,Resolved,1,2023,5,May,2000,23.0,36-45
3731,50,Male,Memphis,Current,8173.36,2012-01-26,2023-08-06,Withdrawal,2404.21,5769.15,Mortgage,4418.51,6.94,Approved,Visa,2023.42,Complaint,Resolved,1,2023,8,August,2012,11.5,46-55
3732,50,Other,San Jose,Savings,6759.45,2000-07-02,2023-09-01,Transfer,4434.91,2324.54,Mortgage,20909.84,6.45,Closed,AMEX,3159.86,Praise,Resolved,1,2023,9,September,2000,23.2,46-55
3733,33,Other,Chicago,Savings,1574.39,2014-09-01,2023-04-13,Deposit,2047.49,3621.88,Personal,32887.51,4.63,Rejected,AMEX,173.58,Complaint,Pending,1,2023,4,April,2014,8.6,26-35
3734,40,Female,Los Angeles,Current,189.02,2004-11-28,2023-02-01,Transfer,1009.39,1198.41,Auto,21073.43,9.7,Closed,Visa,3200.33,Complaint,Pending,1,2023,2,February,2004,18.2,36-45
3735,63,Female,Indianapolis,Savings,5482.11,2000-11-25,2023-12-09,Deposit,2047.67,3434.44,Auto,49857.11,7.24,Approved,MasterCard,4658.97,Complaint,Pending,1,2023,12,December,2000,23.0,56-65
3736,28,Male,Baltimore,Current,2490.74,2013-06-18,2023-02-20,Deposit,3615.95,-1125.21,Mortgage,37916.25,3.18,Approved,MasterCard,4109.16,Praise,Resolved,1,2023,2,February,2013,9.7,26-35
3737,63,Female,Kansas City,Savings,8685.69,2003-07-27,2023-08-26,Transfer,216.4,8902.09,Auto,10167.01,4.41,Approved,MasterCard,1726.54,Complaint,Resolved,1,2023,8,August,2003,20.1,56-65
3738,57,Female,Philadelphia,Savings,2584.21,2020-06-19,2023-02-09,Withdrawal,163.42,2420.79,Personal,25028.93,5.64,Rejected,Visa,552.78,Praise,Pending,1,2023,2,February,2020,2.6,56-65
3739,36,Male,San Antonio,Current,6662.28,2020-03-17,2023-09-14,Deposit,2319.28,8981.56,Auto,19814.64,5.91,Approved,Visa,2692.28,Complaint,Resolved,1,2023,9,September,2020,3.5,36-45
3740,51,Male,Phoenix,Current,3516.79,2015-12-26,2023-08-11,Transfer,3386.7,130.09,Mortgage,30098.32,3.48,Rejected,AMEX,1418.98,Praise,Pending,1,2023,8,August,2015,7.6,46-55
3741,40,Other,San Antonio,Savings,3568.15,2007-07-10,2023-01-06,Transfer,3072.65,495.5,Mortgage,22881.66,3.24,Closed,MasterCard,53.87,Suggestion,Resolved,1,2023,1,January,2007,15.5,36-45
3742,27,Other,Fresno,Current,1899.97,2011-04-04,2023-04-05,Transfer,3192.73,5092.7,Personal,12657.14,3.69,Approved,Visa,2043.3,Suggestion,Resolved,1,2023,4,April,2011,12.0,26-35
3743,54,Female,Albuquerque,Savings,5076.95,2018-01-06,2023-09-29,Deposit,836.93,5913.88,Personal,36494.19,9.67,Rejected,AMEX,2699.8,Suggestion,Resolved,1,2023,9,September,2018,5.7,46-55
3744,64,Male,San Jose,Savings,5834.79,2000-01-06,2023-05-26,Withdrawal,2698.29,8533.08,Mortgage,6226.39,4.24,Rejected,Visa,3877.38,Complaint,Pending,1,2023,5,May,2000,23.4,56-65
3745,18,Female,Baltimore,Current,5852.04,2017-08-03,2023-11-24,Transfer,1895.83,7747.87,Personal,27074.57,4.37,Rejected,AMEX,4898.64,Suggestion,Pending,1,2023,11,November,2017,6.3,18-25
3746,19,Other,Boston,Current,8580.44,2010-04-16,2023-08-17,Transfer,561.37,9141.81,Mortgage,16197.84,7.48,Rejected,MasterCard,4333.08,Praise,Resolved,1,2023,8,August,2010,13.3,18-25
3747,68,Female,Nashville,Current,6558.24,2015-03-09,2023-08-19,Deposit,649.03,7207.27,Mortgage,48360.02,2.46,Closed,AMEX,2707.63,Complaint,Resolved,1,2023,8,August,2015,8.4,65+
3748,39,Other,Nashville,Current,7428.35,2020-12-09,2023-02-18,Withdrawal,3230.26,10658.61,Personal,15874.51,6.79,Approved,Visa,4033.56,Complaint,Resolved,1,2023,2,February,2020,2.2,36-45
3749,34,Other,Louisville,Savings,3302.14,2004-07-21,2023-12-29,Deposit,4786.53,8088.67,Auto,17706.14,7.0,Rejected,Visa,4146.02,Praise,Resolved,1,2023,12,December,2004,19.4,26-35
3750,64,Female,Oklahoma City,Savings,4264.79,2016-02-06,2023-09-08,Withdrawal,540.44,4805.23,Mortgage,35647.27,1.58,Approved,MasterCard,4833.56,Suggestion,Pending,1,2023,9,September,2016,7.6,56-65
3751,41,Other,Fresno,Current,281.1,2001-01-20,2023-10-22,Deposit,2479.5,-2198.4,Mortgage,7295.29,2.71,Rejected,MasterCard,1234.8,Praise,Resolved,1,2023,10,October,2001,22.8,36-45
3752,67,Other,Phoenix,Savings,883.18,2015-06-22,2023-02-27,Withdrawal,1247.15,-363.97,Mortgage,16906.63,5.2,Rejected,Visa,1259.2,Suggestion,Resolved,-1,2023,2,February,2015,7.7,65+
3753,38,Male,Seattle,Current,3912.68,2013-04-19,2023-07-18,Transfer,1415.23,2497.45,Personal,35099.83,8.52,Rejected,Visa,1092.78,Suggestion,Pending,1,2023,7,July,2013,10.2,36-45
3754,57,Female,Colorado Springs,Savings,2176.36,2020-05-14,2023-06-19,Deposit,1130.03,3306.39,Auto,2506.93,7.59,Rejected,MasterCard,4505.97,Praise,Resolved,1,2023,6,June,2020,3.1,56-65
3755,46,Female,Austin,Current,8148.3,2008-02-21,2023-10-28,Withdrawal,2733.0,10881.3,Personal,16239.03,8.86,Rejected,Visa,3420.28,Complaint,Resolved,1,2023,10,October,2008,15.7,46-55
3756,31,Female,San Francisco,Savings,6797.22,2018-02-09,2023-08-15,Transfer,293.0,7090.22,Mortgage,1404.53,8.66,Approved,MasterCard,699.35,Praise,Resolved,1,2023,8,August,2018,5.5,26-35
3757,25,Other,Washington,Savings,9706.02,2019-08-09,2023-01-28,Transfer,3715.06,5990.96,Personal,8361.23,5.6,Closed,AMEX,4806.71,Complaint,Pending,-1,2023,1,January,2019,3.5,18-25
3758,47,Other,Atlanta,Current,8881.64,2000-08-02,2023-03-30,Withdrawal,3037.58,11919.22,Auto,30605.67,6.6,Approved,Visa,3027.23,Praise,Pending,1,2023,3,March,2000,22.7,46-55
3759,39,Other,Oklahoma City,Savings,9778.84,2010-06-23,2023-04-02,Deposit,1930.31,7848.53,Personal,23379.03,9.29,Approved,MasterCard,10.53,Praise,Resolved,1,2023,4,April,2010,12.8,36-45
3760,40,Female,Philadelphia,Current,3716.22,2017-01-11,2023-03-14,Transfer,1097.07,4813.29,Personal,8645.27,7.67,Approved,Visa,2183.15,Praise,Resolved,1,2023,3,March,2017,6.2,36-45
3761,57,Male,Fresno,Current,4895.33,2022-10-28,2023-09-18,Withdrawal,2686.23,2209.1,Auto,4823.25,4.22,Rejected,Visa,3864.04,Suggestion,Pending,1,2023,9,September,2022,0.9,56-65
3762,68,Female,Columbus,Savings,3788.99,2002-04-16,2023-11-09,Deposit,4776.21,-987.22,Mortgage,3759.9,4.15,Approved,AMEX,1551.45,Complaint,Resolved,1,2023,11,November,2002,21.6,65+
3763,30,Female,El Paso,Savings,9646.63,2012-08-05,2023-03-21,Transfer,3543.45,6103.18,Mortgage,5182.55,4.3,Closed,MasterCard,3355.56,Praise,Resolved,1,2023,3,March,2012,10.6,26-35
3764,45,Female,Oklahoma City,Savings,4086.82,2004-11-16,2023-01-29,Withdrawal,1403.98,5490.8,Personal,5707.76,5.46,Rejected,AMEX,3590.16,Complaint,Pending,1,2023,1,January,2004,18.2,36-45
3765,47,Male,San Jose,Current,1255.94,2012-06-24,2023-08-23,Transfer,3717.16,-2461.22,Personal,5229.32,4.26,Approved,AMEX,4142.87,Complaint,Pending,1,2023,8,August,2012,11.2,46-55
3766,22,Female,Albuquerque,Savings,2580.05,2006-01-07,2023-11-07,Deposit,2525.16,5105.21,Personal,3698.93,2.69,Closed,AMEX,2902.27,Praise,Pending,1,2023,11,November,2006,17.8,18-25
3767,27,Male,Detroit,Savings,4305.72,2008-03-05,2023-05-31,Deposit,249.61,4555.33,Personal,35154.51,6.35,Closed,AMEX,957.71,Praise,Pending,1,2023,5,May,2008,15.2,26-35
3768,56,Male,Columbus,Current,6069.64,2003-04-28,2023-02-26,Transfer,3091.51,9161.15,Auto,47122.07,8.82,Approved,Visa,4211.14,Complaint,Pending,-1,2023,2,February,2003,19.8,56-65
3769,26,Female,Mesa,Savings,6219.06,2009-05-22,2023-05-26,Deposit,1177.13,7396.19,Mortgage,42942.97,5.43,Approved,MasterCard,916.48,Complaint,Resolved,1,2023,5,May,2009,14.0,26-35
3770,31,Female,San Diego,Savings,7611.96,2019-11-29,2023-05-13,Deposit,2054.2,9666.16,Mortgage,14026.82,2.97,Rejected,AMEX,2292.62,Complaint,Pending,1,2023,5,May,2019,3.5,26-35
3771,55,Female,Omaha,Savings,6513.88,2001-01-03,2023-05-27,Withdrawal,2397.55,4116.33,Personal,11009.69,8.32,Approved,Visa,449.83,Complaint,Pending,1,2023,5,May,2001,22.4,46-55
3772,27,Other,Washington,Savings,4966.19,2022-11-24,2023-08-17,Transfer,3998.55,967.64,Auto,3347.69,7.8,Rejected,MasterCard,796.09,Praise,Resolved,1,2023,8,August,2022,0.7,26-35
3773,50,Male,Washington,Savings,398.7,2020-07-03,2023-07-15,Transfer,2904.54,-2505.84,Auto,8645.65,7.3,Rejected,MasterCard,959.14,Praise,Pending,1,2023,7,July,2020,3.0,46-55
3774,28,Female,Indianapolis,Savings,6980.78,2021-04-15,2023-03-25,Withdrawal,1707.08,5273.7,Personal,28820.79,7.07,Approved,Visa,3597.49,Praise,Resolved,1,2023,3,March,2021,1.9,26-35
3775,57,Male,Portland,Current,946.04,2018-05-19,2023-02-19,Deposit,3289.67,4235.71,Personal,49908.12,8.04,Closed,AMEX,1099.09,Suggestion,Pending,1,2023,2,February,2018,4.8,56-65
3776,23,Other,Jacksonville,Savings,4741.23,2014-05-06,2023-12-08,Transfer,968.55,5709.78,Mortgage,43092.69,8.47,Closed,Visa,2560.8,Praise,Resolved,1,2023,12,December,2014,9.6,18-25
3777,34,Other,Boston,Savings,8974.32,2009-02-09,2023-11-28,Transfer,4115.74,4858.58,Personal,26231.15,9.08,Closed,MasterCard,3387.31,Praise,Pending,1,2023,11,November,2009,14.8,26-35
3778,53,Female,Milwaukee,Savings,6009.1,2003-12-16,2023-09-21,Withdrawal,1015.14,7024.24,Personal,21749.29,6.49,Approved,AMEX,2749.97,Praise,Pending,1,2023,9,September,2003,19.8,46-55
3779,23,Male,Nashville,Current,2069.75,2022-11-08,2023-08-01,Deposit,2797.07,4866.82,Mortgage,8243.47,4.54,Rejected,MasterCard,3302.64,Complaint,Resolved,1,2023,8,August,2022,0.7,18-25
3780,64,Other,Portland,Current,8098.79,2013-03-01,2023-04-19,Withdrawal,1033.59,9132.38,Mortgage,21510.97,1.81,Closed,AMEX,4497.37,Suggestion,Pending,1,2023,4,April,2013,10.1,56-65
3781,27,Other,San Francisco,Savings,3074.05,2010-01-21,2023-02-02,Transfer,1634.56,1439.49,Auto,30148.05,7.5,Approved,AMEX,4829.55,Suggestion,Resolved,1,2023,2,February,2010,13.0,26-35
3782,66,Male,Tucson,Current,5814.98,2005-02-24,2023-04-12,Deposit,2118.22,3696.76,Mortgage,30178.25,2.27,Closed,Visa,3420.27,Complaint,Pending,1,2023,4,April,2005,18.1,65+
3783,59,Other,Milwaukee,Current,6394.9,2020-11-03,2023-06-23,Deposit,1843.42,8238.32,Personal,28319.78,8.82,Closed,AMEX,933.84,Complaint,Resolved,1,2023,6,June,2020,2.6,56-65
3784,22,Male,Detroit,Current,7338.1,2004-03-06,2023-08-25,Withdrawal,4669.99,12008.09,Auto,41376.92,4.65,Closed,AMEX,4896.22,Praise,Pending,1,2023,8,August,2004,19.5,18-25
3785,36,Female,Nashville,Savings,743.33,2009-04-19,2023-05-07,Deposit,1125.22,1868.55,Personal,25994.11,8.89,Approved,Visa,351.16,Suggestion,Resolved,1,2023,5,May,2009,14.0,36-45
3786,24,Male,Mesa,Current,8557.24,2011-01-13,2023-08-10,Transfer,908.95,7648.29,Mortgage,24169.63,5.67,Rejected,AMEX,4638.67,Suggestion,Pending,1,2023,8,August,2011,12.6,18-25
3787,41,Female,New York,Savings,1227.12,2019-02-22,2023-07-14,Transfer,2592.51,-1365.39,Auto,15982.92,5.08,Closed,Visa,2258.67,Praise,Pending,1,2023,7,July,2019,4.4,36-45
3788,68,Male,Houston,Current,1035.89,2004-12-22,2023-07-10,Transfer,4745.09,5780.98,Auto,9831.84,4.27,Approved,MasterCard,4212.42,Suggestion,Pending,1,2023,7,July,2004,18.5,65+
3789,59,Other,Houston,Current,4623.16,2015-11-03,2023-04-04,Deposit,2521.61,7144.77,Auto,1068.79,1.55,Closed,MasterCard,1700.87,Complaint,Resolved,1,2023,4,April,2015,7.4,56-65
3790,36,Female,Detroit,Current,3784.6,2022-05-25,2023-09-16,Deposit,4797.28,-1012.68,Mortgage,16782.82,1.1,Rejected,Visa,2807.48,Suggestion,Pending,1,2023,9,September,2022,1.3,36-45
3791,28,Male,Houston,Savings,640.68,2001-04-01,2023-11-04,Transfer,959.87,-319.19,Mortgage,32020.96,5.58,Rejected,AMEX,708.34,Complaint,Pending,1,2023,11,November,2001,22.6,26-35
3792,20,Female,Dallas,Savings,1743.41,2013-02-08,2023-02-13,Withdrawal,61.18,1682.23,Mortgage,28385.98,9.11,Approved,MasterCard,4525.55,Suggestion,Pending,1,2023,2,February,2013,10.0,18-25
3793,47,Male,Baltimore,Current,4448.21,2014-01-01,2023-11-12,Transfer,1521.7,2926.51,Auto,26995.31,6.27,Approved,MasterCard,1499.05,Suggestion,Resolved,1,2023,11,November,2014,9.9,46-55
3794,60,Male,Houston,Current,8307.81,2014-04-21,2023-02-27,Withdrawal,3194.61,11502.42,Mortgage,38846.46,8.76,Closed,AMEX,1311.55,Suggestion,Pending,1,2023,2,February,2014,8.9,56-65
3795,55,Female,Phoenix,Savings,1300.91,2019-03-29,2023-04-05,Transfer,2964.33,4265.24,Mortgage,12409.49,10.0,Closed,AMEX,2228.37,Complaint,Pending,1,2023,4,April,2019,4.0,46-55
3796,23,Female,El Paso,Current,1134.85,2003-03-03,2023-05-22,Withdrawal,1216.21,-81.36,Personal,34248.36,2.61,Approved,Visa,1827.59,Suggestion,Pending,1,2023,5,May,2003,20.2,18-25
3797,64,Female,Indianapolis,Savings,8067.81,2002-08-09,2023-10-02,Withdrawal,3311.26,4756.55,Mortgage,30751.08,6.94,Closed,Visa,689.55,Suggestion,Resolved,1,2023,10,October,2002,21.1,56-65
3798,52,Other,Washington,Savings,4973.92,2020-05-27,2023-01-05,Deposit,4152.93,9126.85,Mortgage,17610.58,4.75,Approved,MasterCard,123.13,Complaint,Resolved,1,2023,1,January,2020,2.6,46-55
3799,39,Male,Atlanta,Current,3666.47,2012-05-18,2023-09-04,Withdrawal,3439.11,7105.58,Mortgage,11708.64,2.88,Approved,AMEX,1605.21,Praise,Resolved,1,2023,9,September,2012,11.3,36-45
3800,28,Male,San Diego,Current,4667.4,2002-04-28,2023-05-03,Deposit,3642.01,1025.39,Mortgage,28571.8,3.17,Rejected,AMEX,3599.16,Suggestion,Pending,-1,2023,5,May,2002,21.0,26-35
3801,25,Female,Tucson,Savings,4167.38,2018-11-12,2023-10-09,Transfer,1544.96,5712.34,Personal,47312.26,3.2,Approved,AMEX,945.26,Complaint,Resolved,1,2023,10,October,2018,4.9,18-25
3802,44,Male,Kansas City,Current,7840.75,2008-07-10,2023-04-24,Withdrawal,2650.75,10491.5,Mortgage,4741.19,7.57,Rejected,Visa,862.49,Suggestion,Pending,1,2023,4,April,2008,14.8,36-45
3803,46,Male,Indianapolis,Current,192.34,2004-11-18,2023-09-04,Withdrawal,223.1,415.44,Mortgage,47696.26,4.2,Closed,Visa,2661.4,Praise,Pending,1,2023,9,September,2004,18.8,46-55
3804,25,Male,Phoenix,Current,4388.27,2010-11-09,2023-12-30,Transfer,1801.82,2586.45,Mortgage,23773.15,3.3,Closed,Visa,3358.35,Complaint,Pending,1,2023,12,December,2010,13.1,18-25
3805,40,Female,Indianapolis,Savings,1672.66,2016-05-23,2023-01-18,Transfer,4080.46,5753.12,Mortgage,35792.13,8.97,Closed,MasterCard,4934.15,Praise,Pending,1,2023,1,January,2016,6.7,36-45
3806,46,Male,San Antonio,Savings,3152.03,2014-06-28,2023-06-22,Withdrawal,3952.65,-800.62,Auto,40357.03,1.31,Rejected,AMEX,417.0,Complaint,Resolved,1,2023,6,June,2014,9.0,46-55
3807,33,Male,New York,Savings,1210.49,2000-10-15,2023-08-16,Withdrawal,4704.59,-3494.1,Mortgage,8424.23,7.62,Approved,Visa,2317.52,Suggestion,Resolved,1,2023,8,August,2000,22.8,26-35
3808,52,Other,Dallas,Savings,4327.18,2005-04-23,2023-08-11,Deposit,4844.13,9171.31,Personal,3202.94,9.65,Approved,AMEX,4843.79,Praise,Pending,1,2023,8,August,2005,18.3,46-55
3809,25,Other,Seattle,Savings,6468.62,2009-05-04,2023-07-29,Deposit,4863.64,1604.98,Auto,7296.09,6.63,Closed,Visa,3216.05,Suggestion,Resolved,1,2023,7,July,2009,14.2,18-25
3810,25,Female,Chicago,Savings,6649.77,2000-11-18,2023-09-01,Withdrawal,795.33,5854.44,Mortgage,17706.69,5.93,Approved,AMEX,3252.96,Complaint,Pending,1,2023,9,September,2000,22.8,18-25
3811,62,Male,Las Vegas,Savings,7987.76,2021-06-29,2023-01-09,Withdrawal,611.96,8599.72,Personal,47871.16,1.55,Rejected,MasterCard,4494.94,Suggestion,Resolved,1,2023,1,January,2021,1.5,56-65
3812,50,Male,Louisville,Savings,8168.61,2007-08-14,2023-12-12,Transfer,4376.66,12545.27,Mortgage,3096.0,5.53,Closed,MasterCard,1699.37,Praise,Resolved,1,2023,12,December,2007,16.3,46-55
3813,59,Other,Jacksonville,Savings,6017.56,2002-05-14,2023-05-02,Transfer,1921.86,4095.7,Auto,46070.11,4.25,Rejected,MasterCard,2740.56,Complaint,Resolved,1,2023,5,May,2002,21.0,56-65
3814,22,Female,Dallas,Savings,3596.18,2012-06-19,2023-10-25,Deposit,1792.35,5388.53,Auto,28503.44,8.0,Approved,Visa,2341.3,Praise,Resolved,1,2023,10,October,2012,11.3,18-25
3815,54,Female,San Jose,Current,608.02,2022-01-20,2023-12-31,Deposit,2673.02,-2065.0,Personal,6014.71,8.31,Rejected,AMEX,1709.87,Complaint,Resolved,1,2023,12,December,2022,1.9,46-55
3816,34,Male,Sacramento,Savings,455.11,2001-01-06,2023-11-22,Transfer,2262.55,2717.66,Personal,8484.68,2.51,Approved,AMEX,4414.76,Complaint,Pending,1,2023,11,November,2001,22.9,26-35
3817,39,Other,El Paso,Savings,1221.3,2014-08-12,2023-12-06,Transfer,1122.97,98.33,Auto,34777.23,5.7,Rejected,Visa,2093.12,Suggestion,Resolved,1,2023,12,December,2014,9.3,36-45
3818,31,Other,San Francisco,Current,9839.93,2005-06-20,2023-11-24,Transfer,4224.62,14064.55,Mortgage,30814.22,8.74,Rejected,AMEX,706.17,Praise,Resolved,1,2023,11,November,2005,18.4,26-35
3819,55,Other,San Antonio,Savings,7881.18,2021-05-25,2023-04-19,Transfer,4547.21,3333.97,Auto,9205.37,6.62,Closed,Visa,776.0,Suggestion,Resolved,1,2023,4,April,2021,1.9,46-55
3820,49,Male,Indianapolis,Savings,4108.24,2007-11-03,2023-11-20,Transfer,3740.06,7848.3,Mortgage,45312.22,5.33,Approved,AMEX,573.01,Complaint,Resolved,1,2023,11,November,2007,16.0,46-55
3821,31,Male,Omaha,Current,4715.39,2020-08-20,2023-12-11,Transfer,249.88,4965.27,Personal,7512.29,9.08,Closed,MasterCard,3726.0,Complaint,Pending,-1,2023,12,December,2020,3.3,26-35
3822,61,Male,Mesa,Savings,7400.08,2015-04-26,2023-01-31,Deposit,598.4,7998.48,Auto,26067.11,9.7,Closed,AMEX,4805.11,Suggestion,Pending,1,2023,1,January,2015,7.8,56-65
3823,37,Other,Oklahoma City,Current,5192.57,2011-10-30,2023-05-02,Transfer,1736.6,3455.97,Mortgage,26886.42,3.12,Closed,AMEX,1208.81,Complaint,Resolved,1,2023,5,May,2011,11.5,36-45
3824,39,Female,Las Vegas,Savings,3668.12,2014-12-13,2023-10-02,Withdrawal,2787.98,880.14,Mortgage,43654.62,2.65,Closed,AMEX,248.36,Praise,Pending,-1,2023,10,October,2014,8.8,36-45
3825,47,Male,Phoenix,Savings,3560.65,2022-01-19,2023-03-12,Withdrawal,3051.48,509.17,Auto,2085.36,8.78,Rejected,Visa,633.0,Suggestion,Resolved,1,2023,3,March,2022,1.1,46-55
3826,50,Male,Philadelphia,Current,2175.45,2006-12-06,2023-06-24,Withdrawal,508.98,1666.47,Auto,7686.13,3.19,Approved,AMEX,3691.06,Complaint,Resolved,1,2023,6,June,2006,16.5,46-55
3827,22,Female,Louisville,Savings,8867.55,2012-03-01,2023-10-20,Withdrawal,4801.6,4065.95,Mortgage,9363.26,8.63,Closed,Visa,3986.35,Suggestion,Pending,1,2023,10,October,2012,11.6,18-25
3828,35,Female,Phoenix,Current,4200.12,2013-02-15,2023-12-16,Deposit,2652.56,6852.68,Mortgage,4081.19,3.71,Rejected,AMEX,1742.26,Complaint,Pending,1,2023,12,December,2013,10.8,26-35
3829,63,Other,Colorado Springs,Savings,7548.39,2003-10-29,2023-07-28,Withdrawal,2164.42,5383.97,Personal,31942.68,1.17,Rejected,AMEX,42.17,Praise,Resolved,1,2023,7,July,2003,19.7,56-65
3830,24,Male,Kansas City,Current,5780.24,2003-12-12,2023-08-12,Deposit,963.68,4816.56,Mortgage,12250.39,4.8,Rejected,Visa,4336.51,Complaint,Resolved,1,2023,8,August,2003,19.7,18-25
3831,46,Other,Los Angeles,Current,7565.53,2007-11-20,2023-01-19,Withdrawal,4754.71,12320.24,Auto,29256.82,1.36,Closed,MasterCard,454.45,Praise,Pending,1,2023,1,January,2007,15.2,46-55
3832,64,Male,Colorado Springs,Savings,3277.01,2019-04-30,2023-08-05,Transfer,2242.51,1034.5,Auto,39348.0,2.87,Approved,MasterCard,765.9,Praise,Pending,1,2023,8,August,2019,4.3,56-65
3833,26,Other,Nashville,Savings,7544.89,2011-12-26,2023-04-03,Transfer,597.75,6947.14,Mortgage,21017.9,5.31,Rejected,MasterCard,1233.84,Complaint,Pending,1,2023,4,April,2011,11.3,26-35
3834,64,Other,Omaha,Savings,7920.69,2003-06-20,2023-02-22,Transfer,3075.68,4845.01,Mortgage,38673.66,1.35,Approved,Visa,3178.16,Suggestion,Pending,1,2023,2,February,2003,19.7,56-65
3835,65,Female,Atlanta,Current,1132.37,2011-10-04,2023-03-16,Transfer,1757.26,-624.89,Mortgage,39115.56,1.3,Approved,MasterCard,1747.43,Suggestion,Resolved,1,2023,3,March,2011,11.4,56-65
3836,58,Male,Seattle,Current,1005.49,2007-10-08,2023-05-12,Deposit,4041.9,-3036.41,Personal,13907.73,2.4,Rejected,Visa,227.49,Suggestion,Resolved,1,2023,5,May,2007,15.6,56-65
3837,24,Female,Fort Worth,Savings,9856.41,2011-11-01,2023-02-15,Transfer,2731.87,12588.28,Auto,1771.49,5.16,Closed,Visa,3799.47,Suggestion,Pending,1,2023,2,February,2011,11.3,18-25
3838,24,Female,San Francisco,Current,1267.74,2013-03-21,2023-02-05,Transfer,537.44,1805.18,Auto,6060.81,9.77,Closed,AMEX,2768.49,Praise,Resolved,1,2023,2,February,2013,9.9,18-25
3839,66,Female,Atlanta,Current,6879.92,2007-12-26,2023-05-12,Deposit,3755.52,10635.44,Mortgage,41352.66,1.84,Closed,MasterCard,4151.09,Complaint,Resolved,1,2023,5,May,2007,15.4,65+
3840,60,Male,Kansas City,Current,7503.35,2000-08-15,2023-05-10,Withdrawal,1530.29,9033.64,Personal,20860.06,6.6,Rejected,MasterCard,329.08,Complaint,Pending,1,2023,5,May,2000,22.7,56-65
3841,23,Other,Charlotte,Current,728.76,2006-07-13,2023-06-16,Deposit,2047.14,2775.9,Personal,42115.7,5.47,Approved,AMEX,4757.01,Complaint,Resolved,1,2023,6,June,2006,16.9,18-25
3842,63,Other,San Antonio,Current,7490.46,2012-11-18,2023-08-31,Withdrawal,3880.46,11370.92,Mortgage,27828.2,1.54,Closed,Visa,514.4,Suggestion,Pending,1,2023,8,August,2012,10.8,56-65
3843,64,Male,Columbus,Savings,4253.2,2005-04-01,2023-08-13,Transfer,541.2,3712.0,Auto,10672.37,1.31,Approved,AMEX,2789.82,Praise,Pending,1,2023,8,August,2005,18.4,56-65
3844,57,Male,New York,Savings,2819.27,2000-04-23,2023-10-27,Deposit,4889.12,-2069.85,Personal,35899.63,3.0,Rejected,AMEX,2600.54,Suggestion,Pending,1,2023,10,October,2000,23.5,56-65
3845,44,Other,Kansas City,Current,6686.77,2005-11-21,2023-04-01,Withdrawal,3513.41,10200.18,Mortgage,28351.13,7.16,Approved,MasterCard,4460.69,Complaint,Pending,1,2023,4,April,2005,17.4,36-45
3846,21,Other,Chicago,Savings,8347.93,2001-03-03,2023-12-12,Deposit,971.04,9318.97,Auto,18238.46,9.66,Rejected,MasterCard,2809.59,Complaint,Resolved,1,2023,12,December,2001,22.8,18-25
3847,18,Female,Atlanta,Current,5770.67,2012-08-03,2023-12-30,Withdrawal,300.04,6070.71,Auto,5298.13,6.0,Approved,Visa,1393.3,Suggestion,Resolved,1,2023,12,December,2012,11.4,18-25
3848,23,Other,Milwaukee,Current,8719.21,2016-10-03,2023-10-24,Transfer,2727.23,5991.98,Mortgage,6012.62,1.41,Rejected,Visa,859.39,Complaint,Pending,1,2023,10,October,2016,7.1,18-25
3849,48,Female,San Jose,Savings,321.32,2009-04-01,2023-05-02,Transfer,1902.5,-1581.18,Auto,10237.07,3.32,Approved,AMEX,1298.32,Praise,Resolved,1,2023,5,May,2009,14.1,46-55
3850,18,Other,Seattle,Current,7412.19,2005-04-28,2023-12-25,Transfer,157.23,7569.42,Personal,33973.62,9.48,Rejected,AMEX,1351.63,Praise,Resolved,1,2023,12,December,2005,18.7,18-25
3851,22,Other,San Francisco,Savings,1777.08,2002-08-14,2023-12-19,Withdrawal,3050.0,4827.08,Auto,36670.6,1.11,Approved,Visa,1057.91,Suggestion,Pending,1,2023,12,December,2002,21.3,18-25
3852,36,Other,San Francisco,Savings,2932.13,2022-10-28,2023-10-21,Transfer,1550.65,1381.48,Personal,31914.88,6.42,Closed,Visa,1169.81,Complaint,Pending,1,2023,10,October,2022,1.0,36-45
3853,22,Female,Austin,Savings,5765.3,2015-07-24,2023-07-12,Deposit,1616.69,4148.61,Personal,17526.15,2.61,Rejected,MasterCard,4285.25,Suggestion,Pending,1,2023,7,July,2015,8.0,18-25
3854,22,Female,Oklahoma City,Savings,2817.01,2021-08-06,2023-04-24,Withdrawal,819.24,1997.77,Mortgage,22583.03,1.6,Closed,MasterCard,4353.1,Praise,Resolved,1,2023,4,April,2021,1.7,18-25
3855,66,Other,Jacksonville,Current,1764.72,2018-04-28,2023-01-11,Deposit,710.49,1054.23,Mortgage,35768.43,3.29,Rejected,AMEX,2654.95,Complaint,Pending,1,2023,1,January,2018,4.7,65+
3856,48,Female,Memphis,Current,8866.43,2006-04-01,2023-07-06,Withdrawal,730.27,9596.7,Auto,33332.9,9.43,Rejected,Visa,4574.49,Praise,Pending,1,2023,7,July,2006,17.3,46-55
3857,61,Female,Fresno,Current,9076.56,2016-09-04,2023-03-19,Withdrawal,4431.44,4645.12,Personal,38877.66,7.86,Closed,MasterCard,2523.84,Suggestion,Resolved,1,2023,3,March,2016,6.5,56-65
3858,24,Female,San Francisco,Current,460.08,2015-09-18,2023-03-11,Deposit,2670.06,-2209.98,Personal,12815.74,2.54,Approved,Visa,2999.19,Complaint,Resolved,1,2023,3,March,2015,7.5,18-25
3859,32,Female,San Jose,Current,5051.2,2006-05-31,2023-10-26,Transfer,2352.44,2698.76,Personal,1219.96,1.59,Approved,AMEX,4969.99,Praise,Resolved,1,2023,10,October,2006,17.4,26-35
3860,68,Male,Colorado Springs,Savings,2116.42,2007-06-26,2023-04-14,Deposit,3525.29,-1408.87,Personal,14055.66,5.44,Approved,AMEX,1866.15,Complaint,Resolved,-1,2023,4,April,2007,15.8,65+
3861,30,Female,Portland,Current,8647.75,2014-05-04,2023-12-11,Transfer,1605.64,10253.39,Personal,18046.68,1.47,Approved,MasterCard,3137.86,Suggestion,Resolved,1,2023,12,December,2014,9.6,26-35
3862,29,Other,Detroit,Savings,4678.96,2012-02-26,2023-08-03,Deposit,4112.9,8791.86,Auto,48065.16,4.64,Approved,Visa,3420.17,Praise,Resolved,1,2023,8,August,2012,11.4,26-35
3863,36,Female,Louisville,Current,4836.73,2016-01-29,2023-04-28,Withdrawal,994.01,3842.72,Personal,11668.88,8.2,Approved,Visa,2977.55,Praise,Pending,1,2023,4,April,2016,7.2,36-45
3864,30,Other,San Jose,Current,6311.98,2000-02-16,2023-01-05,Deposit,4015.29,2296.69,Mortgage,41493.81,5.51,Closed,MasterCard,1576.17,Complaint,Pending,1,2023,1,January,2000,22.9,26-35
3865,44,Female,Fort Worth,Savings,650.68,2016-07-22,2023-06-03,Deposit,289.68,361.0,Mortgage,31503.06,9.07,Rejected,MasterCard,4608.13,Praise,Resolved,1,2023,6,June,2016,6.9,36-45
3866,55,Other,Louisville,Current,1360.25,2017-10-24,2023-07-29,Withdrawal,792.63,2152.88,Personal,9209.3,8.12,Rejected,AMEX,4480.49,Praise,Resolved,1,2023,7,July,2017,5.8,46-55
3867,50,Male,Los Angeles,Current,5034.01,2020-07-14,2023-10-15,Transfer,4464.35,9498.36,Auto,20771.74,6.0,Closed,AMEX,4757.81,Complaint,Resolved,1,2023,10,October,2020,3.3,46-55
3868,23,Other,Atlanta,Savings,9670.4,2012-11-22,2023-10-30,Transfer,553.95,10224.35,Mortgage,25997.77,8.11,Approved,Visa,1900.38,Suggestion,Pending,1,2023,10,October,2012,10.9,18-25
3869,30,Female,Fresno,Savings,8451.7,2019-07-27,2023-03-31,Withdrawal,1235.33,9687.03,Auto,17863.36,1.85,Approved,Visa,4440.9,Praise,Pending,1,2023,3,March,2019,3.7,26-35
3870,30,Female,El Paso,Current,8904.68,2021-07-12,2023-02-19,Transfer,223.06,9127.74,Mortgage,12081.36,2.81,Closed,MasterCard,3159.62,Complaint,Pending,1,2023,2,February,2021,1.6,26-35
3871,30,Other,Memphis,Current,1457.83,2003-04-02,2023-12-21,Transfer,2997.34,-1539.51,Personal,13389.7,7.3,Rejected,AMEX,4980.75,Praise,Pending,1,2023,12,December,2003,20.7,26-35
3872,37,Male,Sacramento,Savings,9590.38,2019-03-30,2023-07-21,Transfer,1645.28,7945.1,Mortgage,29675.08,1.05,Closed,AMEX,2045.59,Complaint,Pending,1,2023,7,July,2019,4.3,36-45
3873,53,Female,Austin,Current,7326.93,2011-09-05,2023-06-05,Withdrawal,3171.1,10498.03,Personal,34717.2,1.04,Approved,MasterCard,25.71,Complaint,Resolved,-1,2023,6,June,2011,11.7,46-55
3874,54,Female,Tucson,Savings,3324.28,2001-08-16,2023-04-05,Withdrawal,438.05,2886.23,Personal,23979.59,4.42,Rejected,AMEX,2522.38,Praise,Resolved,1,2023,4,April,2001,21.6,46-55
3875,62,Other,Austin,Savings,8658.22,2007-11-10,2023-03-20,Deposit,1981.58,10639.8,Personal,47145.06,8.8,Closed,Visa,2694.17,Complaint,Resolved,1,2023,3,March,2007,15.4,56-65
3876,26,Other,Dallas,Current,7498.37,2001-05-26,2023-07-02,Deposit,1864.67,5633.7,Mortgage,36699.75,9.83,Approved,AMEX,2318.1,Suggestion,Pending,1,2023,7,July,2001,22.1,26-35
3877,34,Male,Columbus,Savings,7391.45,2014-12-04,2023-11-10,Deposit,2688.79,10080.24,Auto,44696.14,6.85,Closed,Visa,2029.36,Suggestion,Resolved,1,2023,11,November,2014,8.9,26-35
3878,52,Other,Dallas,Current,7372.74,2014-07-28,2023-06-17,Transfer,1482.22,5890.52,Mortgage,24307.51,9.55,Closed,Visa,1099.55,Suggestion,Pending,1,2023,6,June,2014,8.9,46-55
3879,69,Female,Colorado Springs,Current,8028.45,2005-09-07,2023-07-05,Deposit,4923.93,3104.52,Auto,1729.26,8.63,Closed,AMEX,3653.16,Complaint,Pending,1,2023,7,July,2005,17.8,65+
3880,35,Other,Chicago,Savings,9490.44,2008-03-29,2023-11-24,Transfer,1586.99,7903.45,Personal,30011.46,2.81,Closed,MasterCard,2660.43,Suggestion,Pending,-1,2023,11,November,2008,15.7,26-35
3881,42,Male,Memphis,Current,1455.03,2010-04-03,2023-11-26,Transfer,3484.89,-2029.86,Auto,41094.71,4.64,Closed,Visa,521.68,Praise,Resolved,1,2023,11,November,2010,13.6,36-45
3882,32,Male,Denver,Current,9995.27,2021-12-17,2023-06-22,Transfer,1837.84,11833.11,Personal,27290.22,6.61,Rejected,Visa,502.89,Complaint,Resolved,1,2023,6,June,2021,1.5,26-35
3883,40,Female,Mesa,Current,8736.16,2001-07-12,2023-05-18,Deposit,2672.83,6063.33,Mortgage,28827.15,2.36,Rejected,Visa,3886.15,Praise,Pending,1,2023,5,May,2001,21.8,36-45
3884,18,Other,Albuquerque,Savings,4472.11,2017-02-03,2023-12-24,Deposit,1141.07,5613.18,Auto,48773.57,3.82,Closed,Visa,2928.83,Praise,Resolved,1,2023,12,December,2017,6.9,18-25
3885,58,Female,San Antonio,Savings,1658.63,2004-10-25,2023-07-29,Deposit,872.23,2530.86,Auto,18940.97,7.81,Rejected,MasterCard,2525.89,Praise,Resolved,1,2023,7,July,2004,18.8,56-65
3886,55,Male,Louisville,Current,4592.51,2016-12-22,2023-10-31,Transfer,4862.23,9454.74,Auto,40291.77,4.1,Approved,MasterCard,1105.71,Suggestion,Pending,1,2023,10,October,2016,6.9,46-55
3887,35,Male,Seattle,Current,7808.26,2010-02-22,2023-08-08,Transfer,2709.29,5098.97,Mortgage,25748.64,9.33,Closed,AMEX,1566.38,Praise,Pending,1,2023,8,August,2010,13.5,26-35
3888,18,Other,Phoenix,Savings,6064.29,2018-02-21,2023-07-09,Withdrawal,2309.45,8373.74,Auto,23721.84,4.66,Rejected,Visa,4076.94,Praise,Resolved,1,2023,7,July,2018,5.4,18-25
3889,56,Other,El Paso,Savings,2867.55,2014-05-31,2023-10-11,Withdrawal,3211.45,6079.0,Personal,8133.28,2.98,Closed,Visa,1395.33,Praise,Resolved,1,2023,10,October,2014,9.4,56-65
3890,27,Female,Washington,Current,4127.27,2019-03-11,2023-04-24,Transfer,1125.03,3002.24,Mortgage,37671.36,2.89,Closed,Visa,882.37,Suggestion,Pending,1,2023,4,April,2019,4.1,26-35
3891,48,Male,Detroit,Current,9547.56,2008-10-30,2023-01-20,Withdrawal,4111.64,13659.2,Personal,41341.43,7.18,Approved,Visa,3295.24,Suggestion,Resolved,1,2023,1,January,2008,14.2,46-55
3892,55,Female,Fort Worth,Current,8057.83,2003-11-05,2023-03-29,Transfer,1248.7,6809.13,Personal,22112.99,4.31,Rejected,MasterCard,3849.6,Complaint,Pending,1,2023,3,March,2003,19.4,46-55
3893,24,Female,Omaha,Savings,1328.29,2007-05-21,2023-11-22,Withdrawal,2717.22,4045.51,Mortgage,38413.0,3.14,Rejected,Visa,874.35,Suggestion,Pending,1,2023,11,November,2007,16.5,18-25
3894,55,Female,Denver,Savings,5499.38,2016-12-04,2023-10-24,Transfer,644.63,6144.01,Personal,29474.92,7.24,Closed,Visa,1262.25,Praise,Pending,1,2023,10,October,2016,6.9,46-55
3895,25,Male,New York,Savings,9316.75,2021-10-01,2023-12-18,Withdrawal,2877.08,6439.67,Auto,13620.16,4.79,Approved,AMEX,160.2,Praise,Resolved,1,2023,12,December,2021,2.2,18-25
3896,51,Other,Chicago,Current,439.66,2015-06-17,2023-09-19,Transfer,2419.95,2859.61,Personal,46262.06,8.61,Approved,MasterCard,146.94,Praise,Pending,1,2023,9,September,2015,8.3,46-55
3897,26,Male,Portland,Savings,521.22,2005-11-30,2023-01-30,Deposit,1410.43,-889.21,Auto,35141.8,5.94,Approved,AMEX,274.13,Suggestion,Resolved,1,2023,1,January,2005,17.2,26-35
3898,42,Female,Seattle,Current,7195.65,2001-10-12,2023-02-23,Withdrawal,1544.55,8740.2,Mortgage,44038.4,9.75,Closed,MasterCard,287.34,Suggestion,Pending,1,2023,2,February,2001,21.4,36-45
3899,44,Male,Baltimore,Savings,5797.9,2015-04-29,2023-06-24,Transfer,58.96,5738.94,Personal,14791.76,4.37,Approved,AMEX,3890.39,Complaint,Pending,-1,2023,6,June,2015,8.2,36-45
3900,58,Female,Los Angeles,Savings,555.39,2015-02-16,2023-09-07,Deposit,146.31,409.08,Personal,45901.8,3.54,Rejected,Visa,2939.4,Complaint,Pending,1,2023,9,September,2015,8.6,56-65
3901,24,Female,Phoenix,Current,9960.56,2022-03-31,2023-01-10,Transfer,3008.28,6952.28,Auto,18868.68,6.8,Approved,MasterCard,1350.22,Suggestion,Resolved,1,2023,1,January,2022,0.8,18-25
3902,49,Other,Memphis,Savings,5842.94,2020-01-15,2023-10-02,Deposit,3594.7,9437.64,Personal,1467.06,7.38,Approved,MasterCard,570.36,Suggestion,Pending,1,2023,10,October,2020,3.7,46-55
3903,26,Female,Tucson,Current,4970.1,2016-07-26,2023-09-22,Transfer,2739.04,7709.14,Auto,4676.39,1.15,Rejected,MasterCard,4760.21,Complaint,Resolved,1,2023,9,September,2016,7.2,26-35
3904,34,Male,Oklahoma City,Savings,4532.2,2012-04-24,2023-05-15,Transfer,418.74,4950.94,Personal,5377.59,7.02,Rejected,MasterCard,1862.79,Suggestion,Pending,1,2023,5,May,2012,11.1,26-35
3905,52,Other,Baltimore,Savings,7036.77,2009-02-17,2023-03-02,Transfer,4704.94,2331.83,Mortgage,11150.03,2.63,Rejected,Visa,68.69,Suggestion,Pending,1,2023,3,March,2009,14.0,46-55
3906,65,Other,Phoenix,Savings,4637.73,2010-07-21,2023-01-14,Withdrawal,3570.03,8207.76,Auto,10139.58,9.63,Rejected,Visa,80.05,Praise,Resolved,1,2023,1,January,2010,12.5,56-65
3907,33,Other,Nashville,Current,6624.86,2004-05-31,2023-09-15,Deposit,1194.5,7819.36,Personal,3836.81,6.18,Approved,Visa,1064.23,Praise,Resolved,1,2023,9,September,2004,19.3,26-35
3908,19,Other,Charlotte,Savings,4934.51,2011-02-19,2023-10-28,Deposit,3360.72,8295.23,Personal,44874.23,2.14,Approved,AMEX,4029.16,Praise,Resolved,1,2023,10,October,2011,12.7,18-25
3909,60,Other,Oklahoma City,Savings,6146.11,2012-04-03,2023-10-03,Deposit,566.17,5579.94,Auto,41587.19,1.47,Rejected,Visa,3955.92,Praise,Resolved,-1,2023,10,October,2012,11.5,56-65
3910,48,Male,San Diego,Current,8071.34,2012-12-09,2023-01-26,Withdrawal,3899.15,11970.49,Personal,38378.34,8.92,Rejected,MasterCard,118.07,Suggestion,Resolved,1,2023,1,January,2012,10.1,46-55
3911,33,Female,Milwaukee,Savings,8189.96,2006-03-26,2023-02-08,Withdrawal,2409.81,10599.77,Personal,24477.54,8.66,Approved,Visa,1004.92,Complaint,Pending,1,2023,2,February,2006,16.9,26-35
3912,64,Female,Fort Worth,Savings,8505.58,2010-08-22,2023-09-03,Deposit,2052.75,6452.83,Auto,21832.26,4.91,Approved,Visa,3688.46,Praise,Resolved,1,2023,9,September,2010,13.0,56-65
3913,50,Female,Nashville,Current,2109.4,2015-06-20,2023-05-31,Withdrawal,55.64,2165.04,Auto,21842.86,1.79,Closed,AMEX,365.86,Praise,Pending,1,2023,5,May,2015,7.9,46-55
3914,38,Female,Baltimore,Savings,705.09,2020-12-11,2023-07-27,Withdrawal,3265.85,3970.94,Mortgage,13826.6,4.51,Rejected,MasterCard,2078.45,Praise,Pending,1,2023,7,July,2020,2.6,36-45
3915,34,Other,Portland,Savings,8377.77,2015-04-19,2023-06-02,Deposit,4146.72,4231.05,Mortgage,30804.62,7.84,Approved,AMEX,4802.73,Praise,Pending,1,2023,6,June,2015,8.1,26-35
3916,52,Female,Detroit,Current,518.75,2010-04-11,2023-04-26,Transfer,1448.6,-929.85,Auto,3894.9,6.95,Approved,Visa,2893.28,Suggestion,Resolved,1,2023,4,April,2010,13.0,46-55
3917,68,Female,Tucson,Savings,2213.56,2001-11-07,2023-07-20,Transfer,68.73,2282.29,Personal,33280.41,8.79,Rejected,AMEX,2154.19,Complaint,Resolved,1,2023,7,July,2001,21.7,65+
3918,69,Other,Detroit,Savings,5309.37,2008-05-12,2023-06-30,Deposit,3878.83,1430.54,Auto,26179.02,7.76,Rejected,AMEX,4803.93,Suggestion,Pending,1,2023,6,June,2008,15.1,65+
3919,24,Other,Detroit,Current,8568.79,2003-06-17,2023-10-08,Withdrawal,3181.97,11750.76,Personal,41009.49,3.97,Rejected,MasterCard,2532.35,Praise,Pending,1,2023,10,October,2003,20.3,18-25
3920,46,Other,Mesa,Savings,8978.13,2019-03-05,2023-06-23,Withdrawal,3886.67,5091.46,Mortgage,48664.35,4.07,Closed,MasterCard,3009.11,Praise,Resolved,1,2023,6,June,2019,4.3,46-55
3921,28,Female,Omaha,Savings,6317.7,2009-02-26,2023-06-04,Deposit,2696.2,9013.9,Auto,43953.9,6.83,Closed,MasterCard,2561.87,Praise,Pending,1,2023,6,June,2009,14.3,26-35
3922,47,Other,New York,Savings,9670.91,2007-03-23,2023-12-22,Deposit,2310.12,7360.79,Auto,36276.28,3.79,Closed,MasterCard,3751.7,Complaint,Resolved,1,2023,12,December,2007,16.8,46-55
3923,35,Other,Charlotte,Current,7326.44,2016-04-13,2023-11-15,Deposit,1104.6,8431.04,Mortgage,22206.39,8.81,Closed,AMEX,1661.64,Suggestion,Pending,1,2023,11,November,2016,7.6,26-35
3924,63,Male,New York,Current,5324.47,2002-12-17,2023-04-25,Deposit,403.4,4921.07,Auto,11511.69,3.95,Rejected,Visa,760.39,Complaint,Pending,1,2023,4,April,2002,20.4,56-65
3925,33,Male,Austin,Current,1430.27,2020-11-05,2023-10-30,Withdrawal,2362.51,3792.78,Auto,33578.79,5.4,Closed,AMEX,2359.49,Suggestion,Pending,1,2023,10,October,2020,3.0,26-35
3926,23,Female,Los Angeles,Current,4344.98,2017-07-17,2023-05-22,Transfer,4343.3,1.68,Auto,10878.36,1.39,Rejected,MasterCard,3663.47,Suggestion,Pending,1,2023,5,May,2017,5.8,18-25
3927,19,Other,New York,Savings,8241.17,2004-01-20,2023-10-06,Deposit,306.14,8547.31,Auto,1992.69,2.06,Rejected,MasterCard,2333.28,Praise,Pending,1,2023,10,October,2004,19.7,18-25
3928,60,Female,Milwaukee,Savings,2908.11,2018-04-17,2023-01-16,Withdrawal,4945.58,-2037.47,Mortgage,29088.42,2.19,Approved,MasterCard,1011.7,Complaint,Pending,1,2023,1,January,2018,4.8,56-65
3929,60,Male,Indianapolis,Current,5824.88,2005-03-16,2023-05-28,Deposit,4735.49,10560.37,Personal,20312.39,4.1,Approved,MasterCard,748.57,Suggestion,Resolved,1,2023,5,May,2005,18.2,56-65
3930,27,Male,Washington,Current,9836.0,2001-02-25,2023-09-19,Transfer,3207.28,13043.28,Mortgage,43924.91,2.05,Rejected,AMEX,4855.09,Complaint,Resolved,1,2023,9,September,2001,22.6,26-35
3931,21,Other,Seattle,Current,1826.8,2008-07-17,2023-01-29,Deposit,4571.91,6398.71,Mortgage,32643.22,5.11,Closed,AMEX,4607.94,Praise,Pending,1,2023,1,January,2008,14.5,18-25
3932,66,Female,San Francisco,Savings,1104.43,2006-10-26,2023-09-17,Withdrawal,2772.1,3876.53,Auto,32715.26,3.42,Closed,Visa,1554.82,Suggestion,Pending,1,2023,9,September,2006,16.9,65+
3933,27,Male,Baltimore,Savings,7976.41,2011-04-09,2023-04-24,Deposit,2028.87,10005.28,Mortgage,39606.76,3.45,Rejected,MasterCard,4817.05,Complaint,Resolved,1,2023,4,April,2011,12.0,26-35
3934,26,Other,Jacksonville,Savings,346.73,2001-01-31,2023-01-08,Transfer,2862.74,-2516.01,Auto,17446.95,5.01,Closed,AMEX,3098.36,Suggestion,Resolved,1,2023,1,January,2001,21.9,26-35
3935,62,Female,Sacramento,Savings,6468.23,2017-10-16,2023-10-31,Withdrawal,4384.01,10852.24,Auto,47950.43,8.68,Closed,Visa,1540.61,Praise,Pending,1,2023,10,October,2017,6.0,56-65
3936,60,Other,Nashville,Current,3423.88,2008-02-23,2023-09-12,Withdrawal,4788.03,-1364.15,Personal,11844.75,7.86,Closed,Visa,1524.48,Praise,Resolved,1,2023,9,September,2008,15.6,56-65
3937,59,Other,Indianapolis,Savings,7265.76,2004-12-17,2023-03-25,Transfer,4192.06,3073.7,Mortgage,43712.31,8.95,Closed,Visa,4500.17,Complaint,Pending,1,2023,3,March,2004,18.3,56-65
3938,41,Male,Philadelphia,Savings,1290.51,2021-01-23,2023-01-16,Deposit,906.61,383.9,Mortgage,45631.21,9.91,Closed,Visa,1852.73,Suggestion,Resolved,1,2023,1,January,2021,2.0,36-45
3939,22,Female,Chicago,Current,3367.44,2006-12-01,2023-10-30,Deposit,2962.77,6330.21,Auto,2912.98,1.1,Approved,MasterCard,389.47,Suggestion,Pending,1,2023,10,October,2006,16.9,18-25
3940,52,Male,Nashville,Current,268.67,2000-01-07,2023-10-14,Withdrawal,2229.33,2498.0,Auto,31959.28,7.23,Rejected,Visa,3698.44,Complaint,Resolved,1,2023,10,October,2000,23.8,46-55
3941,21,Female,San Jose,Savings,2427.4,2013-03-28,2023-04-06,Transfer,2411.51,15.89,Personal,37721.62,2.08,Approved,MasterCard,735.97,Complaint,Resolved,1,2023,4,April,2013,10.0,18-25
3942,52,Female,Seattle,Savings,4884.26,2022-09-12,2023-05-02,Withdrawal,2146.91,2737.35,Auto,47737.69,9.43,Closed,Visa,3455.39,Praise,Resolved,1,2023,5,May,2022,0.6,46-55
3943,59,Other,Las Vegas,Savings,1858.37,2004-01-30,2023-08-14,Withdrawal,347.11,2205.48,Personal,13317.57,3.04,Closed,Visa,3462.7,Praise,Pending,1,2023,8,August,2004,19.5,56-65
3944,30,Other,Portland,Current,6036.59,2011-07-27,2023-01-29,Transfer,4231.05,10267.64,Auto,28530.66,4.15,Rejected,AMEX,2852.14,Suggestion,Resolved,1,2023,1,January,2011,11.5,26-35
3945,54,Female,Houston,Current,1269.65,2014-03-13,2023-03-17,Transfer,4892.05,6161.7,Auto,38882.76,9.81,Approved,MasterCard,2865.76,Suggestion,Pending,1,2023,3,March,2014,9.0,46-55
3946,49,Other,Washington,Current,7477.71,2013-03-07,2023-11-20,Transfer,1056.57,8534.28,Auto,8269.42,8.8,Rejected,MasterCard,1751.2,Suggestion,Pending,1,2023,11,November,2013,10.7,46-55
3947,62,Male,Las Vegas,Current,9224.48,2008-10-20,2023-04-29,Deposit,3113.56,6110.92,Auto,42796.12,1.42,Approved,Visa,2054.57,Praise,Resolved,-1,2023,4,April,2008,14.5,56-65
3948,18,Female,Omaha,Current,3920.66,2006-05-04,2023-06-20,Withdrawal,2687.48,6608.14,Mortgage,20778.26,1.42,Approved,MasterCard,605.05,Suggestion,Pending,1,2023,6,June,2006,17.1,18-25
3949,28,Male,Jacksonville,Savings,5329.24,2018-02-22,2023-02-03,Withdrawal,4483.51,9812.75,Personal,32347.79,8.37,Closed,AMEX,2773.11,Suggestion,Pending,1,2023,2,February,2018,4.9,26-35
3950,43,Other,Los Angeles,Savings,4936.28,2017-09-01,2023-09-19,Deposit,3523.47,1412.81,Mortgage,3059.87,1.63,Closed,Visa,4082.51,Praise,Pending,1,2023,9,September,2017,6.0,36-45
3951,20,Female,Omaha,Savings,7875.42,2018-09-09,2023-11-01,Transfer,3750.81,11626.23,Mortgage,11923.87,8.67,Closed,AMEX,151.22,Praise,Resolved,1,2023,11,November,2018,5.1,18-25
3952,66,Other,Philadelphia,Savings,9942.49,2012-08-02,2023-07-07,Deposit,4760.0,5182.49,Personal,24431.06,9.32,Approved,Visa,3544.28,Complaint,Pending,1,2023,7,July,2012,10.9,65+
3953,68,Male,Seattle,Savings,7383.29,2005-08-13,2023-02-20,Withdrawal,3320.75,4062.54,Auto,15171.27,1.21,Rejected,MasterCard,671.27,Suggestion,Pending,1,2023,2,February,2005,17.5,65+
3954,30,Female,San Francisco,Savings,2223.85,2012-06-21,2023-01-09,Deposit,2273.25,-49.4,Auto,47934.32,2.98,Approved,Visa,3993.58,Suggestion,Resolved,1,2023,1,January,2012,10.6,26-35
3955,49,Other,Kansas City,Savings,6991.19,2021-10-13,2023-05-13,Withdrawal,269.01,6722.18,Auto,39951.69,1.21,Approved,Visa,4.88,Complaint,Pending,1,2023,5,May,2021,1.6,46-55
3956,65,Male,El Paso,Current,6196.06,2017-12-07,2023-07-11,Deposit,4532.76,10728.82,Personal,43379.12,1.66,Rejected,MasterCard,383.99,Praise,Resolved,1,2023,7,July,2017,5.6,56-65
3957,67,Male,Baltimore,Savings,2180.19,2006-01-26,2023-01-16,Deposit,2952.74,-772.55,Mortgage,23849.58,5.81,Approved,AMEX,4109.8,Suggestion,Resolved,1,2023,1,January,2006,17.0,65+
3958,40,Other,Nashville,Current,2485.52,2019-03-04,2023-07-06,Withdrawal,3414.76,5900.28,Mortgage,24208.46,7.57,Rejected,MasterCard,1347.13,Suggestion,Pending,1,2023,7,July,2019,4.3,36-45
3959,69,Female,Jacksonville,Savings,6562.59,2015-10-02,2023-07-03,Withdrawal,2531.43,9094.02,Mortgage,40454.26,5.32,Closed,Visa,4468.72,Praise,Resolved,1,2023,7,July,2015,7.8,65+
3960,40,Other,San Jose,Savings,8097.4,2017-04-26,2023-07-12,Deposit,1974.18,6123.22,Mortgage,19989.1,4.47,Rejected,Visa,3905.6,Complaint,Resolved,1,2023,7,July,2017,6.2,36-45
3961,68,Female,Fort Worth,Current,7647.8,2006-07-22,2023-03-25,Deposit,2524.4,10172.2,Personal,24561.62,2.86,Closed,Visa,3206.5,Praise,Resolved,1,2023,3,March,2006,16.7,65+
3962,47,Male,Dallas,Current,6103.48,2005-03-24,2023-06-24,Deposit,252.03,6355.51,Mortgage,26900.9,3.13,Approved,AMEX,1498.85,Suggestion,Pending,1,2023,6,June,2005,18.3,46-55
3963,23,Male,Houston,Savings,9381.67,2002-05-19,2023-04-02,Deposit,3991.58,5390.09,Personal,30750.73,6.24,Approved,MasterCard,4197.68,Praise,Resolved,1,2023,4,April,2002,20.9,18-25
3964,24,Male,Colorado Springs,Savings,7337.35,2007-05-01,2023-10-18,Withdrawal,798.27,8135.62,Mortgage,32848.55,8.7,Closed,MasterCard,968.78,Suggestion,Resolved,-1,2023,10,October,2007,16.5,18-25
3965,64,Other,Las Vegas,Savings,5464.97,2017-10-01,2023-03-03,Transfer,1669.98,7134.95,Personal,34356.84,4.64,Closed,MasterCard,4459.34,Praise,Resolved,1,2023,3,March,2017,5.4,56-65
3966,47,Other,Fresno,Savings,8180.43,2010-09-01,2023-02-02,Withdrawal,444.1,8624.53,Mortgage,22756.45,9.46,Approved,MasterCard,3782.1,Complaint,Resolved,1,2023,2,February,2010,12.4,46-55
3967,54,Other,Colorado Springs,Savings,2975.79,2000-04-08,2023-05-23,Transfer,4101.53,-1125.74,Mortgage,15462.2,1.47,Closed,MasterCard,1742.09,Suggestion,Resolved,1,2023,5,May,2000,23.1,46-55
3968,65,Male,Phoenix,Current,2708.58,2003-08-05,2023-12-07,Withdrawal,850.04,1858.54,Mortgage,46087.55,8.46,Rejected,MasterCard,871.66,Suggestion,Pending,1,2023,12,December,2003,20.3,56-65
3969,49,Female,Charlotte,Current,9717.41,2015-06-28,2023-12-28,Transfer,2000.61,11718.02,Personal,41509.36,4.05,Closed,MasterCard,2209.06,Praise,Pending,1,2023,12,December,2015,8.5,46-55
3970,23,Other,Houston,Current,9503.23,2012-11-08,2023-05-03,Withdrawal,2083.23,7420.0,Personal,1168.43,8.82,Rejected,MasterCard,655.29,Praise,Pending,1,2023,5,May,2012,10.5,18-25
3971,52,Other,Colorado Springs,Savings,8817.11,2010-07-30,2023-04-25,Transfer,1588.97,7228.14,Mortgage,26133.25,9.27,Rejected,MasterCard,2426.3,Praise,Resolved,1,2023,4,April,2010,12.7,46-55
3972,49,Other,San Diego,Savings,2222.25,2014-02-24,2023-12-23,Deposit,4302.03,6524.28,Auto,14455.55,7.3,Approved,Visa,1134.47,Complaint,Resolved,1,2023,12,December,2014,9.8,46-55
3973,29,Male,Las Vegas,Current,5918.12,2001-08-07,2023-03-21,Deposit,3861.19,9779.31,Personal,32493.72,4.2,Approved,MasterCard,22.42,Suggestion,Pending,1,2023,3,March,2001,21.6,26-35
3974,21,Female,Louisville,Current,5397.0,2018-10-06,2023-08-30,Transfer,3720.95,9117.95,Auto,25629.35,5.11,Approved,Visa,2657.96,Praise,Resolved,-1,2023,8,August,2018,4.9,18-25
3975,49,Female,Portland,Savings,2110.77,2017-12-15,2023-05-16,Deposit,1133.33,977.44,Personal,2037.16,5.97,Closed,MasterCard,1499.58,Suggestion,Pending,1,2023,5,May,2017,5.4,46-55
3976,52,Female,New York,Savings,4533.1,2011-07-06,2023-12-31,Transfer,955.7,5488.8,Auto,36660.85,5.16,Approved,MasterCard,3055.56,Complaint,Resolved,1,2023,12,December,2011,12.5,46-55
3977,65,Other,Fresno,Savings,4704.94,2011-06-14,2023-04-05,Transfer,1240.5,5945.44,Mortgage,14493.95,8.12,Closed,Visa,1563.78,Suggestion,Resolved,1,2023,4,April,2011,11.8,56-65
3978,33,Other,San Francisco,Savings,2482.16,2015-12-16,2023-09-21,Deposit,1936.95,545.21,Personal,13751.59,7.94,Rejected,MasterCard,3422.14,Praise,Pending,1,2023,9,September,2015,7.8,26-35
3979,68,Female,Atlanta,Savings,9553.32,2016-11-04,2023-05-21,Deposit,2399.0,11952.32,Personal,2564.38,1.11,Closed,AMEX,3333.91,Suggestion,Pending,1,2023,5,May,2016,6.5,65+
3980,32,Male,Kansas City,Current,4977.88,2009-08-18,2023-03-29,Withdrawal,1258.37,6236.25,Auto,41588.47,2.36,Rejected,MasterCard,125.03,Suggestion,Pending,1,2023,3,March,2009,13.6,26-35
3981,58,Female,Detroit,Current,5296.43,2009-02-22,2023-08-25,Transfer,2294.23,7590.66,Mortgage,29363.14,4.27,Rejected,Visa,3442.53,Complaint,Pending,1,2023,8,August,2009,14.5,56-65
3982,69,Other,Las Vegas,Savings,6025.93,2013-09-07,2023-02-28,Withdrawal,930.06,5095.87,Personal,24757.29,7.05,Approved,Visa,914.75,Complaint,Resolved,1,2023,2,February,2013,9.5,65+
3983,19,Female,Colorado Springs,Savings,8880.83,2021-09-06,2023-12-03,Transfer,1352.07,10232.9,Mortgage,34114.83,3.07,Approved,Visa,4103.68,Complaint,Resolved,1,2023,12,December,2021,2.2,18-25
3984,23,Female,Nashville,Savings,5379.77,2020-12-16,2023-06-24,Transfer,1311.11,6690.88,Personal,17923.13,3.91,Closed,MasterCard,595.01,Complaint,Resolved,1,2023,6,June,2020,2.5,18-25
3985,31,Female,Baltimore,Savings,5455.56,2019-11-25,2023-03-01,Withdrawal,3638.32,1817.24,Auto,28904.25,5.16,Approved,AMEX,1237.36,Suggestion,Pending,1,2023,3,March,2019,3.3,26-35
3986,58,Male,San Jose,Savings,2477.91,2005-05-28,2023-06-18,Deposit,2297.89,180.02,Mortgage,13214.4,6.31,Rejected,AMEX,2868.25,Suggestion,Pending,1,2023,6,June,2005,18.1,56-65
3987,46,Other,Atlanta,Savings,6067.89,2003-08-04,2023-02-21,Withdrawal,3079.93,9147.82,Auto,4084.8,9.12,Closed,MasterCard,2097.95,Suggestion,Resolved,1,2023,2,February,2003,19.6,46-55
3988,59,Other,Chicago,Savings,3873.38,2008-06-05,2023-08-16,Deposit,3349.84,523.54,Mortgage,28505.82,8.24,Closed,Visa,4957.13,Praise,Pending,1,2023,8,August,2008,15.2,56-65
3989,43,Female,Albuquerque,Savings,6503.14,2000-10-02,2023-09-05,Deposit,351.89,6151.25,Personal,11838.39,4.23,Rejected,Visa,3598.02,Praise,Resolved,1,2023,9,September,2000,22.9,36-45
3990,35,Other,Sacramento,Current,3077.39,2018-11-14,2023-11-28,Transfer,3976.24,7053.63,Personal,37752.07,7.91,Approved,AMEX,1101.43,Praise,Pending,1,2023,11,November,2018,5.0,26-35
3991,64,Male,Denver,Savings,7185.71,2017-12-03,2023-02-05,Withdrawal,1427.02,8612.73,Auto,23140.31,8.49,Closed,MasterCard,3666.67,Complaint,Resolved,1,2023,2,February,2017,5.2,56-65
3992,21,Female,Columbus,Current,6227.14,2018-09-28,2023-11-29,Withdrawal,2553.67,3673.47,Mortgage,13269.53,5.7,Closed,AMEX,1781.41,Suggestion,Pending,1,2023,11,November,2018,5.2,18-25
3993,54,Male,Washington,Current,4797.39,2007-12-25,2023-04-09,Deposit,1698.55,3098.84,Auto,30808.95,3.66,Closed,MasterCard,113.19,Praise,Resolved,1,2023,4,April,2007,15.3,46-55
3994,55,Female,San Francisco,Savings,1057.06,2012-11-10,2023-03-10,Deposit,3870.21,4927.27,Mortgage,6714.42,9.49,Approved,AMEX,1408.23,Complaint,Pending,1,2023,3,March,2012,10.3,46-55
3995,42,Female,Houston,Savings,6306.98,2015-09-03,2023-05-21,Transfer,1149.0,5157.98,Personal,38309.77,9.66,Closed,Visa,4705.07,Praise,Pending,1,2023,5,May,2015,7.7,36-45
3996,64,Female,Omaha,Current,8606.86,2002-01-04,2023-07-19,Transfer,4819.19,13426.05,Personal,23156.72,3.02,Rejected,AMEX,640.55,Praise,Pending,1,2023,7,July,2002,21.5,56-65
3997,69,Male,Denver,Savings,1793.64,2021-06-10,2023-09-24,Deposit,2006.61,-212.97,Personal,40819.64,8.07,Approved,MasterCard,2861.79,Praise,Pending,1,2023,9,September,2021,2.3,65+
3998,46,Other,Atlanta,Savings,938.72,2022-10-19,2023-01-08,Transfer,3561.06,4499.78,Mortgage,7766.72,1.38,Rejected,Visa,4887.78,Suggestion,Resolved,1,2023,1,January,2022,0.2,46-55
3999,51,Other,Los Angeles,Savings,491.73,2004-10-19,2023-03-03,Deposit,3210.82,-2719.09,Personal,19744.57,1.02,Closed,AMEX,2604.03,Complaint,Resolved,1,2023,3,March,2004,18.4,46-55
4000,33,Other,Charlotte,Current,415.01,2004-11-20,2023-05-20,Withdrawal,3715.51,-3300.5,Personal,9821.45,4.16,Approved,AMEX,1650.76,Praise,Resolved,1,2023,5,May,2004,18.5,26-35
4001,54,Other,Los Angeles,Savings,8436.48,2008-01-08,2023-11-29,Transfer,2759.84,5676.64,Mortgage,3998.58,5.16,Closed,AMEX,2992.76,Praise,Pending,1,2023,11,November,2008,15.9,46-55
4002,47,Male,Austin,Current,7303.39,2022-06-29,2023-12-27,Withdrawal,1925.14,5378.25,Personal,47812.03,5.92,Rejected,MasterCard,1282.93,Suggestion,Resolved,1,2023,12,December,2022,1.5,46-55
4003,40,Other,El Paso,Savings,2102.75,2003-06-18,2023-12-08,Deposit,906.17,3008.92,Mortgage,36605.78,4.4,Closed,MasterCard,3878.01,Suggestion,Pending,1,2023,12,December,2003,20.5,36-45
4004,53,Other,Jacksonville,Savings,9179.46,2007-01-04,2023-04-20,Transfer,2602.02,11781.48,Personal,16954.66,2.16,Approved,AMEX,4313.34,Praise,Resolved,1,2023,4,April,2007,16.3,46-55
4005,45,Female,Chicago,Current,1439.86,2016-02-02,2023-06-21,Deposit,313.68,1126.18,Mortgage,13061.37,4.1,Closed,AMEX,1761.34,Complaint,Pending,1,2023,6,June,2016,7.4,36-45
4006,18,Male,Phoenix,Current,3804.21,2010-02-11,2023-02-27,Withdrawal,303.53,4107.74,Auto,11011.77,8.4,Rejected,AMEX,3864.53,Complaint,Pending,1,2023,2,February,2010,13.0,18-25
4007,25,Female,Chicago,Current,4575.87,2009-09-12,2023-12-10,Transfer,3070.83,1505.04,Mortgage,3107.51,4.02,Approved,Visa,4176.42,Suggestion,Pending,1,2023,12,December,2009,14.2,18-25
4008,59,Other,Kansas City,Savings,851.37,2016-10-24,2023-01-08,Withdrawal,2407.64,3259.01,Mortgage,6030.8,6.33,Approved,Visa,2039.87,Praise,Resolved,1,2023,1,January,2016,6.2,56-65
4009,32,Female,San Jose,Savings,3539.99,2017-12-17,2023-12-29,Withdrawal,2535.46,6075.45,Personal,6042.45,7.13,Approved,AMEX,4748.82,Suggestion,Pending,1,2023,12,December,2017,6.0,26-35
4010,51,Other,Denver,Current,1108.62,2015-07-03,2023-03-05,Deposit,1600.28,2708.9,Personal,33646.98,7.59,Closed,Visa,3449.04,Suggestion,Resolved,1,2023,3,March,2015,7.7,46-55
4011,36,Female,Omaha,Current,7918.77,2011-06-04,2023-11-04,Withdrawal,3954.92,3963.85,Personal,30140.67,5.39,Rejected,Visa,2283.13,Suggestion,Pending,1,2023,11,November,2011,12.4,36-45
4012,61,Male,Sacramento,Savings,563.6,2016-11-17,2023-11-23,Withdrawal,1013.91,-450.31,Personal,28841.48,2.13,Closed,MasterCard,3052.53,Praise,Resolved,1,2023,11,November,2016,7.0,56-65
4013,47,Female,Las Vegas,Savings,269.65,2004-07-28,2023-10-05,Withdrawal,2934.79,-2665.14,Auto,36988.69,9.1,Approved,Visa,2484.74,Suggestion,Resolved,1,2023,10,October,2004,19.2,46-55
4014,27,Female,Las Vegas,Savings,7351.74,2022-03-09,2023-07-10,Deposit,4303.79,3047.95,Personal,13307.44,3.34,Approved,AMEX,824.9,Complaint,Resolved,1,2023,7,July,2022,1.3,26-35
4015,61,Female,San Francisco,Savings,7830.4,2009-08-25,2023-08-10,Withdrawal,4172.02,3658.38,Auto,17781.28,4.05,Closed,Visa,2311.39,Suggestion,Resolved,1,2023,8,August,2009,14.0,56-65
4016,44,Female,Omaha,Savings,5006.74,2005-05-31,2023-03-20,Deposit,152.85,4853.89,Personal,7208.38,7.96,Rejected,Visa,2788.07,Complaint,Pending,1,2023,3,March,2005,17.8,36-45
4017,37,Other,Jacksonville,Current,3246.94,2000-04-09,2023-02-06,Transfer,1402.14,1844.8,Mortgage,29797.83,7.87,Rejected,MasterCard,803.0,Suggestion,Pending,1,2023,2,February,2000,22.8,36-45
4018,42,Female,Los Angeles,Savings,2440.89,2009-12-05,2023-07-07,Transfer,3576.52,6017.41,Mortgage,46712.37,9.07,Approved,Visa,4458.42,Suggestion,Resolved,1,2023,7,July,2009,13.6,36-45
4019,26,Male,El Paso,Savings,1258.58,2019-02-15,2023-05-28,Deposit,3706.32,4964.9,Mortgage,43293.75,1.3,Rejected,Visa,2983.32,Suggestion,Resolved,1,2023,5,May,2019,4.3,26-35
4020,57,Female,Philadelphia,Savings,4893.88,2011-09-19,2023-04-05,Transfer,2418.9,7312.78,Personal,28194.94,8.87,Closed,AMEX,2319.28,Praise,Resolved,1,2023,4,April,2011,11.5,56-65
4021,51,Male,Los Angeles,Current,4961.78,2021-09-16,2023-04-25,Withdrawal,1020.37,5982.15,Auto,32585.78,8.13,Approved,Visa,3922.31,Complaint,Resolved,1,2023,4,April,2021,1.6,46-55
4022,38,Female,Nashville,Current,4614.01,2003-03-16,2023-06-22,Withdrawal,1402.21,3211.8,Mortgage,49623.14,5.73,Closed,MasterCard,3831.29,Suggestion,Pending,1,2023,6,June,2003,20.3,36-45
4023,41,Other,Sacramento,Savings,7804.8,2011-12-23,2023-05-02,Deposit,4006.78,11811.58,Mortgage,26350.38,2.44,Approved,MasterCard,1934.69,Suggestion,Pending,1,2023,5,May,2011,11.4,36-45
4024,24,Male,Memphis,Savings,1087.79,2006-06-04,2023-11-10,Withdrawal,968.88,118.91,Auto,43658.82,5.9,Approved,MasterCard,2233.77,Complaint,Pending,1,2023,11,November,2006,17.4,18-25
4025,21,Male,San Antonio,Current,6733.1,2006-05-16,2023-07-23,Transfer,4712.14,2020.96,Auto,25532.21,2.75,Closed,AMEX,2347.7,Complaint,Resolved,1,2023,7,July,2006,17.2,18-25
4026,68,Female,Memphis,Savings,4075.52,2012-04-09,2023-06-14,Transfer,2509.33,6584.85,Auto,3345.55,9.68,Approved,Visa,743.58,Praise,Resolved,1,2023,6,June,2012,11.2,65+
4027,25,Other,Atlanta,Current,2485.4,2000-08-12,2023-08-10,Deposit,1424.27,3909.67,Mortgage,46798.41,7.38,Rejected,Visa,3624.83,Suggestion,Resolved,1,2023,8,August,2000,23.0,18-25
4028,30,Other,El Paso,Current,6847.78,2012-04-20,2023-09-16,Transfer,1954.18,4893.6,Auto,6482.13,6.37,Approved,Visa,885.88,Praise,Resolved,1,2023,9,September,2012,11.4,26-35
4029,38,Male,Tucson,Current,2057.01,2003-12-11,2023-03-18,Transfer,1290.0,3347.01,Personal,35505.21,8.32,Rejected,MasterCard,361.42,Complaint,Resolved,1,2023,3,March,2003,19.3,36-45
4030,52,Female,San Diego,Savings,2386.08,2013-07-21,2023-03-16,Transfer,1927.83,4313.91,Personal,12659.99,5.79,Approved,MasterCard,3357.74,Complaint,Pending,1,2023,3,March,2013,9.7,46-55
4031,22,Other,Fort Worth,Current,9985.6,2022-11-07,2023-08-10,Deposit,662.67,9322.93,Personal,45150.8,1.54,Rejected,MasterCard,411.52,Complaint,Pending,1,2023,8,August,2022,0.8,18-25
4032,69,Other,Jacksonville,Savings,8897.82,2011-11-02,2023-07-20,Deposit,4117.58,13015.4,Personal,10823.95,3.33,Rejected,AMEX,4334.04,Suggestion,Pending,1,2023,7,July,2011,11.7,65+
4033,25,Other,Charlotte,Current,7001.68,2014-03-29,2023-08-10,Withdrawal,4818.65,2183.03,Personal,7863.64,9.84,Closed,MasterCard,1655.96,Complaint,Pending,1,2023,8,August,2014,9.4,18-25
4034,19,Female,Las Vegas,Current,3226.05,2008-10-20,2023-04-03,Transfer,3299.11,6525.16,Personal,22496.93,8.66,Rejected,MasterCard,1163.7,Praise,Resolved,1,2023,4,April,2008,14.5,18-25
4035,41,Female,Detroit,Current,5413.51,2007-03-02,2023-02-07,Transfer,4044.82,1368.69,Personal,25337.36,9.35,Approved,AMEX,2138.61,Complaint,Resolved,1,2023,2,February,2007,15.9,36-45
4036,59,Male,Colorado Springs,Current,1353.5,2014-12-13,2023-08-22,Deposit,1148.12,2501.62,Mortgage,41127.45,1.88,Closed,AMEX,2414.84,Praise,Pending,-1,2023,8,August,2014,8.7,56-65
4037,33,Female,Chicago,Current,3406.12,2012-07-06,2023-05-01,Transfer,323.14,3729.26,Personal,38357.74,3.23,Approved,AMEX,710.4,Praise,Resolved,1,2023,5,May,2012,10.8,26-35
4038,21,Other,Los Angeles,Savings,772.91,2018-04-16,2023-02-18,Withdrawal,3139.29,-2366.38,Auto,17085.17,1.57,Approved,Visa,4458.04,Praise,Pending,1,2023,2,February,2018,4.8,18-25
4039,47,Male,Philadelphia,Current,6142.15,2003-12-08,2023-02-03,Transfer,4089.72,10231.87,Mortgage,19862.54,8.4,Closed,MasterCard,887.83,Suggestion,Resolved,1,2023,2,February,2003,19.2,46-55
4040,63,Female,Nashville,Current,8589.21,2014-03-29,2023-06-03,Deposit,4173.37,4415.84,Mortgage,29256.85,2.57,Closed,Visa,2552.79,Praise,Resolved,1,2023,6,June,2014,9.2,56-65
4041,47,Other,Dallas,Savings,8114.56,2019-10-21,2023-05-10,Transfer,2668.49,10783.05,Personal,28027.23,4.69,Approved,MasterCard,3005.21,Complaint,Resolved,1,2023,5,May,2019,3.6,46-55
4042,52,Other,Jacksonville,Savings,8575.2,2008-02-20,2023-02-25,Withdrawal,3114.28,11689.48,Personal,43240.28,3.43,Approved,AMEX,3254.09,Complaint,Resolved,1,2023,2,February,2008,15.0,46-55
4043,59,Male,Mesa,Current,1828.54,2011-01-13,2023-04-10,Withdrawal,1847.57,-19.03,Mortgage,24151.22,9.37,Rejected,Visa,2546.31,Complaint,Resolved,1,2023,4,April,2011,12.2,56-65
4044,30,Male,Chicago,Savings,6535.84,2018-05-02,2023-05-15,Deposit,4155.04,2380.8,Personal,44781.94,6.48,Rejected,MasterCard,1300.91,Suggestion,Pending,1,2023,5,May,2018,5.0,26-35
4045,54,Female,Las Vegas,Current,9571.75,2010-05-15,2023-02-05,Withdrawal,3491.05,6080.7,Auto,11048.51,8.2,Closed,AMEX,352.97,Praise,Pending,1,2023,2,February,2010,12.7,46-55
4046,66,Female,Washington,Current,7854.19,2014-12-21,2023-06-17,Transfer,937.5,6916.69,Mortgage,43513.66,6.42,Rejected,MasterCard,4717.35,Complaint,Resolved,1,2023,6,June,2014,8.5,65+
4047,66,Male,Columbus,Current,133.56,2002-01-10,2023-07-25,Withdrawal,1404.4,-1270.84,Personal,15910.34,6.51,Approved,AMEX,3995.12,Praise,Resolved,1,2023,7,July,2002,21.5,65+
4048,28,Male,Portland,Savings,8834.84,2002-08-02,2023-10-09,Withdrawal,767.76,8067.08,Personal,39673.63,4.45,Rejected,AMEX,1380.28,Praise,Resolved,1,2023,10,October,2002,21.2,26-35
4049,36,Other,Tucson,Current,7087.22,2020-09-10,2023-03-25,Deposit,2533.56,4553.66,Personal,28703.98,3.15,Approved,MasterCard,509.64,Suggestion,Pending,1,2023,3,March,2020,2.5,36-45
4050,35,Female,Washington,Savings,1308.41,2007-03-14,2023-03-16,Withdrawal,1019.17,2327.58,Mortgage,43902.53,4.14,Rejected,Visa,4886.05,Praise,Resolved,1,2023,3,March,2007,16.0,26-35
4051,34,Other,Memphis,Current,3206.84,2004-04-05,2023-03-31,Deposit,802.25,4009.09,Auto,12331.43,3.65,Approved,AMEX,4386.69,Praise,Pending,1,2023,3,March,2004,19.0,26-35
4052,28,Male,Denver,Current,1263.4,2016-04-13,2023-05-01,Transfer,810.56,2073.96,Auto,35373.45,7.22,Closed,MasterCard,3051.69,Praise,Pending,1,2023,5,May,2016,7.0,26-35
4053,32,Male,Denver,Savings,7325.12,2016-07-07,2023-04-09,Withdrawal,1336.7,5988.42,Mortgage,42599.03,4.8,Approved,AMEX,2585.34,Suggestion,Pending,1,2023,4,April,2016,6.8,26-35
4054,25,Male,Philadelphia,Current,134.89,2011-11-07,2023-11-21,Transfer,4047.06,-3912.17,Mortgage,39057.83,5.95,Approved,AMEX,1435.06,Complaint,Pending,1,2023,11,November,2011,12.0,18-25
4055,61,Female,Denver,Current,4698.77,2019-11-14,2023-09-29,Transfer,4692.07,9390.84,Personal,28733.97,7.94,Closed,Visa,1755.17,Complaint,Resolved,1,2023,9,September,2019,3.9,56-65
4056,46,Male,San Jose,Savings,9998.11,2013-05-12,2023-03-16,Withdrawal,4979.33,5018.78,Auto,34094.56,3.4,Approved,Visa,4332.8,Suggestion,Resolved,1,2023,3,March,2013,9.8,46-55
4057,34,Male,Detroit,Savings,8526.19,2013-04-22,2023-12-19,Withdrawal,211.0,8737.19,Personal,10629.34,4.81,Closed,AMEX,2894.6,Praise,Resolved,1,2023,12,December,2013,10.7,26-35
4058,43,Female,Washington,Current,5913.49,2001-12-11,2023-05-17,Deposit,2848.84,3064.65,Mortgage,11606.72,5.68,Approved,MasterCard,4483.21,Suggestion,Pending,-1,2023,5,May,2001,21.4,36-45
4059,22,Male,Nashville,Current,6969.95,2015-11-11,2023-09-18,Withdrawal,1339.56,5630.39,Auto,14097.24,1.48,Approved,MasterCard,4335.0,Praise,Pending,-1,2023,9,September,2015,7.9,18-25
4060,21,Female,Mesa,Savings,6076.02,2004-12-22,2023-07-31,Deposit,4944.66,1131.36,Mortgage,41572.67,2.37,Approved,Visa,2105.7,Complaint,Resolved,1,2023,7,July,2004,18.6,18-25
4061,41,Male,Los Angeles,Current,8127.37,2009-04-09,2023-02-12,Withdrawal,4921.8,3205.57,Auto,9204.54,1.57,Closed,AMEX,724.05,Praise,Pending,1,2023,2,February,2009,13.8,36-45
4062,28,Female,Baltimore,Current,8871.25,2017-02-15,2023-04-08,Withdrawal,4671.19,13542.44,Mortgage,15647.21,7.77,Rejected,MasterCard,4716.5,Praise,Resolved,1,2023,4,April,2017,6.1,26-35
4063,47,Female,Portland,Savings,7689.26,2005-10-28,2023-10-13,Withdrawal,80.98,7608.28,Personal,46101.28,3.7,Rejected,MasterCard,4020.32,Complaint,Pending,1,2023,10,October,2005,18.0,46-55
4064,57,Female,San Antonio,Savings,1901.43,2005-09-26,2023-03-15,Withdrawal,781.06,2682.49,Auto,38006.53,4.8,Closed,MasterCard,1828.63,Suggestion,Resolved,1,2023,3,March,2005,17.5,56-65
4065,65,Female,Oklahoma City,Current,3787.96,2000-03-31,2023-05-08,Withdrawal,2766.73,1021.23,Auto,36923.16,7.05,Closed,MasterCard,4428.3,Praise,Resolved,1,2023,5,May,2000,23.1,56-65
4066,65,Other,Milwaukee,Savings,7865.64,2013-02-12,2023-02-01,Deposit,944.57,6921.07,Auto,23301.93,9.7,Approved,MasterCard,1817.6,Suggestion,Resolved,1,2023,2,February,2013,10.0,56-65
4067,52,Female,El Paso,Savings,8249.46,2021-08-26,2023-08-04,Withdrawal,4275.71,12525.17,Mortgage,35415.72,8.3,Closed,AMEX,3244.74,Praise,Pending,1,2023,8,August,2021,1.9,46-55
4068,61,Female,San Jose,Savings,6325.15,2010-12-19,2023-09-30,Deposit,3501.69,9826.84,Personal,28720.66,1.52,Closed,AMEX,1568.75,Praise,Resolved,1,2023,9,September,2010,12.8,56-65
4069,62,Female,San Francisco,Current,7170.04,2011-02-01,2023-12-30,Deposit,928.57,6241.47,Personal,4501.77,3.75,Approved,AMEX,4538.72,Praise,Pending,1,2023,12,December,2011,12.9,56-65
4070,50,Female,Houston,Current,1827.54,2008-08-22,2023-03-08,Withdrawal,4093.87,5921.41,Auto,29249.78,1.44,Rejected,MasterCard,190.75,Suggestion,Pending,1,2023,3,March,2008,14.5,46-55
4071,53,Male,Columbus,Savings,3789.39,2003-06-11,2023-08-19,Withdrawal,2496.39,1293.0,Personal,23160.12,1.56,Approved,AMEX,3398.16,Complaint,Pending,1,2023,8,August,2003,20.2,46-55
4072,38,Male,Oklahoma City,Savings,5392.9,2021-10-01,2023-08-23,Withdrawal,3551.46,8944.36,Mortgage,6584.18,2.15,Approved,Visa,959.06,Complaint,Pending,1,2023,8,August,2021,1.9,36-45
4073,55,Female,San Jose,Current,9838.71,2013-12-14,2023-06-03,Deposit,707.75,9130.96,Auto,17868.99,3.89,Rejected,AMEX,476.22,Praise,Pending,-1,2023,6,June,2013,9.5,46-55
4074,22,Female,Chicago,Current,8012.23,2000-08-03,2023-01-12,Transfer,2594.08,5418.15,Mortgage,44845.07,3.08,Rejected,MasterCard,2906.52,Suggestion,Pending,1,2023,1,January,2000,22.4,18-25
4075,22,Other,Detroit,Current,2006.94,2016-09-03,2023-02-06,Transfer,3883.93,-1876.99,Mortgage,40381.42,4.17,Approved,AMEX,3659.33,Complaint,Resolved,1,2023,2,February,2016,6.4,18-25
4076,38,Female,Detroit,Current,3588.82,2014-12-17,2023-06-19,Deposit,1734.48,1854.34,Personal,45781.26,8.4,Closed,Visa,4956.59,Complaint,Pending,-1,2023,6,June,2014,8.5,36-45
4077,42,Female,Seattle,Savings,2247.29,2016-12-02,2023-11-09,Withdrawal,942.25,3189.54,Auto,36136.91,8.18,Closed,Visa,618.48,Praise,Resolved,1,2023,11,November,2016,6.9,36-45
4078,27,Female,Albuquerque,Savings,1607.36,2002-06-21,2023-01-12,Withdrawal,3200.95,4808.31,Mortgage,31995.13,4.16,Rejected,MasterCard,1152.28,Complaint,Resolved,-1,2023,1,January,2002,20.6,26-35
4079,36,Male,Columbus,Current,1287.8,2008-01-13,2023-06-23,Deposit,3223.91,-1936.11,Auto,7822.64,6.94,Approved,AMEX,4898.75,Complaint,Pending,1,2023,6,June,2008,15.4,36-45
4080,49,Female,Chicago,Current,9660.46,2006-06-25,2023-08-13,Withdrawal,1029.69,10690.15,Auto,6253.27,4.35,Closed,Visa,1143.07,Suggestion,Pending,1,2023,8,August,2006,17.1,46-55
4081,35,Female,New York,Savings,9075.67,2005-02-17,2023-06-04,Deposit,356.06,8719.61,Mortgage,13090.92,4.47,Approved,MasterCard,3105.44,Suggestion,Pending,1,2023,6,June,2005,18.3,26-35
4082,51,Other,Detroit,Current,4884.12,2005-09-23,2023-11-30,Withdrawal,840.59,5724.71,Personal,16395.66,7.08,Rejected,Visa,3338.75,Praise,Pending,1,2023,11,November,2005,18.2,46-55
4083,65,Male,Las Vegas,Current,5530.59,2009-05-29,2023-01-07,Withdrawal,1384.88,6915.47,Personal,30744.74,4.46,Approved,MasterCard,4046.11,Complaint,Pending,1,2023,1,January,2009,13.6,56-65
4084,32,Other,Sacramento,Savings,8402.37,2014-04-25,2023-08-24,Deposit,191.03,8211.34,Auto,43988.14,5.94,Rejected,Visa,1821.99,Suggestion,Pending,1,2023,8,August,2014,9.3,26-35
4085,41,Female,Columbus,Savings,6523.5,2019-02-28,2023-02-07,Transfer,4614.43,11137.93,Personal,44645.8,2.04,Rejected,MasterCard,651.99,Praise,Pending,-1,2023,2,February,2019,3.9,36-45
4086,22,Other,Chicago,Current,7353.31,2013-11-05,2023-10-25,Transfer,1160.21,8513.52,Auto,34435.48,5.85,Closed,AMEX,237.12,Praise,Pending,1,2023,10,October,2013,10.0,18-25
4087,49,Female,San Jose,Current,7932.3,2007-10-30,2023-09-01,Transfer,3697.21,11629.51,Auto,29121.78,7.68,Rejected,AMEX,442.57,Complaint,Pending,1,2023,9,September,2007,15.8,46-55
4088,26,Female,Columbus,Current,4881.98,2020-06-15,2023-05-03,Withdrawal,2079.14,6961.12,Mortgage,12975.04,9.0,Rejected,MasterCard,2798.01,Suggestion,Resolved,1,2023,5,May,2020,2.9,26-35
4089,22,Male,Nashville,Savings,9750.45,2003-02-15,2023-06-04,Transfer,2514.9,7235.55,Auto,46959.28,2.33,Closed,Visa,1819.51,Suggestion,Resolved,1,2023,6,June,2003,20.3,18-25
4090,22,Other,Detroit,Current,6320.81,2003-01-08,2023-10-25,Transfer,2689.34,3631.47,Mortgage,33884.53,4.7,Closed,Visa,4125.91,Suggestion,Resolved,1,2023,10,October,2003,20.8,18-25
4091,58,Female,Chicago,Savings,6371.5,2012-09-26,2023-09-03,Transfer,3866.25,10237.75,Personal,27139.4,5.38,Rejected,AMEX,2030.1,Complaint,Pending,1,2023,9,September,2012,10.9,56-65
4092,58,Other,Omaha,Current,1496.35,2004-12-17,2023-12-29,Transfer,3941.69,-2445.34,Mortgage,6093.86,9.14,Closed,AMEX,2601.91,Praise,Pending,1,2023,12,December,2004,19.0,56-65
4093,51,Male,Houston,Current,9878.6,2022-01-31,2023-02-10,Transfer,714.95,9163.65,Personal,41468.28,3.32,Approved,MasterCard,4751.66,Complaint,Resolved,1,2023,2,February,2022,1.0,46-55
4094,24,Female,Mesa,Savings,800.68,2021-09-12,2023-09-22,Transfer,1523.68,2324.36,Mortgage,18100.63,2.49,Approved,Visa,2660.63,Praise,Pending,1,2023,9,September,2021,2.0,18-25
4095,43,Male,New York,Savings,9857.8,2018-11-11,2023-04-18,Deposit,2869.46,6988.34,Personal,45128.75,2.27,Rejected,MasterCard,3982.72,Complaint,Pending,1,2023,4,April,2018,4.4,36-45
4096,18,Other,Omaha,Current,9114.6,2012-12-11,2023-08-14,Transfer,1658.73,10773.33,Auto,9252.33,2.39,Closed,AMEX,3814.03,Suggestion,Resolved,1,2023,8,August,2012,10.7,18-25
4097,69,Other,Tucson,Savings,8578.56,2013-11-23,2023-06-23,Withdrawal,672.67,7905.89,Mortgage,3381.16,8.83,Approved,MasterCard,1277.3,Complaint,Resolved,-1,2023,6,June,2013,9.6,65+
4098,51,Other,San Antonio,Current,6768.63,2010-05-11,2023-04-15,Deposit,2048.09,4720.54,Personal,22301.68,6.58,Closed,MasterCard,2693.86,Suggestion,Pending,1,2023,4,April,2010,12.9,46-55
4099,43,Female,Austin,Savings,6127.7,2016-01-24,2023-12-15,Withdrawal,1099.94,7227.64,Mortgage,4836.86,4.79,Approved,MasterCard,743.8,Complaint,Resolved,1,2023,12,December,2016,7.9,36-45
4100,49,Female,Portland,Savings,9966.54,2015-07-08,2023-12-04,Transfer,725.93,10692.47,Auto,4028.35,8.8,Approved,Visa,1158.3,Suggestion,Resolved,1,2023,12,December,2015,8.4,46-55
4101,29,Female,Columbus,Current,9742.58,2011-02-10,2023-07-01,Transfer,1527.1,8215.48,Personal,35972.88,3.68,Rejected,MasterCard,4816.32,Suggestion,Resolved,1,2023,7,July,2011,12.4,26-35
4102,23,Male,Washington,Savings,8137.15,2010-02-20,2023-04-03,Transfer,1505.44,6631.71,Auto,13611.41,9.35,Closed,MasterCard,837.83,Complaint,Pending,1,2023,4,April,2010,13.1,18-25
4103,37,Other,Indianapolis,Current,959.93,2004-09-06,2023-04-29,Withdrawal,495.01,464.92,Mortgage,32303.68,7.83,Closed,AMEX,4805.21,Complaint,Resolved,1,2023,4,April,2004,18.6,36-45
4104,36,Other,Fort Worth,Savings,3784.45,2014-10-25,2023-05-01,Transfer,2924.75,859.7,Auto,28970.8,1.19,Rejected,Visa,3510.56,Complaint,Pending,1,2023,5,May,2014,8.5,36-45
4105,33,Other,Jacksonville,Savings,8672.69,2018-07-21,2023-07-06,Transfer,1578.58,7094.11,Personal,7896.88,5.16,Closed,AMEX,4327.26,Praise,Pending,1,2023,7,July,2018,5.0,26-35
4106,21,Male,Las Vegas,Current,7054.95,2019-07-24,2023-09-26,Transfer,874.7,6180.25,Auto,19903.17,8.58,Closed,AMEX,1069.24,Complaint,Pending,1,2023,9,September,2019,4.2,18-25
4107,49,Female,Seattle,Current,1307.84,2015-12-05,2023-12-08,Transfer,4094.8,5402.64,Auto,4237.13,4.57,Approved,Visa,1932.21,Suggestion,Pending,1,2023,12,December,2015,8.0,46-55
4108,35,Male,Washington,Savings,3547.66,2002-05-17,2023-01-16,Transfer,22.85,3524.81,Personal,21661.99,9.88,Approved,AMEX,4183.09,Suggestion,Resolved,1,2023,1,January,2002,20.7,26-35
4109,22,Other,Dallas,Current,292.31,2019-03-02,2023-02-01,Transfer,2276.91,-1984.6,Personal,9935.74,8.62,Closed,AMEX,3928.5,Complaint,Pending,1,2023,2,February,2019,3.9,18-25
4110,67,Other,San Francisco,Current,8938.75,2016-01-25,2023-12-12,Deposit,2180.38,11119.13,Auto,5719.16,7.78,Closed,AMEX,3582.17,Suggestion,Resolved,1,2023,12,December,2016,7.9,65+
4111,23,Male,Kansas City,Current,7495.35,2016-04-27,2023-04-05,Transfer,3359.03,4136.32,Mortgage,16532.28,2.22,Closed,AMEX,1488.24,Suggestion,Pending,1,2023,4,April,2016,6.9,18-25
4112,31,Female,Omaha,Current,4415.02,2012-06-23,2023-04-16,Deposit,1953.11,6368.13,Auto,1167.54,1.97,Approved,Visa,2363.81,Suggestion,Pending,1,2023,4,April,2012,10.8,26-35
4113,69,Female,San Jose,Savings,7627.84,2022-07-01,2023-06-24,Transfer,2568.45,5059.39,Auto,38130.68,6.77,Approved,Visa,2354.5,Suggestion,Pending,1,2023,6,June,2022,1.0,65+
4114,66,Other,Atlanta,Current,9340.88,2008-04-14,2023-11-22,Deposit,4543.17,4797.71,Personal,8751.0,6.95,Approved,MasterCard,4728.81,Praise,Pending,1,2023,11,November,2008,15.6,65+
4115,35,Male,Philadelphia,Savings,2870.93,2016-11-25,2023-10-18,Withdrawal,849.73,3720.66,Personal,31666.0,2.33,Rejected,AMEX,3235.29,Complaint,Resolved,1,2023,10,October,2016,6.9,26-35
4116,27,Female,Nashville,Current,2929.59,2009-05-23,2023-11-27,Withdrawal,536.48,2393.11,Personal,41796.53,8.69,Rejected,MasterCard,1711.29,Complaint,Resolved,1,2023,11,November,2009,14.5,26-35
4117,40,Male,Mesa,Current,4878.25,2005-03-17,2023-02-06,Deposit,3736.32,8614.57,Personal,45944.68,8.86,Closed,MasterCard,2561.41,Praise,Pending,-1,2023,2,February,2005,17.9,36-45
4118,68,Other,San Antonio,Current,7098.31,2013-07-16,2023-01-22,Transfer,3717.08,3381.23,Auto,28321.16,4.75,Closed,AMEX,4437.0,Complaint,Resolved,1,2023,1,January,2013,9.5,65+
4119,35,Other,Mesa,Current,9931.07,2009-02-11,2023-08-06,Withdrawal,4599.03,14530.1,Personal,39625.91,6.47,Approved,Visa,3608.98,Complaint,Pending,1,2023,8,August,2009,14.5,26-35
4120,21,Other,Boston,Savings,1713.02,2000-11-29,2023-03-27,Withdrawal,4915.95,-3202.93,Personal,23283.81,5.6,Closed,MasterCard,3046.69,Suggestion,Pending,1,2023,3,March,2000,22.3,18-25
4121,69,Other,Austin,Current,3487.14,2003-11-28,2023-11-12,Transfer,1928.08,1559.06,Mortgage,25018.86,1.32,Rejected,AMEX,2703.28,Complaint,Resolved,1,2023,11,November,2003,20.0,65+
4122,49,Female,Columbus,Current,3698.06,2014-08-25,2023-02-11,Withdrawal,1893.36,1804.7,Mortgage,27791.84,1.81,Rejected,MasterCard,2534.86,Complaint,Resolved,-1,2023,2,February,2014,8.5,46-55
4123,64,Other,Memphis,Savings,7285.66,2009-11-26,2023-05-21,Deposit,4524.24,2761.42,Mortgage,33836.71,8.02,Closed,MasterCard,2266.27,Praise,Resolved,1,2023,5,May,2009,13.5,56-65
4124,23,Female,Jacksonville,Current,8877.32,2001-07-25,2023-08-03,Transfer,4304.95,4572.37,Mortgage,33825.95,5.39,Approved,MasterCard,4454.64,Complaint,Resolved,1,2023,8,August,2001,22.0,18-25
4125,43,Female,Phoenix,Current,1919.57,2002-03-12,2023-06-09,Deposit,1883.45,3803.02,Auto,39483.52,6.5,Closed,Visa,193.17,Complaint,Resolved,1,2023,6,June,2002,21.2,36-45
4126,23,Male,San Diego,Current,7165.14,2003-04-03,2023-10-06,Deposit,390.72,6774.42,Mortgage,31230.26,6.52,Rejected,MasterCard,1517.81,Suggestion,Pending,1,2023,10,October,2003,20.5,18-25
4127,52,Other,Phoenix,Current,9105.26,2022-12-17,2023-06-20,Transfer,2910.31,12015.57,Mortgage,44249.07,4.42,Closed,AMEX,3545.13,Suggestion,Pending,1,2023,6,June,2022,0.5,46-55
4128,58,Female,Las Vegas,Savings,1300.83,2022-10-10,2023-06-09,Withdrawal,1350.81,2651.64,Mortgage,35752.57,1.26,Rejected,Visa,4380.84,Praise,Resolved,1,2023,6,June,2022,0.7,56-65
4129,60,Male,Omaha,Savings,6387.09,2011-10-30,2023-08-28,Deposit,4543.89,10930.98,Auto,46518.68,8.08,Approved,AMEX,4841.8,Praise,Pending,1,2023,8,August,2011,11.8,56-65
4130,22,Male,Detroit,Savings,2103.6,2009-01-07,2023-12-24,Withdrawal,4032.53,6136.13,Auto,37771.4,5.22,Approved,AMEX,4756.98,Complaint,Resolved,1,2023,12,December,2009,15.0,18-25
4131,31,Other,Philadelphia,Savings,4467.3,2007-02-24,2023-06-05,Deposit,4505.86,8973.16,Auto,37196.51,2.25,Approved,AMEX,1879.72,Praise,Resolved,1,2023,6,June,2007,16.3,26-35
4132,19,Other,Indianapolis,Current,1355.41,2012-09-25,2023-08-20,Transfer,413.76,941.65,Mortgage,43159.46,1.19,Approved,MasterCard,4378.75,Praise,Pending,1,2023,8,August,2012,10.9,18-25
4133,68,Male,Mesa,Current,6867.83,2011-08-21,2023-08-10,Transfer,4324.42,2543.41,Auto,33134.7,1.16,Approved,Visa,2741.96,Praise,Pending,1,2023,8,August,2011,12.0,65+
4134,57,Female,Fort Worth,Savings,4073.62,2010-03-21,2023-12-03,Transfer,2969.5,1104.12,Auto,9799.19,1.3,Closed,MasterCard,1857.0,Complaint,Pending,1,2023,12,December,2010,13.7,56-65
4135,30,Other,Austin,Current,5715.8,2016-11-08,2023-06-19,Withdrawal,1084.98,6800.78,Mortgage,5065.45,2.4,Rejected,AMEX,4532.77,Complaint,Resolved,-1,2023,6,June,2016,6.6,26-35
4136,68,Male,Chicago,Current,5283.07,2006-09-18,2023-10-12,Deposit,1513.3,6796.37,Auto,16475.48,3.08,Approved,MasterCard,3038.8,Praise,Pending,1,2023,10,October,2006,17.1,65+
4137,22,Male,Atlanta,Savings,6970.45,2002-03-20,2023-08-31,Transfer,2288.61,9259.06,Auto,40905.3,3.22,Approved,MasterCard,3846.49,Praise,Pending,1,2023,8,August,2002,21.4,18-25
4138,64,Female,Philadelphia,Savings,8966.23,2019-03-09,2023-12-24,Deposit,3141.94,12108.17,Auto,2063.68,6.69,Rejected,Visa,1258.4,Suggestion,Pending,1,2023,12,December,2019,4.8,56-65
4139,53,Female,Denver,Savings,2869.52,2012-01-17,2023-06-11,Deposit,1171.31,4040.83,Mortgage,8351.94,3.17,Closed,AMEX,1979.14,Complaint,Pending,1,2023,6,June,2012,11.4,46-55
4140,53,Male,Seattle,Current,5992.15,2000-08-07,2023-04-24,Transfer,1043.14,7035.29,Auto,6199.67,7.07,Rejected,AMEX,243.47,Praise,Pending,1,2023,4,April,2000,22.7,46-55
4141,67,Female,Indianapolis,Current,5780.29,2021-05-03,2023-09-25,Deposit,4461.88,10242.17,Personal,2821.57,8.41,Closed,AMEX,635.72,Praise,Resolved,1,2023,9,September,2021,2.4,65+
4142,36,Other,El Paso,Current,3219.94,2016-09-26,2023-04-01,Deposit,4227.66,7447.6,Auto,40703.91,4.46,Rejected,MasterCard,3247.51,Complaint,Pending,1,2023,4,April,2016,6.5,36-45
4143,37,Male,Atlanta,Current,5045.9,2008-09-08,2023-10-23,Transfer,3836.22,1209.68,Mortgage,14699.71,7.47,Closed,MasterCard,1109.0,Praise,Resolved,1,2023,10,October,2008,15.1,36-45
4144,39,Female,Dallas,Current,500.49,2007-10-12,2023-12-23,Deposit,3806.84,-3306.35,Personal,36717.38,1.94,Approved,Visa,2077.89,Praise,Pending,1,2023,12,December,2007,16.2,36-45
4145,48,Female,Chicago,Current,4326.64,2013-01-26,2023-11-04,Transfer,3832.21,8158.85,Personal,7953.69,3.95,Closed,Visa,2061.46,Complaint,Pending,1,2023,11,November,2013,10.8,46-55
4146,58,Female,San Diego,Savings,2778.22,2014-03-18,2023-11-14,Withdrawal,4621.26,7399.48,Mortgage,21037.75,7.14,Closed,AMEX,3838.27,Suggestion,Resolved,1,2023,11,November,2014,9.7,56-65
4147,64,Female,Kansas City,Savings,8653.36,2005-06-05,2023-11-21,Deposit,4220.16,12873.52,Auto,6706.81,9.39,Rejected,MasterCard,2835.1,Praise,Pending,1,2023,11,November,2005,18.5,56-65
4148,61,Male,Houston,Savings,3642.14,2007-08-08,2023-11-13,Transfer,1948.99,1693.15,Mortgage,1121.54,6.54,Approved,MasterCard,3387.15,Suggestion,Pending,1,2023,11,November,2007,16.3,56-65
4149,21,Female,Fort Worth,Savings,2002.88,2018-11-17,2023-12-06,Withdrawal,2361.8,4364.68,Mortgage,31044.95,4.27,Closed,AMEX,608.77,Suggestion,Pending,1,2023,12,December,2018,5.1,18-25
4150,20,Other,Milwaukee,Current,5343.75,2003-03-27,2023-10-29,Deposit,3026.77,8370.52,Mortgage,24568.11,3.82,Rejected,Visa,3033.61,Suggestion,Pending,1,2023,10,October,2003,20.6,18-25
4151,54,Other,Boston,Savings,8128.55,2012-09-22,2023-08-21,Transfer,2383.24,5745.31,Personal,21415.18,4.52,Rejected,Visa,3091.23,Praise,Pending,1,2023,8,August,2012,10.9,46-55
4152,42,Male,Indianapolis,Savings,3605.05,2022-03-02,2023-03-13,Deposit,1491.72,5096.77,Auto,4854.32,6.88,Rejected,Visa,2665.4,Suggestion,Resolved,1,2023,3,March,2022,1.0,36-45
4153,66,Male,Columbus,Savings,8483.62,2005-09-28,2023-04-17,Withdrawal,4307.14,4176.48,Mortgage,29822.04,3.94,Rejected,MasterCard,505.91,Praise,Pending,1,2023,4,April,2005,17.5,65+
4154,54,Other,San Jose,Savings,3328.68,2022-04-01,2023-02-19,Deposit,4019.21,-690.53,Auto,39220.05,5.23,Approved,MasterCard,3856.71,Complaint,Resolved,1,2023,2,February,2022,0.9,46-55
4155,21,Other,San Antonio,Current,7382.42,2019-05-19,2023-12-27,Transfer,1955.4,5427.02,Personal,4294.98,7.83,Rejected,AMEX,2722.73,Praise,Pending,1,2023,12,December,2019,4.6,18-25
4156,56,Male,Fort Worth,Savings,1240.99,2017-12-02,2023-01-02,Deposit,582.19,658.8,Auto,21259.46,3.14,Closed,Visa,2710.64,Suggestion,Pending,1,2023,1,January,2017,5.1,56-65
4157,24,Other,Atlanta,Current,715.79,2007-09-04,2023-03-07,Deposit,34.3,750.09,Mortgage,16266.27,7.45,Approved,Visa,4248.44,Complaint,Pending,1,2023,3,March,2007,15.5,18-25
4158,24,Other,Houston,Savings,7402.0,2007-04-27,2023-12-24,Deposit,471.31,6930.69,Personal,44701.96,7.85,Rejected,Visa,1215.69,Complaint,Resolved,1,2023,12,December,2007,16.7,18-25
4159,66,Male,Los Angeles,Current,3747.14,2014-09-20,2023-06-20,Withdrawal,782.17,2964.97,Personal,13870.13,8.77,Approved,Visa,2533.69,Complaint,Resolved,1,2023,6,June,2014,8.7,65+
4160,42,Male,Sacramento,Savings,3990.65,2008-08-26,2023-08-03,Withdrawal,3292.38,7283.03,Personal,47269.75,1.21,Approved,AMEX,3700.89,Praise,Resolved,1,2023,8,August,2008,14.9,36-45
4161,32,Female,Chicago,Current,5784.11,2007-01-13,2023-05-18,Deposit,1105.86,6889.97,Personal,41591.72,2.02,Rejected,AMEX,4557.92,Suggestion,Resolved,1,2023,5,May,2007,16.3,26-35
4162,24,Female,Houston,Current,9870.01,2020-09-02,2023-12-31,Withdrawal,3177.78,13047.79,Mortgage,5907.79,9.59,Approved,AMEX,4250.76,Praise,Resolved,1,2023,12,December,2020,3.3,18-25
4163,64,Other,Kansas City,Current,1797.95,2020-12-05,2023-06-30,Withdrawal,1648.33,149.62,Mortgage,24551.25,2.13,Rejected,MasterCard,3865.03,Suggestion,Resolved,1,2023,6,June,2020,2.6,56-65
4164,69,Male,Fort Worth,Savings,3068.56,2010-05-02,2023-12-14,Transfer,4476.31,-1407.75,Auto,32801.07,5.39,Rejected,Visa,4368.84,Suggestion,Pending,1,2023,12,December,2010,13.6,65+
4165,21,Female,Denver,Savings,6522.17,2020-04-06,2023-07-30,Withdrawal,2350.69,4171.48,Personal,30060.52,2.5,Closed,MasterCard,1338.82,Complaint,Resolved,1,2023,7,July,2020,3.3,18-25
4166,51,Other,Jacksonville,Savings,7039.54,2007-02-26,2023-10-11,Withdrawal,3367.52,10407.06,Auto,34282.29,8.31,Approved,AMEX,2229.43,Complaint,Resolved,1,2023,10,October,2007,16.6,46-55
4167,62,Other,New York,Current,7090.84,2016-10-02,2023-01-02,Withdrawal,2310.12,4780.72,Personal,21889.02,1.87,Approved,AMEX,4899.36,Praise,Resolved,1,2023,1,January,2016,6.3,56-65
4168,61,Other,San Francisco,Current,5994.51,2004-08-13,2023-06-06,Deposit,4563.57,1430.94,Auto,45332.39,1.77,Approved,MasterCard,75.24,Praise,Resolved,1,2023,6,June,2004,18.8,56-65
4169,59,Other,Indianapolis,Current,5924.01,2002-04-18,2023-11-04,Deposit,3440.18,2483.83,Auto,14247.68,5.54,Approved,MasterCard,4950.23,Suggestion,Resolved,1,2023,11,November,2002,21.5,56-65
4170,36,Male,Dallas,Savings,1566.26,2017-08-28,2023-05-22,Withdrawal,3214.37,4780.63,Mortgage,5610.94,3.14,Rejected,MasterCard,524.52,Complaint,Pending,1,2023,5,May,2017,5.7,36-45
4171,64,Other,Dallas,Savings,8362.79,2006-04-28,2023-01-28,Transfer,2965.58,5397.21,Personal,48920.72,6.95,Rejected,MasterCard,4551.94,Praise,Resolved,1,2023,1,January,2006,16.8,56-65
4172,66,Female,Dallas,Current,188.07,2013-08-12,2023-09-14,Withdrawal,4943.17,-4755.1,Auto,32945.98,7.16,Closed,AMEX,2810.39,Suggestion,Pending,1,2023,9,September,2013,10.1,65+
4173,55,Male,Fort Worth,Savings,4234.01,2010-10-22,2023-10-27,Transfer,3426.94,7660.95,Auto,33300.68,6.27,Rejected,MasterCard,1481.11,Suggestion,Pending,1,2023,10,October,2010,13.0,46-55
4174,44,Other,Charlotte,Current,2232.55,2011-05-27,2023-09-05,Transfer,3773.16,6005.71,Personal,41058.81,8.51,Rejected,MasterCard,4750.65,Suggestion,Resolved,1,2023,9,September,2011,12.3,36-45
4175,22,Female,Los Angeles,Savings,1132.97,2000-03-23,2023-12-02,Withdrawal,417.74,1550.71,Auto,21650.63,7.28,Approved,MasterCard,3017.94,Suggestion,Pending,1,2023,12,December,2000,23.7,18-25
4176,30,Female,Austin,Current,3262.96,2009-12-02,2023-03-26,Transfer,4072.97,7335.93,Personal,19925.54,2.69,Approved,MasterCard,4441.74,Suggestion,Pending,1,2023,3,March,2009,13.3,26-35
4177,63,Male,Austin,Current,6606.15,2014-01-10,2023-08-31,Transfer,2987.62,3618.53,Auto,47508.11,1.71,Rejected,MasterCard,1913.7,Complaint,Resolved,1,2023,8,August,2014,9.6,56-65
4178,31,Male,San Diego,Current,5021.12,2018-06-05,2023-07-25,Transfer,1689.94,3331.18,Mortgage,19952.29,7.73,Closed,AMEX,3271.24,Complaint,Resolved,1,2023,7,July,2018,5.1,26-35
4179,47,Male,Albuquerque,Savings,8747.91,2014-04-21,2023-09-30,Withdrawal,2912.64,5835.27,Mortgage,4845.41,7.66,Closed,MasterCard,1762.43,Complaint,Resolved,1,2023,9,September,2014,9.4,46-55
4180,64,Female,Philadelphia,Savings,6036.89,2022-10-05,2023-09-28,Transfer,3131.5,2905.39,Auto,16083.65,8.65,Closed,AMEX,4958.58,Suggestion,Pending,1,2023,9,September,2022,1.0,56-65
4181,65,Female,Oklahoma City,Current,2606.03,2005-03-05,2023-02-17,Withdrawal,1308.35,1297.68,Mortgage,43803.53,2.82,Closed,AMEX,2760.18,Praise,Resolved,1,2023,2,February,2005,18.0,56-65
4182,27,Other,Colorado Springs,Savings,5200.69,2022-01-09,2023-02-15,Deposit,2190.95,3009.74,Auto,5653.04,3.01,Approved,Visa,3527.23,Praise,Pending,1,2023,2,February,2022,1.1,26-35
4183,49,Male,Sacramento,Savings,2351.12,2013-02-05,2023-06-26,Withdrawal,3609.52,5960.64,Mortgage,36118.56,6.19,Approved,Visa,1532.72,Suggestion,Resolved,-1,2023,6,June,2013,10.4,46-55
4184,18,Male,San Diego,Current,1868.7,2016-09-07,2023-09-27,Deposit,1136.98,731.72,Mortgage,14053.66,2.4,Closed,AMEX,3850.37,Complaint,Pending,1,2023,9,September,2016,7.1,18-25
4185,41,Male,Fresno,Savings,9554.7,2000-11-12,2023-08-16,Deposit,4182.27,13736.97,Personal,37542.75,3.67,Closed,AMEX,2158.39,Praise,Pending,1,2023,8,August,2000,22.8,36-45
4186,46,Male,Denver,Savings,4733.53,2001-05-19,2023-12-22,Withdrawal,396.86,4336.67,Personal,26213.17,8.31,Rejected,AMEX,4508.19,Suggestion,Pending,1,2023,12,December,2001,22.6,46-55
4187,60,Female,San Antonio,Savings,6546.96,2017-07-17,2023-09-11,Deposit,2910.28,3636.68,Mortgage,32192.21,4.01,Approved,MasterCard,2731.22,Suggestion,Pending,1,2023,9,September,2017,6.2,56-65
4188,24,Male,Milwaukee,Savings,8746.98,2019-11-25,2023-09-03,Withdrawal,1904.64,10651.62,Auto,12916.62,1.1,Rejected,AMEX,1911.66,Complaint,Resolved,1,2023,9,September,2019,3.8,18-25
4189,48,Female,Seattle,Current,3289.56,2001-08-23,2023-01-22,Withdrawal,276.03,3565.59,Auto,9237.81,6.86,Closed,Visa,4121.92,Praise,Resolved,1,2023,1,January,2001,21.4,46-55
4190,34,Female,Omaha,Savings,7911.35,2009-07-11,2023-01-22,Transfer,3874.69,11786.04,Personal,4102.12,2.63,Closed,AMEX,3013.96,Suggestion,Resolved,1,2023,1,January,2009,13.5,26-35
4191,47,Male,Columbus,Savings,7909.39,2006-09-18,2023-08-12,Deposit,2737.24,5172.15,Personal,41453.26,2.76,Rejected,AMEX,3925.73,Suggestion,Pending,1,2023,8,August,2006,16.9,46-55
4192,42,Female,Colorado Springs,Savings,8257.72,2003-02-21,2023-12-13,Withdrawal,3579.48,11837.2,Mortgage,35813.75,1.15,Rejected,Visa,3506.6,Complaint,Pending,1,2023,12,December,2003,20.8,36-45
4193,45,Female,Mesa,Current,1975.7,2011-12-08,2023-07-18,Withdrawal,1906.81,3882.51,Auto,15374.25,6.2,Rejected,MasterCard,2369.44,Complaint,Pending,1,2023,7,July,2011,11.6,36-45
4194,53,Male,San Francisco,Current,9632.12,2019-01-02,2023-08-19,Deposit,4299.51,5332.61,Auto,42008.75,6.06,Closed,AMEX,3285.93,Suggestion,Pending,1,2023,8,August,2019,4.6,46-55
4195,24,Male,Atlanta,Current,2820.33,2003-01-19,2023-11-28,Deposit,427.7,3248.03,Mortgage,41851.14,1.87,Approved,Visa,3790.04,Complaint,Pending,1,2023,11,November,2003,20.9,18-25
4196,52,Other,Dallas,Savings,7790.47,2017-11-02,2023-12-02,Deposit,1174.43,6616.04,Personal,7750.2,1.45,Closed,MasterCard,3489.17,Complaint,Resolved,1,2023,12,December,2017,6.1,46-55
4197,37,Female,Oklahoma City,Current,1706.83,2018-11-28,2023-08-18,Deposit,3975.07,5681.9,Auto,35970.68,5.42,Rejected,MasterCard,1610.63,Suggestion,Pending,1,2023,8,August,2018,4.7,36-45
4198,31,Female,Louisville,Savings,9249.85,2010-05-12,2023-07-16,Withdrawal,4773.85,14023.7,Mortgage,15321.81,8.03,Closed,Visa,1974.66,Complaint,Pending,1,2023,7,July,2010,13.2,26-35
4199,67,Other,Oklahoma City,Current,4335.67,2015-08-05,2023-08-22,Deposit,4233.76,8569.43,Mortgage,23892.28,9.58,Rejected,Visa,4758.09,Praise,Resolved,1,2023,8,August,2015,8.0,65+
4200,67,Other,Mesa,Current,6719.67,2015-07-02,2023-10-18,Withdrawal,1161.99,7881.66,Auto,22077.1,1.68,Closed,AMEX,1549.21,Complaint,Resolved,1,2023,10,October,2015,8.3,65+
4201,47,Male,Portland,Savings,8516.9,2015-03-28,2023-09-22,Deposit,1749.21,10266.11,Mortgage,30409.0,7.37,Approved,Visa,4061.7,Suggestion,Pending,1,2023,9,September,2015,8.5,46-55
4202,18,Other,San Diego,Current,2895.63,2020-02-02,2023-06-06,Transfer,3829.83,6725.46,Mortgage,18009.47,2.72,Approved,Visa,928.55,Complaint,Pending,1,2023,6,June,2020,3.3,18-25
4203,55,Male,Albuquerque,Current,3951.06,2009-12-20,2023-01-27,Deposit,4731.9,-780.84,Personal,4589.44,1.31,Rejected,MasterCard,1959.76,Complaint,Resolved,1,2023,1,January,2009,13.1,46-55
4204,58,Male,New York,Current,3202.55,2002-11-20,2023-08-12,Deposit,1453.34,4655.89,Personal,33959.86,4.01,Approved,Visa,1691.4,Complaint,Resolved,1,2023,8,August,2002,20.7,56-65
4205,42,Male,San Francisco,Current,2900.42,2019-03-03,2023-07-21,Withdrawal,1937.85,962.57,Personal,48067.98,6.16,Closed,MasterCard,3078.4,Suggestion,Pending,1,2023,7,July,2019,4.4,36-45
4206,51,Female,Dallas,Current,5151.98,2015-09-10,2023-03-30,Withdrawal,124.13,5027.85,Personal,33725.52,6.41,Rejected,AMEX,4641.88,Suggestion,Pending,1,2023,3,March,2015,7.6,46-55
4207,25,Female,Oklahoma City,Savings,5512.78,2017-10-28,2023-11-11,Transfer,2526.97,8039.75,Auto,27440.66,1.44,Approved,Visa,3614.34,Suggestion,Pending,1,2023,11,November,2017,6.0,18-25
4208,37,Male,Albuquerque,Savings,860.55,2011-07-13,2023-06-19,Transfer,449.93,1310.48,Personal,9017.46,9.35,Rejected,Visa,748.88,Complaint,Pending,1,2023,6,June,2011,11.9,36-45
4209,47,Other,Los Angeles,Current,6765.6,2009-11-04,2023-10-21,Deposit,437.11,6328.49,Auto,31633.71,1.49,Rejected,AMEX,3612.82,Suggestion,Pending,1,2023,10,October,2009,14.0,46-55
4210,21,Female,Albuquerque,Savings,4258.01,2014-11-03,2023-12-11,Withdrawal,3808.97,8066.98,Auto,30943.26,2.95,Closed,Visa,95.19,Complaint,Resolved,1,2023,12,December,2014,9.1,18-25
4211,38,Female,Dallas,Savings,8906.34,2007-12-29,2023-12-29,Deposit,1726.16,7180.18,Auto,31318.9,4.89,Closed,Visa,3317.97,Complaint,Resolved,1,2023,12,December,2007,16.0,36-45
4212,44,Other,Baltimore,Current,8866.67,2015-02-26,2023-06-29,Withdrawal,4678.84,4187.83,Auto,44723.34,9.51,Rejected,Visa,4392.36,Suggestion,Resolved,1,2023,6,June,2015,8.3,36-45
4213,27,Female,Oklahoma City,Current,7228.92,2006-10-08,2023-10-27,Withdrawal,3583.26,3645.66,Auto,36099.68,9.92,Rejected,Visa,1824.53,Complaint,Pending,1,2023,10,October,2006,17.1,26-35
4214,40,Other,Kansas City,Savings,8552.45,2011-09-18,2023-01-23,Withdrawal,1480.86,10033.31,Personal,39386.59,1.0,Rejected,Visa,3588.03,Complaint,Resolved,1,2023,1,January,2011,11.3,36-45
4215,50,Other,New York,Current,9232.89,2010-09-13,2023-07-21,Withdrawal,3412.59,12645.48,Auto,16353.61,3.02,Rejected,Visa,3160.65,Praise,Resolved,-1,2023,7,July,2010,12.9,46-55
4216,28,Female,Phoenix,Savings,5815.56,2012-08-17,2023-11-22,Transfer,4329.34,10144.9,Auto,14248.38,5.51,Approved,MasterCard,462.02,Complaint,Pending,1,2023,11,November,2012,11.3,26-35
4217,58,Other,Sacramento,Savings,9721.87,2008-05-20,2023-03-18,Withdrawal,2185.83,7536.04,Mortgage,11132.26,7.25,Closed,Visa,1549.68,Suggestion,Pending,1,2023,3,March,2008,14.8,56-65
4218,36,Other,Mesa,Current,9558.45,2017-11-01,2023-08-11,Transfer,2813.24,6745.21,Personal,39140.17,6.91,Closed,Visa,3408.5,Suggestion,Pending,1,2023,8,August,2017,5.8,36-45
4219,28,Male,New York,Current,1187.84,2019-07-18,2023-11-21,Transfer,1095.27,2283.11,Mortgage,35230.84,3.26,Rejected,AMEX,144.26,Suggestion,Pending,1,2023,11,November,2019,4.3,26-35
4220,21,Male,Columbus,Savings,5275.27,2022-03-06,2023-07-07,Deposit,2017.02,3258.25,Personal,17762.6,2.78,Approved,Visa,2744.45,Suggestion,Pending,1,2023,7,July,2022,1.3,18-25
4221,40,Female,Dallas,Savings,1233.23,2020-08-04,2023-09-08,Deposit,2899.46,-1666.23,Personal,7914.2,1.13,Rejected,AMEX,2727.16,Suggestion,Pending,1,2023,9,September,2020,3.1,36-45
4222,22,Other,Baltimore,Current,6872.92,2007-06-08,2023-05-11,Transfer,3081.24,9954.16,Auto,42486.7,8.59,Closed,AMEX,3907.07,Suggestion,Pending,1,2023,5,May,2007,15.9,18-25
4223,66,Female,Las Vegas,Current,7676.23,2020-06-26,2023-01-23,Transfer,3602.97,4073.26,Mortgage,19829.62,4.41,Approved,AMEX,4885.05,Suggestion,Pending,1,2023,1,January,2020,2.6,65+
4224,67,Female,Houston,Current,8858.31,2015-12-07,2023-02-06,Transfer,4787.19,13645.5,Mortgage,10297.71,8.78,Approved,AMEX,246.72,Complaint,Pending,1,2023,2,February,2015,7.2,65+
4225,22,Male,Columbus,Current,6535.09,2014-07-06,2023-01-18,Withdrawal,4194.3,2340.79,Auto,8076.12,3.91,Rejected,MasterCard,460.8,Suggestion,Pending,1,2023,1,January,2014,8.5,18-25
4226,35,Other,Boston,Current,4594.53,2007-06-20,2023-12-21,Withdrawal,4259.42,335.11,Mortgage,46064.31,7.8,Closed,MasterCard,1538.35,Suggestion,Resolved,1,2023,12,December,2007,16.5,26-35
4227,34,Female,Houston,Current,1643.78,2006-08-25,2023-09-18,Transfer,2791.99,4435.77,Personal,7378.0,1.63,Approved,Visa,2872.86,Complaint,Pending,1,2023,9,September,2006,17.1,26-35
4228,20,Female,Boston,Savings,1338.53,2009-04-02,2023-02-10,Transfer,729.43,609.1,Personal,18624.0,8.3,Approved,AMEX,95.74,Suggestion,Pending,1,2023,2,February,2009,13.9,18-25
4229,60,Male,Jacksonville,Savings,4908.11,2012-08-23,2023-12-14,Transfer,3181.11,1727.0,Personal,31977.38,9.02,Closed,MasterCard,1455.91,Suggestion,Resolved,1,2023,12,December,2012,11.3,56-65
4230,66,Male,Sacramento,Current,8342.22,2005-12-10,2023-12-04,Deposit,2037.23,10379.45,Personal,20995.74,3.38,Approved,MasterCard,599.86,Suggestion,Pending,1,2023,12,December,2005,18.0,65+
4231,25,Male,San Antonio,Savings,7532.12,2017-04-26,2023-03-13,Deposit,168.89,7363.23,Auto,24395.56,2.28,Approved,MasterCard,3136.34,Suggestion,Pending,1,2023,3,March,2017,5.9,18-25
4232,57,Female,San Jose,Savings,8819.94,2014-11-08,2023-05-20,Withdrawal,982.32,7837.62,Auto,40328.47,2.77,Rejected,Visa,3565.98,Praise,Pending,1,2023,5,May,2014,8.5,56-65
4233,40,Other,Houston,Savings,8128.8,2007-09-01,2023-08-02,Withdrawal,3797.78,4331.02,Auto,49962.49,8.81,Approved,Visa,109.91,Praise,Pending,1,2023,8,August,2007,15.9,36-45
4234,40,Male,Mesa,Savings,2134.12,2006-04-22,2023-01-06,Deposit,3158.72,5292.84,Mortgage,23893.67,3.58,Approved,MasterCard,4676.89,Suggestion,Pending,1,2023,1,January,2006,16.7,36-45
4235,19,Male,Columbus,Savings,2083.21,2000-07-31,2023-04-29,Withdrawal,4892.37,-2809.16,Mortgage,19562.52,3.08,Closed,Visa,3683.87,Suggestion,Pending,1,2023,4,April,2000,22.7,18-25
4236,56,Other,Seattle,Savings,4634.33,2013-09-03,2023-03-10,Withdrawal,4617.99,9252.32,Mortgage,20931.38,9.81,Closed,AMEX,1648.42,Complaint,Pending,1,2023,3,March,2013,9.5,56-65
4237,38,Female,San Diego,Savings,1992.44,2003-08-13,2023-03-18,Transfer,2975.35,-982.91,Mortgage,19086.32,7.03,Closed,Visa,3611.36,Suggestion,Resolved,1,2023,3,March,2003,19.6,36-45
4238,69,Female,Albuquerque,Savings,1956.0,2022-03-01,2023-10-03,Transfer,783.16,2739.16,Auto,24214.8,8.49,Approved,AMEX,2278.39,Complaint,Pending,1,2023,10,October,2022,1.6,65+
4239,41,Other,Portland,Current,2751.01,2018-10-24,2023-12-17,Deposit,1688.37,1062.64,Mortgage,17322.3,7.72,Approved,Visa,3390.92,Complaint,Resolved,1,2023,12,December,2018,5.1,36-45
4240,55,Male,Atlanta,Current,323.42,2003-04-29,2023-04-02,Transfer,1172.72,-849.3,Mortgage,23668.21,4.37,Rejected,AMEX,2109.73,Praise,Resolved,1,2023,4,April,2003,19.9,46-55
4241,37,Other,El Paso,Current,5756.29,2022-02-16,2023-06-02,Withdrawal,2357.88,8114.17,Mortgage,47327.4,8.76,Closed,Visa,2209.57,Praise,Resolved,1,2023,6,June,2022,1.3,36-45
4242,67,Female,San Antonio,Current,4026.41,2022-10-12,2023-01-18,Transfer,4004.86,8031.27,Personal,15024.45,6.29,Rejected,Visa,944.26,Suggestion,Pending,1,2023,1,January,2022,0.3,65+
4243,56,Female,Fort Worth,Savings,2450.22,2015-03-26,2023-11-19,Withdrawal,4111.02,6561.24,Auto,32941.86,6.92,Closed,AMEX,4335.68,Suggestion,Resolved,1,2023,11,November,2015,8.7,56-65
4244,67,Male,Boston,Current,1428.82,2008-12-30,2023-02-04,Deposit,898.55,530.27,Auto,24859.75,3.93,Closed,AMEX,4565.28,Suggestion,Resolved,1,2023,2,February,2008,14.1,65+
4245,44,Male,Chicago,Current,4612.92,2020-12-21,2023-04-12,Transfer,2749.95,1862.97,Auto,36887.42,9.83,Rejected,AMEX,1995.42,Complaint,Resolved,1,2023,4,April,2020,2.3,36-45
4246,61,Other,Detroit,Savings,6059.39,2004-11-16,2023-09-28,Deposit,3386.9,9446.29,Personal,24142.31,8.69,Closed,MasterCard,1935.49,Complaint,Pending,1,2023,9,September,2004,18.9,56-65
4247,56,Female,Houston,Current,9735.45,2017-05-04,2023-11-03,Transfer,1989.19,7746.26,Auto,8866.57,2.33,Closed,Visa,790.82,Praise,Pending,1,2023,11,November,2017,6.5,56-65
4248,24,Female,Mesa,Current,2612.86,2005-01-12,2023-10-04,Transfer,4528.13,7140.99,Auto,43748.52,2.83,Closed,Visa,1621.15,Praise,Pending,1,2023,10,October,2005,18.7,18-25
4249,50,Other,Charlotte,Savings,360.72,2006-09-06,2023-09-16,Transfer,1801.51,-1440.79,Auto,34112.59,7.74,Approved,MasterCard,4010.36,Complaint,Resolved,-1,2023,9,September,2006,17.0,46-55
4250,46,Male,Albuquerque,Current,7386.55,2003-01-11,2023-02-04,Deposit,2455.77,9842.32,Mortgage,26767.67,1.23,Closed,Visa,2082.08,Suggestion,Pending,1,2023,2,February,2003,20.1,46-55
4251,27,Female,Memphis,Current,2428.18,2008-03-21,2023-01-08,Transfer,2938.31,5366.49,Mortgage,41723.1,4.02,Approved,AMEX,3930.41,Praise,Pending,-1,2023,1,January,2008,14.8,26-35
4252,27,Female,Jacksonville,Savings,4894.21,2014-03-16,2023-09-16,Withdrawal,2142.49,2751.72,Auto,48833.09,5.79,Closed,AMEX,4271.74,Complaint,Pending,1,2023,9,September,2014,9.5,26-35
4253,29,Male,Nashville,Savings,8101.43,2009-04-28,2023-11-06,Transfer,4818.54,3282.89,Personal,21060.57,2.84,Closed,MasterCard,1714.93,Complaint,Pending,1,2023,11,November,2009,14.5,26-35
4254,20,Female,Indianapolis,Current,466.07,2008-11-06,2023-07-19,Transfer,3804.72,4270.79,Mortgage,18300.0,8.86,Approved,Visa,4942.18,Complaint,Resolved,1,2023,7,July,2008,14.7,18-25
4255,20,Male,Denver,Current,1501.04,2011-07-04,2023-05-20,Withdrawal,4147.13,5648.17,Personal,37926.02,9.0,Rejected,Visa,2973.39,Complaint,Pending,1,2023,5,May,2011,11.9,18-25
4256,30,Other,Memphis,Current,1071.94,2008-05-09,2023-01-19,Deposit,3765.62,-2693.68,Personal,23275.67,9.61,Approved,MasterCard,1680.27,Suggestion,Resolved,1,2023,1,January,2008,14.7,26-35
4257,62,Male,Seattle,Savings,2413.89,2010-08-13,2023-03-26,Deposit,2944.65,5358.54,Personal,5202.67,2.32,Approved,AMEX,576.07,Complaint,Resolved,1,2023,3,March,2010,12.6,56-65
4258,48,Male,Indianapolis,Current,1813.02,2020-11-05,2023-01-22,Withdrawal,150.54,1963.56,Auto,18366.33,1.71,Approved,AMEX,1598.73,Suggestion,Resolved,1,2023,1,January,2020,2.2,46-55
4259,44,Other,New York,Current,3234.36,2020-01-03,2023-08-23,Transfer,3826.07,-591.71,Mortgage,40622.97,6.0,Approved,Visa,742.91,Praise,Resolved,1,2023,8,August,2020,3.6,36-45
4260,23,Female,Los Angeles,Current,7488.42,2007-11-22,2023-10-13,Withdrawal,3067.34,10555.76,Auto,35628.01,8.13,Rejected,AMEX,3832.44,Complaint,Resolved,1,2023,10,October,2007,15.9,18-25
4261,44,Female,Charlotte,Current,519.2,2000-12-25,2023-12-04,Withdrawal,412.86,106.34,Auto,43279.34,3.62,Approved,Visa,1309.09,Complaint,Pending,1,2023,12,December,2000,22.9,36-45
4262,52,Male,Colorado Springs,Savings,830.26,2019-05-09,2023-05-09,Transfer,601.72,228.54,Mortgage,8184.7,3.17,Rejected,AMEX,1724.92,Suggestion,Pending,1,2023,5,May,2019,4.0,46-55
4263,64,Male,Louisville,Savings,5686.81,2006-01-06,2023-02-21,Withdrawal,2411.15,3275.66,Personal,12952.16,5.66,Closed,AMEX,1593.72,Suggestion,Pending,1,2023,2,February,2006,17.1,56-65
4264,26,Other,New York,Current,5250.57,2013-10-04,2023-01-29,Deposit,4265.66,984.91,Auto,11522.03,5.34,Approved,Visa,3013.08,Complaint,Pending,-1,2023,1,January,2013,9.3,26-35
4265,23,Other,Phoenix,Current,4793.34,2016-04-23,2023-11-14,Deposit,2773.2,7566.54,Personal,48595.31,5.32,Closed,Visa,1770.13,Suggestion,Resolved,1,2023,11,November,2016,7.6,18-25
4266,23,Female,Washington,Savings,5207.5,2000-04-08,2023-01-29,Deposit,4598.88,9806.38,Personal,9277.3,4.65,Closed,AMEX,719.17,Suggestion,Resolved,1,2023,1,January,2000,22.8,18-25
4267,57,Female,Mesa,Savings,7446.18,2020-01-30,2023-05-13,Withdrawal,4080.11,3366.07,Personal,30298.57,7.54,Rejected,Visa,3129.14,Suggestion,Resolved,1,2023,5,May,2020,3.3,56-65
4268,43,Other,San Jose,Savings,5803.53,2007-05-27,2023-07-30,Transfer,3157.61,8961.14,Mortgage,32012.77,6.53,Closed,AMEX,2537.87,Complaint,Resolved,1,2023,7,July,2007,16.2,36-45
4269,60,Male,New York,Savings,4624.03,2005-02-18,2023-01-22,Deposit,1573.68,3050.35,Personal,31325.78,5.39,Approved,Visa,3791.95,Complaint,Pending,1,2023,1,January,2005,17.9,56-65
4270,36,Other,Indianapolis,Current,909.33,2020-04-12,2023-06-26,Transfer,4265.14,-3355.81,Mortgage,34891.49,7.49,Rejected,MasterCard,1278.34,Suggestion,Pending,1,2023,6,June,2020,3.2,36-45
4271,33,Female,Washington,Savings,9750.23,2015-08-13,2023-04-29,Transfer,3299.37,13049.6,Mortgage,24712.16,3.36,Approved,Visa,4307.99,Praise,Resolved,1,2023,4,April,2015,7.7,26-35
4272,58,Male,Albuquerque,Savings,2469.4,2015-02-27,2023-05-16,Deposit,2768.3,5237.7,Auto,5100.73,9.03,Closed,AMEX,1908.58,Complaint,Pending,1,2023,5,May,2015,8.2,56-65
4273,40,Other,Indianapolis,Current,8704.66,2001-11-15,2023-03-23,Withdrawal,2508.11,6196.55,Personal,35360.57,4.46,Closed,AMEX,3115.98,Praise,Pending,1,2023,3,March,2001,21.3,36-45
4274,28,Female,Charlotte,Current,3851.88,2006-02-17,2023-12-30,Deposit,1071.93,2779.95,Auto,14774.14,3.95,Approved,AMEX,4955.96,Complaint,Resolved,1,2023,12,December,2006,17.9,26-35
4275,33,Male,Fort Worth,Current,6870.97,2002-06-17,2023-03-09,Withdrawal,88.54,6782.43,Auto,4717.72,5.88,Closed,MasterCard,3448.83,Suggestion,Resolved,1,2023,3,March,2002,20.7,26-35
4276,46,Male,New York,Current,4595.88,2013-11-15,2023-02-09,Transfer,3585.37,1010.51,Mortgage,9319.51,3.43,Approved,AMEX,2584.82,Praise,Pending,1,2023,2,February,2013,9.2,46-55
4277,55,Male,San Francisco,Current,3606.21,2018-08-28,2023-04-01,Deposit,4598.86,8205.07,Auto,15073.76,3.42,Closed,Visa,1347.36,Suggestion,Pending,1,2023,4,April,2018,4.6,46-55
4278,66,Male,Louisville,Current,6181.62,2014-11-29,2023-06-01,Deposit,926.47,5255.15,Personal,22189.54,1.7,Approved,Visa,1994.25,Suggestion,Pending,1,2023,6,June,2014,8.5,65+
4279,65,Male,San Antonio,Current,5407.45,2005-01-05,2023-08-10,Withdrawal,4674.27,10081.72,Personal,43204.85,6.87,Closed,AMEX,436.29,Praise,Pending,1,2023,8,August,2005,18.6,56-65
4280,37,Other,Dallas,Savings,2401.08,2015-04-16,2023-03-17,Withdrawal,368.84,2032.24,Mortgage,27288.63,9.21,Rejected,Visa,1258.94,Suggestion,Resolved,-1,2023,3,March,2015,7.9,36-45
4281,38,Male,Washington,Savings,3428.79,2006-10-17,2023-08-23,Transfer,2766.8,661.99,Personal,24126.4,7.17,Rejected,AMEX,1699.99,Praise,Resolved,1,2023,8,August,2006,16.8,36-45
4282,45,Other,Detroit,Current,440.33,2022-06-26,2023-05-21,Deposit,586.64,-146.31,Mortgage,10371.63,6.11,Closed,MasterCard,4201.91,Praise,Pending,1,2023,5,May,2022,0.9,36-45
4283,67,Male,Fort Worth,Savings,2016.48,2016-11-16,2023-03-31,Deposit,4446.63,-2430.15,Mortgage,48003.87,7.41,Approved,AMEX,462.86,Complaint,Pending,1,2023,3,March,2016,6.4,65+
4284,50,Female,San Antonio,Savings,3424.75,2012-01-29,2023-03-06,Deposit,525.17,3949.92,Mortgage,45517.28,9.7,Approved,MasterCard,2049.81,Suggestion,Resolved,1,2023,3,March,2012,11.1,46-55
4285,67,Male,Charlotte,Current,9724.0,2001-09-09,2023-06-04,Withdrawal,1262.76,8461.24,Personal,40987.78,4.03,Approved,AMEX,2559.35,Complaint,Pending,1,2023,6,June,2001,21.7,65+
4286,57,Other,Kansas City,Savings,5318.18,2002-12-24,2023-08-03,Withdrawal,4031.61,1286.57,Auto,16834.41,4.88,Approved,MasterCard,4787.82,Praise,Pending,1,2023,8,August,2002,20.6,56-65
4287,43,Female,Nashville,Savings,7037.88,2022-11-01,2023-12-28,Deposit,3445.55,10483.43,Mortgage,28519.75,3.58,Closed,MasterCard,1874.57,Complaint,Pending,1,2023,12,December,2022,1.2,36-45
4288,27,Female,Columbus,Savings,6768.64,2014-07-08,2023-12-24,Withdrawal,1946.76,4821.88,Mortgage,20053.5,1.15,Closed,MasterCard,4900.98,Complaint,Resolved,1,2023,12,December,2014,9.5,26-35
4289,51,Other,Los Angeles,Savings,9810.79,2021-03-19,2023-05-19,Transfer,4185.48,5625.31,Auto,20742.79,4.13,Rejected,Visa,2489.95,Suggestion,Resolved,1,2023,5,May,2021,2.2,46-55
4290,26,Female,San Diego,Current,5601.09,2021-08-04,2023-08-19,Deposit,3182.14,8783.23,Mortgage,4534.44,1.64,Closed,Visa,3555.5,Suggestion,Pending,1,2023,8,August,2021,2.0,26-35
4291,53,Other,Philadelphia,Savings,5896.39,2021-04-29,2023-02-11,Deposit,1306.29,4590.1,Auto,7862.18,8.73,Rejected,Visa,461.15,Praise,Pending,1,2023,2,February,2021,1.8,46-55
4292,28,Male,Atlanta,Savings,3070.69,2011-12-26,2023-08-24,Transfer,3703.94,6774.63,Mortgage,48097.27,7.44,Closed,MasterCard,3440.5,Complaint,Pending,1,2023,8,August,2011,11.7,26-35
4293,27,Male,Atlanta,Current,6298.57,2020-07-12,2023-03-27,Deposit,1671.97,4626.6,Auto,30894.11,3.74,Closed,Visa,487.24,Complaint,Resolved,1,2023,3,March,2020,2.7,26-35
4294,63,Other,Tucson,Savings,7601.47,2000-04-22,2023-12-14,Deposit,4080.53,11682.0,Mortgage,1309.17,3.95,Closed,Visa,2670.5,Praise,Resolved,1,2023,12,December,2000,23.6,56-65
4295,24,Male,Philadelphia,Current,1122.21,2014-08-07,2023-06-15,Deposit,3910.15,-2787.94,Mortgage,40650.11,6.13,Rejected,Visa,1675.52,Suggestion,Pending,1,2023,6,June,2014,8.9,18-25
4296,68,Female,Detroit,Savings,4853.23,2006-02-07,2023-07-17,Deposit,1549.51,3303.72,Mortgage,5265.04,8.18,Rejected,Visa,1610.52,Complaint,Resolved,1,2023,7,July,2006,17.4,65+
4297,55,Male,Colorado Springs,Savings,4276.81,2014-06-28,2023-12-11,Withdrawal,527.22,3749.59,Mortgage,35699.63,7.47,Closed,AMEX,418.61,Suggestion,Resolved,1,2023,12,December,2014,9.5,46-55
4298,33,Male,Atlanta,Current,1224.49,2021-01-01,2023-03-03,Transfer,4105.73,-2881.24,Personal,31421.6,1.26,Closed,MasterCard,3452.11,Praise,Pending,1,2023,3,March,2021,2.2,26-35
4299,68,Female,Columbus,Current,3478.75,2006-06-15,2023-02-03,Deposit,1828.6,5307.35,Personal,4084.61,8.07,Approved,AMEX,2768.01,Complaint,Pending,1,2023,2,February,2006,16.6,65+
4300,43,Female,Atlanta,Current,5398.27,2019-06-02,2023-10-09,Withdrawal,1633.36,7031.63,Mortgage,27016.02,8.93,Rejected,MasterCard,1963.93,Suggestion,Resolved,1,2023,10,October,2019,4.4,36-45
4301,49,Male,San Diego,Savings,6533.71,2014-08-17,2023-08-19,Deposit,100.78,6432.93,Auto,3324.33,1.81,Rejected,AMEX,4883.15,Suggestion,Pending,1,2023,8,August,2014,9.0,46-55
4302,48,Male,Colorado Springs,Current,2960.05,2016-08-03,2023-11-06,Withdrawal,3632.11,6592.16,Mortgage,4155.1,7.93,Closed,Visa,151.63,Complaint,Resolved,1,2023,11,November,2016,7.3,46-55
4303,68,Male,San Jose,Current,4815.37,2012-02-25,2023-06-16,Withdrawal,1377.6,3437.77,Auto,3507.76,3.27,Rejected,Visa,3234.16,Complaint,Pending,1,2023,6,June,2012,11.3,65+
4304,49,Other,San Jose,Savings,7367.39,2018-06-26,2023-08-01,Transfer,2185.0,5182.39,Auto,13516.62,2.56,Closed,AMEX,2372.56,Suggestion,Resolved,1,2023,8,August,2018,5.1,46-55
4305,62,Other,Omaha,Current,4280.25,2008-05-09,2023-10-04,Withdrawal,4499.98,-219.73,Personal,40286.69,5.89,Approved,AMEX,4270.9,Complaint,Pending,-1,2023,10,October,2008,15.4,56-65
4306,29,Male,Louisville,Savings,9413.65,2014-05-06,2023-02-23,Deposit,635.28,10048.93,Auto,18760.28,5.97,Closed,Visa,3889.25,Suggestion,Pending,1,2023,2,February,2014,8.8,26-35
4307,44,Male,Seattle,Savings,403.99,2011-03-17,2023-07-03,Transfer,199.82,204.17,Mortgage,32337.37,5.24,Closed,Visa,782.53,Complaint,Resolved,1,2023,7,July,2011,12.3,36-45
4308,39,Female,Denver,Current,2676.25,2012-04-12,2023-08-09,Transfer,2806.94,5483.19,Personal,7117.6,9.12,Approved,AMEX,1854.3,Praise,Pending,1,2023,8,August,2012,11.3,36-45
4309,32,Male,Kansas City,Current,1420.57,2008-02-29,2023-04-08,Deposit,3502.27,-2081.7,Personal,46710.37,3.17,Closed,MasterCard,3531.23,Complaint,Pending,1,2023,4,April,2008,15.1,26-35
4310,25,Male,Albuquerque,Savings,5458.78,2021-12-17,2023-03-04,Deposit,2645.57,2813.21,Personal,25707.8,6.42,Rejected,AMEX,2066.6,Suggestion,Pending,1,2023,3,March,2021,1.2,18-25
4311,21,Other,Washington,Current,1856.0,2013-11-14,2023-02-11,Transfer,1704.49,3560.49,Mortgage,2205.15,4.69,Closed,AMEX,3427.68,Complaint,Resolved,-1,2023,2,February,2013,9.2,18-25
4312,69,Other,Los Angeles,Savings,7444.22,2010-11-08,2023-09-06,Withdrawal,1813.54,9257.76,Auto,27332.93,8.86,Rejected,AMEX,4331.35,Praise,Pending,1,2023,9,September,2010,12.8,65+
4313,25,Other,San Jose,Current,9191.67,2011-03-08,2023-04-20,Transfer,756.74,8434.93,Auto,10041.98,2.2,Approved,AMEX,3615.76,Complaint,Resolved,1,2023,4,April,2011,12.1,18-25
4314,40,Female,El Paso,Current,2151.28,2013-04-22,2023-06-03,Transfer,1565.46,585.82,Mortgage,10595.0,1.75,Rejected,AMEX,2702.51,Complaint,Resolved,1,2023,6,June,2013,10.1,36-45
4315,33,Male,Boston,Savings,9076.95,2012-09-25,2023-07-16,Deposit,3796.84,12873.79,Mortgage,30418.35,9.93,Closed,Visa,3966.83,Suggestion,Pending,1,2023,7,July,2012,10.8,26-35
4316,65,Other,Louisville,Savings,6354.38,2003-01-28,2023-05-28,Deposit,2500.71,8855.09,Personal,12092.79,6.19,Approved,AMEX,4386.1,Suggestion,Resolved,1,2023,5,May,2003,20.3,56-65
4317,51,Female,Austin,Current,2042.09,2012-10-15,2023-07-29,Deposit,4454.88,6496.97,Mortgage,11485.07,9.21,Approved,Visa,2016.84,Complaint,Pending,1,2023,7,July,2012,10.8,46-55
4318,39,Male,Tucson,Savings,7391.8,2002-03-26,2023-08-31,Transfer,848.33,6543.47,Auto,27507.03,4.67,Rejected,Visa,4283.44,Complaint,Pending,1,2023,8,August,2002,21.4,36-45
4319,66,Male,Las Vegas,Current,999.65,2002-09-05,2023-04-17,Transfer,2217.69,-1218.04,Mortgage,12537.51,6.44,Rejected,AMEX,4019.48,Praise,Pending,1,2023,4,April,2002,20.6,65+
4320,40,Female,Los Angeles,Current,6952.27,2007-10-29,2023-01-05,Deposit,3511.02,10463.29,Auto,6415.12,7.25,Rejected,AMEX,2052.89,Praise,Resolved,1,2023,1,January,2007,15.2,36-45
4321,22,Male,Baltimore,Savings,8626.49,2001-11-13,2023-05-24,Transfer,1368.72,9995.21,Mortgage,21004.59,9.88,Approved,AMEX,290.37,Praise,Pending,1,2023,5,May,2001,21.5,18-25
4322,54,Female,San Francisco,Savings,9508.72,2022-04-15,2023-05-17,Deposit,1341.56,10850.28,Auto,3547.92,2.01,Rejected,MasterCard,4503.81,Praise,Resolved,-1,2023,5,May,2022,1.1,46-55
4323,61,Female,Omaha,Savings,639.86,2010-01-03,2023-10-08,Transfer,536.95,102.91,Mortgage,45360.83,2.12,Closed,MasterCard,1162.88,Praise,Pending,1,2023,10,October,2010,13.8,56-65
4324,24,Other,Fresno,Current,713.16,2002-02-19,2023-06-15,Withdrawal,4465.73,5178.89,Mortgage,23125.33,5.71,Approved,Visa,4382.96,Suggestion,Pending,1,2023,6,June,2002,21.3,18-25
4325,54,Female,Kansas City,Current,9311.01,2003-12-13,2023-05-16,Deposit,870.92,8440.09,Personal,1641.64,1.5,Closed,AMEX,3522.77,Complaint,Resolved,1,2023,5,May,2003,19.4,46-55
4326,43,Other,Washington,Savings,7916.97,2021-05-28,2023-05-08,Withdrawal,4850.93,12767.9,Personal,12007.95,7.55,Rejected,Visa,4949.65,Complaint,Pending,1,2023,5,May,2021,1.9,36-45
4327,45,Male,Phoenix,Savings,7765.24,2012-04-27,2023-03-06,Deposit,2249.7,5515.54,Mortgage,47933.07,9.92,Rejected,AMEX,1037.54,Praise,Pending,1,2023,3,March,2012,10.9,36-45
4328,21,Other,Omaha,Current,7451.96,2007-07-22,2023-10-16,Deposit,4909.11,12361.07,Auto,25323.15,8.3,Rejected,AMEX,1445.46,Complaint,Pending,1,2023,10,October,2007,16.2,18-25
4329,66,Female,Indianapolis,Current,7201.56,2016-05-29,2023-05-08,Transfer,211.36,7412.92,Auto,18585.59,3.39,Rejected,AMEX,462.65,Praise,Pending,1,2023,5,May,2016,6.9,65+
4330,49,Other,San Jose,Savings,6170.91,2008-07-17,2023-07-16,Deposit,2839.79,3331.12,Mortgage,16440.46,8.2,Approved,Visa,4945.33,Complaint,Resolved,1,2023,7,July,2008,15.0,46-55
4331,55,Male,Detroit,Savings,8146.13,2006-12-20,2023-03-23,Withdrawal,3457.29,4688.84,Personal,21431.56,6.65,Closed,MasterCard,3098.04,Praise,Resolved,1,2023,3,March,2006,16.3,46-55
4332,63,Other,Milwaukee,Current,438.31,2011-01-24,2023-10-19,Withdrawal,2586.58,3024.89,Auto,11376.46,2.07,Rejected,Visa,1344.75,Suggestion,Pending,1,2023,10,October,2011,12.7,56-65
4333,26,Male,Colorado Springs,Current,7428.99,2016-02-01,2023-03-25,Transfer,2854.81,10283.8,Personal,37707.23,6.09,Rejected,Visa,2419.04,Complaint,Pending,1,2023,3,March,2016,7.1,26-35
4334,53,Female,El Paso,Savings,5870.88,2007-09-29,2023-06-01,Deposit,2696.62,8567.5,Personal,25906.95,9.07,Approved,MasterCard,4855.8,Praise,Pending,1,2023,6,June,2007,15.7,46-55
4335,43,Other,Fort Worth,Current,9083.85,2004-01-02,2023-07-08,Deposit,755.79,9839.64,Personal,37820.25,3.61,Rejected,AMEX,1737.14,Praise,Resolved,1,2023,7,July,2004,19.5,36-45
4336,28,Male,Columbus,Current,9370.1,2021-09-29,2023-07-30,Transfer,2664.22,6705.88,Mortgage,13464.7,6.93,Approved,Visa,4041.74,Complaint,Resolved,1,2023,7,July,2021,1.8,26-35
4337,37,Male,Seattle,Current,2489.17,2001-07-07,2023-01-28,Deposit,2713.23,5202.4,Auto,1071.17,1.37,Closed,AMEX,652.32,Complaint,Resolved,1,2023,1,January,2001,21.6,36-45
4338,65,Other,Portland,Savings,7915.65,2019-04-22,2023-03-01,Deposit,1784.35,6131.3,Mortgage,48345.22,8.51,Closed,AMEX,3635.43,Suggestion,Pending,1,2023,3,March,2019,3.9,56-65
4339,65,Other,Louisville,Current,9574.29,2016-02-25,2023-04-04,Withdrawal,3041.34,12615.63,Personal,26091.24,2.85,Approved,MasterCard,1909.54,Complaint,Resolved,1,2023,4,April,2016,7.1,56-65
4340,65,Other,Seattle,Savings,2739.83,2011-10-05,2023-12-01,Withdrawal,2065.4,4805.23,Auto,4907.22,6.48,Closed,Visa,969.34,Praise,Pending,1,2023,12,December,2011,12.2,56-65
4341,55,Other,Indianapolis,Current,8525.74,2013-12-22,2023-04-24,Withdrawal,3778.22,4747.52,Auto,6083.81,5.72,Rejected,MasterCard,4403.62,Complaint,Pending,1,2023,4,April,2013,9.3,46-55
4342,32,Other,Indianapolis,Current,5906.64,2009-04-12,2023-11-25,Withdrawal,200.67,6107.31,Mortgage,22299.23,5.93,Closed,Visa,2749.46,Suggestion,Resolved,1,2023,11,November,2009,14.6,26-35
4343,52,Male,San Jose,Savings,4010.45,2014-07-25,2023-05-04,Deposit,59.66,4070.11,Auto,35067.95,3.28,Approved,MasterCard,1877.1,Complaint,Pending,1,2023,5,May,2014,8.8,46-55
4344,26,Female,Memphis,Savings,8253.73,2009-12-30,2023-02-08,Deposit,2624.37,5629.36,Auto,20435.45,6.03,Closed,AMEX,2021.17,Complaint,Pending,1,2023,2,February,2009,13.1,26-35
4345,50,Male,Dallas,Current,8715.96,2008-08-01,2023-09-14,Withdrawal,4946.22,13662.18,Mortgage,41187.47,6.42,Closed,MasterCard,364.71,Complaint,Resolved,1,2023,9,September,2008,15.1,46-55
4346,28,Other,Detroit,Savings,2898.2,2014-05-30,2023-01-13,Deposit,2232.85,5131.05,Personal,17123.91,4.83,Closed,AMEX,2464.02,Complaint,Resolved,1,2023,1,January,2014,8.6,26-35
4347,39,Other,Louisville,Savings,7965.18,2020-04-07,2023-08-16,Transfer,69.28,8034.46,Personal,3234.66,6.7,Approved,Visa,3626.94,Suggestion,Pending,1,2023,8,August,2020,3.4,36-45
4348,23,Female,San Jose,Savings,591.65,2009-07-27,2023-07-13,Transfer,1592.36,2184.01,Auto,1406.27,2.72,Closed,Visa,4115.38,Complaint,Pending,1,2023,7,July,2009,14.0,18-25
4349,54,Other,Mesa,Current,4234.86,2003-08-30,2023-02-11,Deposit,2341.58,1893.28,Personal,43112.77,5.61,Closed,MasterCard,4157.79,Complaint,Pending,1,2023,2,February,2003,19.5,46-55
4350,67,Female,Dallas,Savings,790.87,2013-12-06,2023-07-04,Deposit,4506.63,5297.5,Personal,49238.65,7.45,Rejected,MasterCard,4218.76,Complaint,Resolved,1,2023,7,July,2013,9.6,65+
4351,38,Other,Columbus,Current,3008.97,2016-12-18,2023-02-04,Withdrawal,615.2,3624.17,Mortgage,7507.14,4.31,Closed,AMEX,4240.39,Praise,Pending,1,2023,2,February,2016,6.1,36-45
4352,29,Male,Fort Worth,Savings,9508.61,2008-03-30,2023-02-06,Withdrawal,4622.71,14131.32,Personal,4040.0,4.7,Rejected,Visa,2344.57,Praise,Resolved,1,2023,2,February,2008,14.9,26-35
4353,24,Female,Albuquerque,Savings,7373.9,2007-04-13,2023-03-16,Transfer,4701.37,12075.27,Mortgage,45805.97,2.48,Closed,AMEX,2165.4,Praise,Pending,1,2023,3,March,2007,15.9,18-25
4354,19,Male,Kansas City,Current,7580.44,2007-06-28,2023-09-07,Deposit,3208.38,4372.06,Mortgage,5937.06,6.55,Closed,MasterCard,554.89,Complaint,Pending,1,2023,9,September,2007,16.2,18-25
4355,56,Other,Chicago,Current,1431.42,2014-07-13,2023-05-07,Deposit,1133.66,2565.08,Personal,12191.81,2.11,Approved,MasterCard,1457.69,Praise,Pending,1,2023,5,May,2014,8.8,56-65
4356,58,Male,Indianapolis,Savings,5828.99,2013-03-06,2023-01-20,Withdrawal,2688.17,8517.16,Mortgage,40280.71,5.51,Rejected,MasterCard,1127.45,Suggestion,Pending,1,2023,1,January,2013,9.9,56-65
4357,41,Male,Oklahoma City,Current,3949.47,2012-11-26,2023-08-04,Deposit,4085.09,-135.62,Auto,49901.23,2.89,Rejected,MasterCard,3052.19,Praise,Resolved,1,2023,8,August,2012,10.7,36-45
4358,43,Male,Albuquerque,Current,7368.38,2018-07-01,2023-09-04,Withdrawal,1796.65,5571.73,Mortgage,24814.68,2.75,Closed,Visa,1618.97,Complaint,Pending,1,2023,9,September,2018,5.2,36-45
4359,42,Female,El Paso,Savings,1655.15,2018-01-23,2023-07-27,Withdrawal,4527.51,6182.66,Mortgage,11327.77,1.86,Rejected,AMEX,2664.49,Suggestion,Pending,1,2023,7,July,2018,5.5,36-45
4360,37,Female,San Francisco,Savings,2891.02,2000-06-27,2023-05-31,Deposit,443.74,2447.28,Mortgage,42538.18,4.22,Approved,Visa,1888.98,Complaint,Resolved,1,2023,5,May,2000,22.9,36-45
4361,57,Female,Indianapolis,Current,8995.87,2002-11-03,2023-11-09,Withdrawal,1542.85,10538.72,Personal,20321.26,8.81,Closed,Visa,4450.71,Complaint,Resolved,1,2023,11,November,2002,21.0,56-65
4362,58,Male,Kansas City,Savings,1780.82,2010-07-01,2023-06-15,Transfer,4966.06,-3185.24,Mortgage,14359.47,6.44,Closed,Visa,2123.89,Praise,Resolved,1,2023,6,June,2010,13.0,56-65
4363,59,Male,San Diego,Current,6360.88,2013-01-30,2023-10-30,Withdrawal,2923.53,9284.41,Auto,25030.41,8.01,Rejected,MasterCard,4190.41,Complaint,Resolved,-1,2023,10,October,2013,10.7,56-65
4364,61,Other,Denver,Current,3220.0,2020-05-01,2023-04-18,Transfer,2955.81,264.19,Personal,42934.12,2.03,Closed,MasterCard,205.98,Suggestion,Resolved,1,2023,4,April,2020,3.0,56-65
4365,19,Female,Baltimore,Current,910.66,2015-11-02,2023-12-15,Deposit,1206.95,2117.61,Personal,12417.04,3.82,Approved,AMEX,163.99,Suggestion,Pending,1,2023,12,December,2015,8.1,18-25
4366,59,Other,Fresno,Savings,2314.46,2016-11-29,2023-05-08,Deposit,4289.21,6603.67,Personal,21767.89,4.5,Closed,Visa,3652.63,Complaint,Resolved,1,2023,5,May,2016,6.4,56-65
4367,52,Male,Columbus,Current,8707.15,2013-02-26,2023-06-07,Deposit,2151.12,10858.27,Auto,22767.94,8.74,Closed,MasterCard,3548.32,Suggestion,Resolved,1,2023,6,June,2013,10.3,46-55
4368,50,Female,Washington,Savings,9114.44,2020-04-04,2023-12-15,Deposit,3969.76,13084.2,Mortgage,41805.45,6.98,Rejected,Visa,117.01,Suggestion,Pending,1,2023,12,December,2020,3.7,46-55
4369,34,Other,San Francisco,Current,4256.35,2020-02-25,2023-08-24,Deposit,4055.31,8311.66,Mortgage,34124.25,5.41,Closed,Visa,2438.64,Suggestion,Resolved,1,2023,8,August,2020,3.5,26-35
4370,39,Male,Charlotte,Current,6246.92,2017-05-02,2023-05-02,Withdrawal,882.54,5364.38,Auto,39243.84,3.7,Closed,Visa,247.49,Praise,Resolved,1,2023,5,May,2017,6.0,36-45
4371,18,Male,Albuquerque,Current,5252.93,2009-10-08,2023-10-26,Deposit,2513.92,2739.01,Auto,34975.9,7.84,Closed,MasterCard,833.31,Complaint,Resolved,1,2023,10,October,2009,14.0,18-25
4372,54,Male,San Jose,Savings,2868.97,2012-02-10,2023-08-21,Deposit,1926.11,4795.08,Personal,30041.12,8.99,Rejected,Visa,4814.0,Praise,Resolved,1,2023,8,August,2012,11.5,46-55
4373,47,Female,Nashville,Savings,3513.47,2010-11-30,2023-03-23,Deposit,782.68,4296.15,Auto,7488.05,5.83,Approved,AMEX,1700.8,Praise,Resolved,1,2023,3,March,2010,12.3,46-55
4374,63,Female,Omaha,Current,5315.52,2009-01-26,2023-03-05,Transfer,625.75,4689.77,Mortgage,41814.51,1.39,Rejected,MasterCard,2346.72,Praise,Pending,1,2023,3,March,2009,14.1,56-65
4375,23,Other,Tucson,Current,6984.08,2017-01-31,2023-01-06,Withdrawal,238.54,7222.62,Personal,30756.66,3.45,Approved,AMEX,3413.18,Complaint,Resolved,1,2023,1,January,2017,5.9,18-25
4376,58,Male,Portland,Savings,3563.58,2022-03-11,2023-12-18,Deposit,3512.8,50.78,Auto,35357.41,7.71,Closed,MasterCard,4601.69,Complaint,Resolved,1,2023,12,December,2022,1.8,56-65
4377,31,Female,Sacramento,Current,7019.26,2000-11-05,2023-10-14,Deposit,3912.93,3106.33,Personal,39158.65,4.49,Rejected,Visa,744.13,Complaint,Pending,1,2023,10,October,2000,22.9,26-35
4378,53,Female,Indianapolis,Savings,9613.71,2019-12-04,2023-07-23,Withdrawal,2362.23,11975.94,Auto,16273.29,6.63,Approved,Visa,1134.29,Praise,Pending,1,2023,7,July,2019,3.6,46-55
4379,50,Male,Louisville,Current,343.12,2018-06-03,2023-03-28,Transfer,2823.96,3167.08,Mortgage,22428.41,5.72,Rejected,Visa,2798.12,Suggestion,Resolved,1,2023,3,March,2018,4.8,46-55
4380,55,Male,Fresno,Current,1721.99,2005-03-07,2023-06-06,Deposit,1317.36,404.63,Auto,27523.24,9.17,Approved,MasterCard,3304.63,Suggestion,Pending,1,2023,6,June,2005,18.2,46-55
4381,56,Other,New York,Savings,9171.08,2005-04-01,2023-04-07,Transfer,3576.85,5594.23,Mortgage,17798.3,3.76,Approved,AMEX,2175.54,Complaint,Resolved,1,2023,4,April,2005,18.0,56-65
4382,23,Other,Milwaukee,Savings,808.54,2017-10-17,2023-12-25,Withdrawal,2923.94,3732.48,Auto,13668.3,5.01,Approved,AMEX,3266.29,Complaint,Resolved,1,2023,12,December,2017,6.2,18-25
4383,43,Other,Mesa,Savings,7673.96,2014-04-18,2023-08-08,Deposit,4412.76,12086.72,Auto,39064.8,1.58,Closed,Visa,57.11,Complaint,Resolved,1,2023,8,August,2014,9.3,36-45
4384,41,Female,Tucson,Current,6277.38,2006-02-19,2023-07-29,Withdrawal,3733.28,10010.66,Personal,37932.87,8.24,Rejected,AMEX,988.06,Praise,Pending,1,2023,7,July,2006,17.4,36-45
4385,50,Female,Tucson,Current,572.24,2019-10-29,2023-04-18,Deposit,104.49,676.73,Mortgage,41758.17,3.93,Rejected,AMEX,4185.1,Suggestion,Pending,1,2023,4,April,2019,3.5,46-55
4386,25,Female,Colorado Springs,Savings,107.2,2005-05-27,2023-08-02,Deposit,4051.15,-3943.95,Auto,35138.05,7.5,Rejected,AMEX,3779.5,Complaint,Resolved,1,2023,8,August,2005,18.2,18-25
4387,61,Female,Seattle,Current,5069.79,2016-04-04,2023-05-28,Deposit,145.38,5215.17,Auto,16274.64,1.03,Approved,Visa,3178.58,Complaint,Pending,1,2023,5,May,2016,7.1,56-65
4388,60,Female,El Paso,Current,1261.72,2015-02-17,2023-07-27,Deposit,4071.09,5332.81,Auto,17023.11,8.81,Approved,MasterCard,2743.77,Praise,Resolved,1,2023,7,July,2015,8.4,56-65
4389,51,Male,El Paso,Current,8734.93,2010-11-22,2023-02-27,Withdrawal,4936.47,13671.4,Personal,26861.91,9.75,Rejected,Visa,1000.88,Praise,Pending,1,2023,2,February,2010,12.3,46-55
4390,51,Other,Charlotte,Savings,4859.67,2003-08-08,2023-09-01,Deposit,2409.58,7269.25,Mortgage,41944.18,5.23,Rejected,Visa,1358.77,Suggestion,Resolved,1,2023,9,September,2003,20.1,46-55
4391,41,Other,Detroit,Savings,2421.0,2018-08-09,2023-02-26,Transfer,1142.22,1278.78,Personal,17968.37,5.34,Approved,AMEX,4821.14,Suggestion,Pending,1,2023,2,February,2018,4.6,36-45
4392,19,Other,Baltimore,Current,1765.23,2022-12-26,2023-03-12,Deposit,57.76,1822.99,Personal,38531.01,6.55,Rejected,Visa,9.25,Complaint,Pending,1,2023,3,March,2022,0.2,18-25
4393,25,Other,Boston,Current,8374.15,2017-12-05,2023-09-17,Withdrawal,759.96,7614.19,Personal,15978.94,9.78,Rejected,AMEX,2205.9,Suggestion,Pending,1,2023,9,September,2017,5.8,18-25
4394,42,Male,Indianapolis,Current,7215.51,2003-10-31,2023-02-11,Transfer,2523.87,9739.38,Auto,17587.74,6.03,Approved,Visa,51.42,Complaint,Pending,1,2023,2,February,2003,19.3,36-45
4395,47,Female,Colorado Springs,Savings,7207.83,2003-10-04,2023-12-24,Deposit,4034.86,11242.69,Personal,37865.93,1.66,Approved,Visa,1711.83,Complaint,Pending,1,2023,12,December,2003,20.2,46-55
4396,49,Female,Columbus,Savings,944.54,2013-12-24,2023-02-03,Withdrawal,4358.68,5303.22,Mortgage,34250.19,6.09,Approved,MasterCard,1625.19,Complaint,Pending,1,2023,2,February,2013,9.1,46-55
4397,47,Female,San Francisco,Savings,6282.73,2008-10-08,2023-10-01,Withdrawal,3420.97,2861.76,Mortgage,11203.19,4.77,Closed,AMEX,579.22,Suggestion,Pending,1,2023,10,October,2008,15.0,46-55
4398,24,Other,Fort Worth,Savings,8707.88,2007-05-06,2023-12-19,Deposit,443.24,8264.64,Mortgage,41524.04,7.85,Closed,Visa,347.15,Complaint,Resolved,1,2023,12,December,2007,16.6,18-25
4399,65,Other,Memphis,Savings,7682.42,2021-09-09,2023-07-12,Transfer,4956.81,2725.61,Mortgage,39445.91,3.73,Closed,Visa,4260.77,Praise,Resolved,1,2023,7,July,2021,1.8,56-65
4400,41,Male,Albuquerque,Current,1269.75,2005-11-07,2023-05-22,Withdrawal,3738.05,-2468.3,Personal,40073.49,9.32,Rejected,MasterCard,1620.95,Complaint,Resolved,1,2023,5,May,2005,17.5,36-45
4401,26,Male,Las Vegas,Current,9497.87,2019-07-27,2023-09-24,Withdrawal,2138.02,11635.89,Auto,24047.21,8.2,Rejected,AMEX,2798.45,Complaint,Pending,1,2023,9,September,2019,4.2,26-35
4402,33,Female,San Jose,Savings,790.37,2007-09-07,2023-05-01,Transfer,4070.24,-3279.87,Auto,17103.34,3.94,Closed,Visa,3784.57,Complaint,Resolved,1,2023,5,May,2007,15.6,26-35
4403,19,Female,Oklahoma City,Savings,5613.35,2013-04-12,2023-09-11,Deposit,2946.98,2666.37,Auto,42639.31,4.17,Rejected,AMEX,2693.8,Praise,Pending,1,2023,9,September,2013,10.4,18-25
4404,52,Female,Charlotte,Savings,9455.62,2005-05-11,2023-09-10,Deposit,3017.89,6437.73,Mortgage,29822.44,5.66,Rejected,Visa,2186.9,Complaint,Pending,1,2023,9,September,2005,18.3,46-55
4405,51,Female,Houston,Savings,8240.34,2002-07-20,2023-09-21,Deposit,4856.8,13097.14,Mortgage,46617.99,1.9,Approved,AMEX,2445.7,Praise,Pending,1,2023,9,September,2002,21.2,46-55
4406,39,Female,Fresno,Current,6840.21,2000-02-17,2023-11-12,Deposit,4007.63,10847.84,Personal,13437.52,7.21,Closed,AMEX,4177.21,Complaint,Resolved,1,2023,11,November,2000,23.7,36-45
4407,36,Female,Louisville,Current,8577.8,2006-03-20,2023-10-25,Transfer,1318.13,9895.93,Mortgage,48805.7,6.48,Rejected,Visa,2653.9,Complaint,Resolved,-1,2023,10,October,2006,17.6,36-45
4408,66,Other,Los Angeles,Current,6765.49,2015-10-16,2023-05-24,Withdrawal,884.04,5881.45,Personal,19581.68,3.87,Approved,MasterCard,919.83,Praise,Pending,1,2023,5,May,2015,7.6,65+
4409,69,Male,Baltimore,Current,643.99,2021-09-05,2023-09-08,Deposit,869.82,1513.81,Personal,19839.12,6.74,Rejected,Visa,929.02,Complaint,Resolved,1,2023,9,September,2021,2.0,65+
4410,38,Male,Detroit,Savings,3573.63,2012-06-27,2023-06-16,Withdrawal,2277.97,1295.66,Mortgage,12702.02,1.88,Approved,MasterCard,2507.15,Praise,Resolved,1,2023,6,June,2012,11.0,36-45
4411,29,Other,Detroit,Savings,4328.51,2001-11-09,2023-04-11,Withdrawal,1948.93,6277.44,Auto,48286.24,9.57,Rejected,MasterCard,1008.74,Complaint,Pending,1,2023,4,April,2001,21.4,26-35
4412,28,Female,Oklahoma City,Savings,5509.13,2004-05-09,2023-12-17,Transfer,2269.28,3239.85,Mortgage,2946.0,1.6,Approved,Visa,3955.63,Praise,Resolved,1,2023,12,December,2004,19.6,26-35
4413,69,Female,Louisville,Current,2373.44,2006-11-23,2023-02-11,Withdrawal,322.86,2050.58,Mortgage,24194.52,3.96,Approved,Visa,4368.8,Praise,Resolved,1,2023,2,February,2006,16.2,65+
4414,36,Female,Oklahoma City,Current,8823.61,2019-07-12,2023-04-06,Deposit,1018.36,9841.97,Mortgage,18908.6,9.73,Rejected,MasterCard,806.44,Complaint,Resolved,1,2023,4,April,2019,3.7,36-45
4415,23,Male,Austin,Current,2364.14,2004-04-15,2023-10-13,Withdrawal,3989.53,6353.67,Auto,8803.9,4.59,Rejected,Visa,2194.81,Complaint,Resolved,1,2023,10,October,2004,19.5,18-25
4416,59,Male,Jacksonville,Current,6610.18,2018-04-19,2023-06-27,Deposit,3790.43,2819.75,Personal,35948.93,8.97,Rejected,Visa,3750.73,Praise,Pending,1,2023,6,June,2018,5.2,56-65
4417,31,Female,El Paso,Current,8778.41,2004-04-16,2023-08-30,Deposit,1972.63,6805.78,Personal,45017.73,2.36,Closed,MasterCard,418.36,Praise,Pending,1,2023,8,August,2004,19.4,26-35
4418,50,Female,Atlanta,Savings,7354.85,2000-07-24,2023-08-15,Deposit,1958.41,5396.44,Personal,12934.89,1.6,Closed,Visa,2971.37,Suggestion,Pending,1,2023,8,August,2000,23.1,46-55
4419,64,Other,Denver,Current,1446.53,2004-12-10,2023-10-28,Withdrawal,4420.28,-2973.75,Auto,25385.1,1.97,Closed,Visa,2750.66,Complaint,Resolved,1,2023,10,October,2004,18.9,56-65
4420,55,Female,Seattle,Current,9518.8,2005-10-21,2023-10-14,Transfer,917.56,8601.24,Auto,29332.48,9.75,Closed,AMEX,3885.62,Praise,Resolved,1,2023,10,October,2005,18.0,46-55
4421,30,Other,Portland,Current,1009.97,2015-11-28,2023-02-15,Withdrawal,1792.5,-782.53,Auto,20133.96,1.8,Closed,MasterCard,4763.73,Complaint,Resolved,1,2023,2,February,2015,7.2,26-35
4422,43,Female,Philadelphia,Savings,2080.67,2018-04-21,2023-02-15,Transfer,3819.75,5900.42,Personal,46155.37,6.87,Approved,AMEX,2434.01,Suggestion,Pending,1,2023,2,February,2018,4.8,36-45
4423,31,Female,Jacksonville,Current,1478.51,2003-12-08,2023-08-13,Transfer,2877.19,-1398.68,Personal,23614.29,4.97,Closed,AMEX,1409.48,Suggestion,Pending,1,2023,8,August,2003,19.7,26-35
4424,62,Female,Los Angeles,Current,6702.48,2005-04-26,2023-01-05,Transfer,310.72,6391.76,Auto,49156.23,8.75,Rejected,Visa,238.25,Praise,Pending,1,2023,1,January,2005,17.7,56-65
4425,41,Other,Las Vegas,Savings,8093.36,2007-09-28,2023-09-23,Withdrawal,69.0,8162.36,Personal,15465.05,3.65,Approved,MasterCard,4104.55,Suggestion,Pending,1,2023,9,September,2007,16.0,36-45
4426,65,Other,Kansas City,Savings,2456.36,2020-03-16,2023-04-20,Transfer,105.48,2561.84,Auto,4589.12,1.26,Closed,MasterCard,886.91,Suggestion,Resolved,1,2023,4,April,2020,3.1,56-65
4427,18,Other,Louisville,Savings,9794.56,2022-08-11,2023-08-31,Transfer,3283.35,13077.91,Personal,29173.4,7.74,Rejected,Visa,4268.33,Complaint,Resolved,1,2023,8,August,2022,1.1,18-25
4428,63,Male,Louisville,Current,1478.51,2020-11-27,2023-05-31,Transfer,3116.22,4594.73,Mortgage,41343.66,6.3,Closed,AMEX,3081.2,Complaint,Pending,1,2023,5,May,2020,2.5,56-65
4429,62,Male,Colorado Springs,Current,3227.1,2012-04-22,2023-01-07,Deposit,232.11,2994.99,Auto,20031.18,4.91,Closed,MasterCard,850.56,Praise,Resolved,-1,2023,1,January,2012,10.7,56-65
4430,47,Female,Los Angeles,Current,4954.06,2007-12-07,2023-11-10,Transfer,668.49,5622.55,Mortgage,10069.84,3.91,Rejected,AMEX,2394.79,Praise,Pending,1,2023,11,November,2007,15.9,46-55
4431,27,Other,Phoenix,Current,8107.59,2000-09-16,2023-10-30,Deposit,3615.57,11723.16,Auto,37173.76,9.09,Approved,Visa,3177.27,Complaint,Resolved,1,2023,10,October,2000,23.1,26-35
4432,27,Other,Austin,Savings,3827.77,2021-09-16,2023-12-14,Transfer,1554.85,2272.92,Personal,14273.37,2.1,Closed,Visa,3042.53,Complaint,Pending,1,2023,12,December,2021,2.2,26-35
4433,45,Female,Jacksonville,Savings,1880.97,2002-12-04,2023-10-04,Withdrawal,4958.51,6839.48,Mortgage,38717.15,2.27,Approved,AMEX,96.03,Suggestion,Pending,1,2023,10,October,2002,20.8,36-45
4434,21,Female,Los Angeles,Savings,4702.87,2013-09-02,2023-06-08,Deposit,1569.3,3133.57,Personal,13853.75,1.13,Approved,AMEX,2942.69,Complaint,Pending,1,2023,6,June,2013,9.8,18-25
4435,31,Female,Charlotte,Savings,4817.3,2021-02-06,2023-06-04,Transfer,1685.08,6502.38,Auto,28307.12,1.65,Approved,MasterCard,4551.02,Complaint,Pending,1,2023,6,June,2021,2.3,26-35
4436,29,Female,Colorado Springs,Current,260.43,2020-07-10,2023-03-13,Withdrawal,2103.16,2363.59,Personal,44496.18,8.72,Approved,MasterCard,3156.92,Suggestion,Resolved,1,2023,3,March,2020,2.7,26-35
4437,55,Other,Atlanta,Savings,306.8,2017-09-06,2023-05-17,Deposit,4140.0,-3833.2,Personal,11026.24,8.14,Closed,Visa,2842.19,Praise,Pending,1,2023,5,May,2017,5.7,46-55
4438,64,Male,San Antonio,Current,2848.62,2003-12-13,2023-05-19,Withdrawal,2790.88,5639.5,Mortgage,41214.03,1.92,Approved,AMEX,3781.28,Suggestion,Pending,1,2023,5,May,2003,19.4,56-65
4439,54,Other,Oklahoma City,Current,7438.09,2019-05-24,2023-05-30,Transfer,4287.66,3150.43,Personal,14006.05,8.02,Approved,AMEX,2617.12,Suggestion,Resolved,1,2023,5,May,2019,4.0,46-55
4440,27,Male,Fresno,Savings,3723.3,2000-08-16,2023-12-26,Transfer,2141.76,1581.54,Personal,33372.58,6.77,Rejected,Visa,3712.8,Praise,Resolved,1,2023,12,December,2000,23.4,26-35
4441,58,Female,Sacramento,Current,2190.92,2013-04-07,2023-12-12,Transfer,3045.32,5236.24,Auto,12941.93,4.49,Approved,AMEX,868.7,Suggestion,Pending,1,2023,12,December,2013,10.7,56-65
4442,44,Male,Fresno,Current,1218.45,2005-05-24,2023-02-19,Transfer,33.05,1251.5,Personal,6613.9,1.76,Approved,AMEX,4600.91,Complaint,Pending,1,2023,2,February,2005,17.7,36-45
4443,59,Other,Washington,Current,2877.17,2017-02-21,2023-04-11,Deposit,2881.98,-4.81,Mortgage,33537.14,6.42,Closed,AMEX,2174.88,Praise,Pending,1,2023,4,April,2017,6.1,56-65
4444,29,Other,Milwaukee,Savings,4866.25,2021-10-09,2023-06-17,Deposit,411.81,4454.44,Auto,30149.52,8.56,Approved,Visa,1912.99,Suggestion,Pending,1,2023,6,June,2021,1.7,26-35
4445,39,Other,El Paso,Current,1024.46,2011-07-29,2023-03-07,Deposit,973.14,51.32,Auto,20672.69,4.79,Rejected,AMEX,3724.65,Suggestion,Resolved,1,2023,3,March,2011,11.6,36-45
4446,21,Other,Denver,Current,247.85,2004-09-21,2023-08-30,Transfer,4987.72,-4739.87,Personal,2797.44,4.82,Rejected,MasterCard,2933.82,Praise,Pending,-1,2023,8,August,2004,18.9,18-25
4447,46,Other,Houston,Current,1360.34,2016-12-07,2023-05-27,Transfer,3189.53,-1829.19,Mortgage,24288.68,8.44,Rejected,MasterCard,1211.06,Complaint,Resolved,1,2023,5,May,2016,6.5,46-55
4448,53,Other,Las Vegas,Savings,7406.0,2006-10-18,2023-08-30,Withdrawal,4347.58,11753.58,Mortgage,8286.62,2.9,Approved,Visa,1355.25,Complaint,Resolved,1,2023,8,August,2006,16.9,46-55
4449,62,Female,Oklahoma City,Current,4716.47,2014-06-21,2023-04-26,Withdrawal,296.05,5012.52,Personal,18614.11,2.55,Rejected,Visa,3186.59,Suggestion,Resolved,1,2023,4,April,2014,8.8,56-65
4450,31,Male,Colorado Springs,Current,4507.16,2003-12-21,2023-09-29,Deposit,1928.96,6436.12,Mortgage,29723.7,7.26,Closed,MasterCard,1953.49,Complaint,Resolved,1,2023,9,September,2003,19.8,26-35
4451,29,Female,Louisville,Current,295.55,2016-12-13,2023-05-12,Transfer,4313.58,-4018.03,Personal,47028.27,6.91,Approved,AMEX,2058.61,Praise,Pending,1,2023,5,May,2016,6.4,26-35
4452,62,Male,Colorado Springs,Savings,7138.35,2014-02-17,2023-11-01,Transfer,2059.81,5078.54,Personal,26054.29,9.21,Closed,AMEX,3375.16,Complaint,Pending,1,2023,11,November,2014,9.7,56-65
4453,37,Male,San Francisco,Savings,2098.9,2011-09-20,2023-02-07,Withdrawal,1275.61,3374.51,Auto,10544.37,4.01,Approved,Visa,3089.36,Complaint,Pending,1,2023,2,February,2011,11.4,36-45
4454,62,Male,Denver,Savings,999.57,2016-04-07,2023-05-15,Deposit,2410.12,-1410.55,Personal,47365.09,2.82,Approved,AMEX,843.32,Suggestion,Pending,1,2023,5,May,2016,7.1,56-65
4455,40,Other,Sacramento,Current,8436.13,2021-12-28,2023-07-02,Transfer,2359.99,10796.12,Mortgage,2269.59,4.86,Closed,MasterCard,4406.54,Praise,Resolved,1,2023,7,July,2021,1.5,36-45
4456,39,Other,Albuquerque,Current,4907.52,2003-06-09,2023-01-14,Withdrawal,4953.52,9861.04,Auto,32498.19,4.45,Approved,AMEX,1641.57,Complaint,Pending,1,2023,1,January,2003,19.6,36-45
4457,51,Other,Colorado Springs,Current,7514.44,2001-02-04,2023-07-23,Deposit,1778.98,9293.42,Personal,13857.21,9.44,Closed,AMEX,3350.14,Complaint,Resolved,1,2023,7,July,2001,22.5,46-55
4458,38,Male,Sacramento,Current,8236.66,2015-06-10,2023-03-26,Deposit,4787.16,3449.5,Mortgage,38118.0,9.26,Rejected,MasterCard,4617.07,Suggestion,Resolved,1,2023,3,March,2015,7.8,36-45
4459,68,Male,Baltimore,Current,9649.71,2014-08-27,2023-09-01,Deposit,4561.04,14210.75,Auto,17229.94,4.85,Closed,Visa,2199.18,Praise,Pending,-1,2023,9,September,2014,9.0,65+
4460,26,Male,San Francisco,Savings,6274.63,2009-06-26,2023-10-17,Withdrawal,2253.06,4021.57,Auto,22008.58,4.71,Approved,AMEX,2457.84,Suggestion,Resolved,1,2023,10,October,2009,14.3,26-35
4461,27,Female,Memphis,Savings,775.95,2013-11-14,2023-05-29,Transfer,4725.46,5501.41,Auto,38750.42,5.0,Rejected,AMEX,3375.31,Complaint,Resolved,1,2023,5,May,2013,9.5,26-35
4462,66,Other,Philadelphia,Current,5621.11,2018-03-12,2023-05-07,Withdrawal,3647.1,1974.01,Auto,44993.11,7.58,Approved,AMEX,1643.38,Suggestion,Pending,-1,2023,5,May,2018,5.2,65+
4463,27,Other,San Francisco,Savings,5144.27,2006-08-11,2023-11-15,Transfer,4426.21,718.06,Personal,9945.12,5.95,Approved,AMEX,1766.83,Complaint,Pending,1,2023,11,November,2006,17.3,26-35
4464,69,Other,San Francisco,Savings,669.88,2002-12-23,2023-10-25,Transfer,4459.94,5129.82,Personal,15518.33,3.59,Closed,AMEX,2956.96,Suggestion,Pending,1,2023,10,October,2002,20.8,65+
4465,62,Female,Columbus,Current,3132.39,2010-08-10,2023-03-12,Transfer,436.45,2695.94,Mortgage,1211.91,7.92,Rejected,Visa,1570.47,Praise,Pending,1,2023,3,March,2010,12.6,56-65
4466,69,Female,Las Vegas,Current,4180.56,2008-08-26,2023-03-26,Deposit,4485.16,8665.72,Mortgage,42972.01,9.13,Rejected,AMEX,1565.51,Complaint,Resolved,1,2023,3,March,2008,14.6,65+
4467,47,Female,Atlanta,Savings,1693.66,2017-10-17,2023-05-18,Transfer,2453.01,4146.67,Personal,47409.28,7.46,Closed,MasterCard,4006.54,Complaint,Resolved,1,2023,5,May,2017,5.6,46-55
4468,50,Male,Omaha,Savings,186.74,2007-05-17,2023-10-04,Deposit,3188.81,3375.55,Personal,14692.84,2.75,Rejected,Visa,168.49,Complaint,Resolved,1,2023,10,October,2007,16.4,46-55
4469,19,Female,Colorado Springs,Current,7594.08,2007-12-13,2023-04-23,Withdrawal,1509.58,6084.5,Auto,19843.2,8.13,Approved,MasterCard,128.73,Suggestion,Pending,1,2023,4,April,2007,15.4,18-25
4470,66,Male,Albuquerque,Current,8531.18,2016-07-26,2023-03-04,Transfer,3231.14,5300.04,Auto,22018.87,9.9,Approved,AMEX,1473.43,Complaint,Resolved,-1,2023,3,March,2016,6.6,65+
4471,49,Male,Mesa,Current,2368.11,2014-09-20,2023-03-30,Withdrawal,145.12,2222.99,Auto,21077.84,7.17,Rejected,Visa,3449.37,Suggestion,Pending,1,2023,3,March,2014,8.5,46-55
4472,62,Other,Atlanta,Savings,137.62,2000-08-08,2023-03-18,Withdrawal,1862.19,-1724.57,Auto,20250.89,3.19,Rejected,AMEX,1528.24,Praise,Resolved,1,2023,3,March,2000,22.6,56-65
4473,34,Other,Columbus,Savings,8910.38,2017-07-26,2023-04-29,Transfer,3146.66,5763.72,Mortgage,24317.86,1.05,Closed,MasterCard,3146.07,Suggestion,Pending,1,2023,4,April,2017,5.8,26-35
4474,45,Female,Portland,Current,1426.2,2008-03-31,2023-11-02,Transfer,992.4,2418.6,Mortgage,8535.4,4.47,Closed,MasterCard,1431.36,Complaint,Resolved,1,2023,11,November,2008,15.6,36-45
4475,62,Male,Denver,Current,4091.97,2020-08-27,2023-10-10,Deposit,3366.38,725.59,Mortgage,3826.32,5.23,Approved,AMEX,153.29,Complaint,Pending,1,2023,10,October,2020,3.1,56-65
4476,34,Male,Milwaukee,Current,3723.07,2014-09-10,2023-08-17,Transfer,4146.12,7869.19,Personal,36452.8,9.19,Approved,AMEX,3636.7,Praise,Resolved,-1,2023,8,August,2014,8.9,26-35
4477,68,Male,Dallas,Current,1726.19,2022-01-14,2023-05-16,Deposit,196.31,1922.5,Auto,42481.73,6.58,Approved,Visa,2716.5,Suggestion,Resolved,1,2023,5,May,2022,1.3,65+
4478,31,Other,Kansas City,Current,6028.22,2015-07-30,2023-05-03,Deposit,3023.71,9051.93,Personal,40699.45,3.53,Closed,Visa,3221.18,Complaint,Resolved,1,2023,5,May,2015,7.8,26-35
4479,69,Other,San Francisco,Savings,9193.57,2011-09-08,2023-07-18,Transfer,2907.33,12100.9,Auto,31704.7,7.23,Closed,AMEX,886.43,Suggestion,Pending,1,2023,7,July,2011,11.9,65+
4480,27,Other,Denver,Savings,5185.86,2014-11-30,2023-01-30,Transfer,3912.6,9098.46,Personal,48471.75,1.83,Rejected,Visa,3087.25,Complaint,Resolved,1,2023,1,January,2014,8.2,26-35
4481,51,Other,Houston,Current,9731.83,2011-07-20,2023-01-18,Transfer,3490.57,6241.26,Auto,1075.61,2.92,Closed,Visa,4045.49,Complaint,Pending,1,2023,1,January,2011,11.5,46-55
4482,31,Other,Austin,Current,1988.64,2001-09-27,2023-01-23,Deposit,2278.55,-289.91,Personal,16657.57,7.7,Approved,Visa,701.95,Suggestion,Resolved,1,2023,1,January,2001,21.3,26-35
4483,34,Other,Washington,Current,8500.17,2007-06-30,2023-02-07,Deposit,1779.06,6721.11,Mortgage,16190.79,3.68,Approved,MasterCard,1415.08,Complaint,Resolved,1,2023,2,February,2007,15.6,26-35
4484,54,Female,Houston,Savings,2643.39,2014-08-25,2023-08-25,Deposit,4928.39,-2285.0,Personal,18133.97,1.28,Closed,MasterCard,3958.71,Praise,Resolved,1,2023,8,August,2014,9.0,46-55
4485,39,Female,San Francisco,Current,2580.36,2007-05-20,2023-09-05,Deposit,2513.87,5094.23,Personal,40199.49,5.47,Approved,AMEX,3218.87,Suggestion,Resolved,1,2023,9,September,2007,16.3,36-45
4486,35,Female,San Diego,Savings,1265.15,2004-07-14,2023-12-27,Deposit,2045.57,3310.72,Personal,18223.33,6.92,Rejected,Visa,941.14,Praise,Pending,1,2023,12,December,2004,19.5,26-35
4487,52,Female,Fresno,Savings,8649.97,2009-03-12,2023-01-30,Transfer,4965.08,13615.05,Personal,26827.1,8.1,Approved,AMEX,1359.36,Praise,Resolved,1,2023,1,January,2009,13.9,46-55
4488,65,Male,Austin,Current,7278.08,2017-09-12,2023-04-29,Deposit,910.71,8188.79,Personal,31083.05,3.75,Rejected,MasterCard,4526.18,Suggestion,Pending,1,2023,4,April,2017,5.6,56-65
4489,68,Other,Milwaukee,Current,3482.4,2005-03-11,2023-10-13,Transfer,938.81,2543.59,Mortgage,42423.78,4.82,Approved,Visa,1889.19,Complaint,Pending,1,2023,10,October,2005,18.6,65+
4490,35,Other,Austin,Current,3559.23,2005-10-09,2023-03-15,Deposit,4882.6,8441.83,Mortgage,31177.22,6.01,Closed,Visa,464.43,Praise,Resolved,1,2023,3,March,2005,17.4,26-35
4491,69,Female,Kansas City,Current,8463.47,2000-05-05,2023-03-12,Deposit,3291.87,11755.34,Mortgage,19684.02,1.67,Rejected,MasterCard,3316.66,Praise,Pending,1,2023,3,March,2000,22.9,65+
4492,47,Male,Nashville,Current,9283.06,2010-05-03,2023-09-30,Transfer,2603.5,11886.56,Auto,35042.37,2.78,Rejected,Visa,2007.94,Complaint,Pending,1,2023,9,September,2010,13.4,46-55
4493,54,Female,Baltimore,Savings,6064.02,2011-09-27,2023-11-21,Withdrawal,348.2,5715.82,Personal,26261.24,4.32,Closed,Visa,3657.05,Complaint,Pending,1,2023,11,November,2011,12.2,46-55
4494,57,Other,Jacksonville,Savings,4127.71,2006-02-18,2023-12-28,Withdrawal,1785.75,2341.96,Auto,26891.71,3.4,Rejected,AMEX,563.63,Praise,Pending,1,2023,12,December,2006,17.9,56-65
4495,23,Female,Detroit,Current,626.12,2001-08-11,2023-08-01,Deposit,2172.34,2798.46,Auto,17422.47,5.19,Approved,AMEX,1537.03,Suggestion,Pending,1,2023,8,August,2001,22.0,18-25
4496,32,Male,Portland,Current,1352.99,2008-06-21,2023-12-01,Transfer,2561.91,-1208.92,Auto,1078.77,6.86,Rejected,MasterCard,1963.61,Suggestion,Pending,1,2023,12,December,2008,15.4,26-35
4497,52,Other,San Diego,Current,1503.7,2017-11-13,2023-05-21,Withdrawal,2188.47,3692.17,Mortgage,18436.5,5.86,Rejected,AMEX,2873.34,Complaint,Pending,1,2023,5,May,2017,5.5,46-55
4498,43,Male,Colorado Springs,Current,2840.35,2008-11-01,2023-08-26,Withdrawal,2196.16,644.19,Personal,15833.18,7.97,Approved,AMEX,925.09,Suggestion,Pending,1,2023,8,August,2008,14.8,36-45
4499,58,Female,San Diego,Current,2644.62,2004-08-30,2023-01-07,Transfer,4974.23,7618.85,Mortgage,5916.61,6.64,Rejected,Visa,1609.35,Complaint,Resolved,1,2023,1,January,2004,18.4,56-65
4500,44,Other,San Diego,Savings,5474.53,2018-09-30,2023-08-04,Withdrawal,4870.21,10344.74,Auto,10733.17,3.63,Rejected,AMEX,3829.26,Complaint,Resolved,1,2023,8,August,2018,4.8,36-45
4501,47,Male,Fresno,Savings,9446.59,2017-01-08,2023-03-09,Deposit,440.13,9886.72,Personal,49063.61,2.08,Closed,AMEX,943.73,Praise,Resolved,1,2023,3,March,2017,6.2,46-55
4502,28,Male,Indianapolis,Savings,8630.44,2022-01-08,2023-11-12,Deposit,851.43,7779.01,Auto,14711.03,6.76,Approved,Visa,1900.02,Praise,Resolved,1,2023,11,November,2022,1.8,26-35
4503,69,Male,San Jose,Savings,5140.71,2004-02-14,2023-04-15,Deposit,4708.63,9849.34,Auto,26389.74,2.91,Rejected,AMEX,1957.65,Complaint,Pending,1,2023,4,April,2004,19.2,65+
4504,41,Other,El Paso,Current,271.25,2019-04-03,2023-02-04,Withdrawal,1601.8,1873.05,Mortgage,27917.3,3.87,Rejected,AMEX,1038.88,Complaint,Resolved,1,2023,2,February,2019,3.8,36-45
4505,31,Other,Fort Worth,Current,777.15,2006-02-22,2023-01-29,Transfer,3061.58,-2284.43,Mortgage,28441.47,8.16,Approved,MasterCard,4363.12,Suggestion,Pending,1,2023,1,January,2006,16.9,26-35
4506,40,Female,Portland,Current,8617.47,2019-05-21,2023-12-22,Transfer,3991.34,4626.13,Mortgage,3319.08,2.98,Closed,Visa,2574.47,Praise,Resolved,1,2023,12,December,2019,4.6,36-45
4507,26,Female,Washington,Savings,2907.94,2008-08-01,2023-04-29,Deposit,2359.66,548.28,Mortgage,38801.65,5.84,Rejected,AMEX,1930.3,Complaint,Pending,1,2023,4,April,2008,14.7,26-35
4508,59,Other,Albuquerque,Savings,3249.1,2016-08-29,2023-02-03,Deposit,92.93,3342.03,Personal,36786.91,1.85,Closed,AMEX,3890.31,Suggestion,Pending,1,2023,2,February,2016,6.4,56-65
4509,64,Male,Portland,Current,1483.8,2019-10-20,2023-09-17,Deposit,4142.1,5625.9,Auto,48882.41,4.75,Approved,AMEX,183.72,Suggestion,Pending,1,2023,9,September,2019,3.9,56-65
4510,35,Other,Los Angeles,Savings,2308.82,2021-09-29,2023-11-18,Deposit,3783.64,-1474.82,Personal,10049.87,9.82,Approved,AMEX,4991.09,Praise,Resolved,1,2023,11,November,2021,2.1,26-35
4511,68,Other,Tucson,Current,2547.16,2022-11-21,2023-12-16,Withdrawal,216.75,2763.91,Personal,28135.77,9.59,Approved,Visa,4804.82,Suggestion,Resolved,1,2023,12,December,2022,1.1,65+
4512,56,Other,Detroit,Current,4179.73,2000-06-25,2023-11-09,Deposit,4487.88,8667.61,Auto,40387.68,9.52,Closed,AMEX,438.03,Praise,Resolved,1,2023,11,November,2000,23.4,56-65
4513,36,Other,Louisville,Current,6269.14,2003-03-14,2023-12-15,Withdrawal,4286.5,1982.64,Auto,7092.96,6.36,Closed,MasterCard,4440.74,Suggestion,Pending,1,2023,12,December,2003,20.8,36-45
4514,22,Female,Denver,Current,3596.25,2001-08-09,2023-05-12,Deposit,1382.48,4978.73,Personal,39688.97,3.65,Rejected,MasterCard,1553.41,Praise,Resolved,-1,2023,5,May,2001,21.8,18-25
4515,35,Female,Phoenix,Savings,4553.65,2000-02-24,2023-12-07,Transfer,409.9,4143.75,Auto,14228.2,4.19,Closed,AMEX,522.62,Praise,Pending,-1,2023,12,December,2000,23.8,26-35
4516,50,Male,Tucson,Current,1900.81,2018-07-22,2023-07-20,Withdrawal,2021.84,-121.03,Personal,14761.46,2.85,Approved,AMEX,2850.89,Complaint,Pending,1,2023,7,July,2018,5.0,46-55
4517,61,Other,Oklahoma City,Current,658.26,2022-10-19,2023-04-23,Transfer,4375.76,5034.02,Auto,47334.18,1.88,Approved,Visa,4342.6,Suggestion,Resolved,1,2023,4,April,2022,0.5,56-65
4518,55,Other,Baltimore,Current,3547.58,2020-08-22,2023-04-07,Transfer,2417.24,5964.82,Auto,16379.78,2.52,Approved,Visa,798.35,Suggestion,Resolved,1,2023,4,April,2020,2.6,46-55
4519,30,Female,San Diego,Current,718.67,2014-01-29,2023-11-07,Transfer,1415.07,2133.74,Mortgage,29627.63,5.21,Rejected,Visa,4851.0,Praise,Pending,1,2023,11,November,2014,9.8,26-35
4520,66,Female,Kansas City,Current,3067.23,2021-09-14,2023-01-06,Deposit,1166.51,4233.74,Auto,22564.55,1.24,Approved,MasterCard,1456.72,Complaint,Pending,1,2023,1,January,2021,1.3,65+
4521,26,Other,San Francisco,Savings,8392.23,2006-01-16,2023-01-29,Transfer,1781.62,6610.61,Personal,4829.81,9.45,Rejected,MasterCard,2847.62,Complaint,Resolved,1,2023,1,January,2006,17.0,26-35
4522,43,Female,New York,Current,3732.62,2007-01-09,2023-12-02,Transfer,4969.81,-1237.19,Auto,47573.65,6.05,Approved,AMEX,3326.48,Praise,Pending,1,2023,12,December,2007,16.9,36-45
4523,18,Other,Chicago,Current,2013.29,2004-09-24,2023-12-22,Transfer,4393.34,6406.63,Auto,11472.54,2.56,Rejected,AMEX,1753.55,Suggestion,Resolved,-1,2023,12,December,2004,19.2,18-25
4524,29,Male,Detroit,Savings,9030.47,2015-01-18,2023-06-14,Withdrawal,2739.74,11770.21,Mortgage,14117.03,4.75,Rejected,MasterCard,4389.68,Suggestion,Pending,1,2023,6,June,2015,8.4,26-35
4525,41,Male,Milwaukee,Current,6429.56,2001-12-08,2023-02-06,Deposit,4043.99,10473.55,Auto,19485.08,4.39,Closed,MasterCard,4962.1,Suggestion,Resolved,1,2023,2,February,2001,21.2,36-45
4526,18,Male,San Diego,Current,9883.69,2003-05-25,2023-03-04,Transfer,1588.19,11471.88,Auto,25428.26,8.52,Approved,AMEX,2041.99,Praise,Resolved,1,2023,3,March,2003,19.8,18-25
4527,21,Other,San Diego,Current,3072.49,2011-12-08,2023-08-27,Deposit,3079.9,-7.41,Mortgage,8070.0,2.08,Rejected,MasterCard,725.73,Complaint,Resolved,1,2023,8,August,2011,11.7,18-25
4528,24,Female,Sacramento,Current,2083.65,2004-04-24,2023-09-07,Withdrawal,4365.03,6448.68,Mortgage,31866.89,4.87,Rejected,AMEX,4422.69,Complaint,Resolved,1,2023,9,September,2004,19.4,18-25
4529,69,Male,Colorado Springs,Current,3049.61,2008-03-08,2023-07-04,Deposit,1844.75,4894.36,Mortgage,26220.42,7.4,Approved,Visa,2629.72,Suggestion,Pending,1,2023,7,July,2008,15.3,65+
4530,45,Other,Louisville,Current,8143.67,2016-10-26,2023-09-04,Transfer,4003.98,12147.65,Mortgage,15847.51,4.36,Approved,AMEX,3700.78,Complaint,Resolved,1,2023,9,September,2016,6.9,36-45
4531,54,Male,Houston,Current,1600.13,2013-08-19,2023-02-09,Deposit,3075.47,-1475.34,Auto,34939.94,4.22,Approved,Visa,1791.1,Suggestion,Pending,1,2023,2,February,2013,9.5,46-55
4532,69,Male,Indianapolis,Savings,2486.68,2017-01-13,2023-03-05,Deposit,3080.64,-593.96,Mortgage,26189.93,4.06,Approved,Visa,566.62,Suggestion,Resolved,1,2023,3,March,2017,6.1,65+
4533,22,Female,San Jose,Current,7046.17,2015-04-18,2023-08-11,Deposit,215.07,7261.24,Personal,42193.6,7.86,Closed,MasterCard,4296.4,Complaint,Pending,1,2023,8,August,2015,8.3,18-25
4534,56,Other,Oklahoma City,Current,7406.2,2011-05-23,2023-05-02,Deposit,4497.31,11903.51,Mortgage,42914.83,2.07,Closed,MasterCard,2415.33,Complaint,Resolved,1,2023,5,May,2011,11.9,56-65
4535,49,Female,Phoenix,Current,9592.53,2001-07-22,2023-05-11,Deposit,3882.96,13475.49,Personal,49025.23,8.71,Rejected,Visa,545.32,Complaint,Pending,1,2023,5,May,2001,21.8,46-55
4536,66,Female,Atlanta,Savings,9803.5,2003-12-13,2023-10-26,Withdrawal,191.99,9611.51,Auto,4299.45,1.64,Rejected,Visa,936.79,Praise,Pending,1,2023,10,October,2003,19.9,65+
4537,48,Female,Oklahoma City,Current,6668.96,2002-08-04,2023-05-05,Transfer,3057.62,9726.58,Auto,20853.75,3.87,Approved,MasterCard,3707.64,Suggestion,Pending,1,2023,5,May,2002,20.8,46-55
4538,61,Male,Las Vegas,Current,3691.67,2022-07-27,2023-01-25,Deposit,3732.05,-40.38,Mortgage,25574.43,4.5,Closed,AMEX,4379.11,Praise,Resolved,1,2023,1,January,2022,0.5,56-65
4539,32,Male,Mesa,Current,4584.84,2019-01-30,2023-11-07,Deposit,3977.66,8562.5,Auto,12456.68,4.54,Closed,MasterCard,1385.89,Praise,Resolved,1,2023,11,November,2019,4.8,26-35
4540,20,Male,Fresno,Savings,4448.75,2019-09-11,2023-12-28,Transfer,451.85,4900.6,Personal,46179.72,2.69,Closed,MasterCard,1401.95,Praise,Pending,1,2023,12,December,2019,4.3,18-25
4541,66,Other,Fresno,Current,3935.04,2012-04-14,2023-02-05,Transfer,3203.3,7138.34,Mortgage,5318.29,6.43,Rejected,Visa,508.46,Praise,Resolved,1,2023,2,February,2012,10.8,65+
4542,63,Female,Denver,Savings,3448.63,2000-08-21,2023-04-18,Transfer,1172.55,2276.08,Personal,21996.8,5.08,Closed,MasterCard,2094.35,Praise,Resolved,1,2023,4,April,2000,22.7,56-65
4543,64,Male,San Francisco,Savings,1762.21,2012-05-24,2023-07-05,Transfer,2262.67,4024.88,Personal,10074.35,6.11,Rejected,Visa,4457.09,Complaint,Resolved,1,2023,7,July,2012,11.1,56-65
4544,64,Female,Phoenix,Current,3724.97,2012-11-16,2023-04-13,Deposit,2637.01,1087.96,Mortgage,34424.8,6.53,Approved,Visa,821.7,Suggestion,Pending,1,2023,4,April,2012,10.4,56-65
4545,32,Female,Boston,Current,9695.37,2006-12-26,2023-01-19,Transfer,146.45,9841.82,Mortgage,35544.62,2.72,Rejected,AMEX,3895.8,Suggestion,Resolved,1,2023,1,January,2006,16.1,26-35
4546,68,Female,Seattle,Savings,8833.35,2012-12-11,2023-07-06,Withdrawal,1504.7,10338.05,Personal,43753.19,9.28,Closed,MasterCard,1094.48,Suggestion,Resolved,1,2023,7,July,2012,10.6,65+
4547,60,Female,San Diego,Current,6211.53,2001-09-07,2023-08-22,Deposit,3989.24,2222.29,Mortgage,21039.56,8.47,Approved,MasterCard,1013.07,Praise,Pending,1,2023,8,August,2001,22.0,56-65
4548,35,Female,Portland,Savings,2008.78,2005-04-08,2023-04-04,Withdrawal,4213.32,6222.1,Mortgage,38980.41,8.46,Rejected,AMEX,74.72,Complaint,Resolved,1,2023,4,April,2005,18.0,26-35
4549,38,Male,Charlotte,Current,8798.78,2020-02-09,2023-08-19,Transfer,1656.75,10455.53,Auto,27929.45,5.78,Closed,MasterCard,3348.65,Suggestion,Resolved,1,2023,8,August,2020,3.5,36-45
4550,27,Other,San Jose,Savings,3187.47,2010-10-03,2023-12-21,Withdrawal,2214.57,5402.04,Auto,40801.27,8.38,Rejected,AMEX,1934.39,Praise,Pending,1,2023,12,December,2010,13.2,26-35
4551,38,Other,Indianapolis,Savings,5502.58,2006-06-03,2023-05-08,Deposit,4157.66,9660.24,Mortgage,5183.57,6.65,Rejected,MasterCard,4868.75,Praise,Resolved,1,2023,5,May,2006,16.9,36-45
4552,43,Other,Washington,Current,9126.77,2013-05-21,2023-11-11,Deposit,1011.93,8114.84,Personal,23708.94,5.05,Approved,MasterCard,258.32,Complaint,Resolved,-1,2023,11,November,2013,10.5,36-45
4553,58,Other,Oklahoma City,Savings,3413.43,2007-08-04,2023-10-31,Deposit,3657.57,-244.14,Mortgage,8377.47,7.77,Closed,Visa,329.69,Complaint,Pending,1,2023,10,October,2007,16.2,56-65
4554,20,Female,San Jose,Current,9142.09,2002-07-07,2023-09-16,Deposit,2042.53,7099.56,Auto,39727.42,6.4,Rejected,AMEX,1422.27,Suggestion,Resolved,1,2023,9,September,2002,21.2,18-25
4555,18,Male,Oklahoma City,Savings,2427.77,2014-03-23,2023-12-14,Withdrawal,4935.65,7363.42,Mortgage,8480.9,1.02,Approved,MasterCard,2688.87,Suggestion,Resolved,1,2023,12,December,2014,9.7,18-25
4556,38,Male,Los Angeles,Savings,9294.16,2021-02-17,2023-08-30,Deposit,3012.89,6281.27,Auto,1394.96,9.97,Closed,MasterCard,3742.16,Complaint,Resolved,1,2023,8,August,2021,2.5,36-45
4557,28,Female,Sacramento,Current,3650.79,2013-04-17,2023-04-25,Deposit,748.89,4399.68,Auto,46546.66,4.87,Approved,AMEX,1515.1,Suggestion,Resolved,1,2023,4,April,2013,10.0,26-35
4558,33,Female,Denver,Savings,3808.55,2017-02-03,2023-06-01,Deposit,867.6,4676.15,Personal,24745.32,6.15,Rejected,Visa,1667.73,Suggestion,Pending,1,2023,6,June,2017,6.3,26-35
4559,52,Male,Atlanta,Savings,5574.78,2000-09-30,2023-04-26,Transfer,146.26,5428.52,Mortgage,49274.35,4.65,Approved,MasterCard,3596.72,Suggestion,Resolved,1,2023,4,April,2000,22.6,46-55
4560,38,Male,Philadelphia,Current,3535.56,2006-06-03,2023-09-19,Withdrawal,3576.99,7112.55,Auto,23196.86,1.9,Rejected,MasterCard,1848.91,Suggestion,Resolved,1,2023,9,September,2006,17.3,36-45
4561,58,Other,Columbus,Savings,4554.83,2008-05-31,2023-09-06,Transfer,2222.23,6777.06,Mortgage,29948.84,8.51,Closed,MasterCard,3262.8,Complaint,Resolved,1,2023,9,September,2008,15.3,56-65
4562,28,Other,Houston,Savings,5063.11,2010-04-15,2023-07-09,Deposit,64.73,4998.38,Personal,37464.59,7.14,Closed,Visa,1570.98,Suggestion,Resolved,1,2023,7,July,2010,13.2,26-35
4563,48,Other,Washington,Savings,4961.09,2017-05-23,2023-08-09,Transfer,516.09,4445.0,Personal,14759.12,8.46,Closed,Visa,4958.24,Suggestion,Pending,1,2023,8,August,2017,6.2,46-55
4564,66,Male,Colorado Springs,Savings,9614.98,2015-07-31,2023-09-13,Deposit,1454.21,11069.19,Personal,7509.96,5.36,Closed,AMEX,4583.2,Praise,Pending,-1,2023,9,September,2015,8.1,65+
4565,18,Other,Mesa,Savings,2889.71,2013-02-13,2023-10-19,Transfer,2126.35,5016.06,Personal,33395.35,8.13,Closed,MasterCard,2933.3,Complaint,Resolved,1,2023,10,October,2013,10.7,18-25
4566,58,Male,Fresno,Current,2917.34,2018-01-15,2023-10-12,Deposit,4692.85,7610.19,Mortgage,26023.65,8.18,Approved,Visa,4804.63,Complaint,Pending,1,2023,10,October,2018,5.7,56-65
4567,49,Male,Portland,Current,8395.42,2007-11-28,2023-05-21,Deposit,2711.05,11106.47,Auto,41513.26,4.03,Closed,MasterCard,2808.93,Praise,Pending,1,2023,5,May,2007,15.5,46-55
4568,20,Female,San Antonio,Current,3980.89,2007-06-11,2023-05-23,Deposit,4472.24,8453.13,Mortgage,3208.37,1.04,Approved,AMEX,4255.73,Praise,Resolved,-1,2023,5,May,2007,15.9,18-25
4569,49,Male,Chicago,Savings,824.65,2012-01-02,2023-10-16,Transfer,1260.15,-435.5,Mortgage,27693.74,8.74,Closed,AMEX,4763.12,Complaint,Pending,1,2023,10,October,2012,11.8,46-55
4570,59,Female,Tucson,Current,4864.41,2006-02-17,2023-09-08,Deposit,1667.84,6532.25,Auto,10102.04,2.66,Approved,AMEX,4879.21,Suggestion,Resolved,1,2023,9,September,2006,17.6,56-65
4571,22,Female,Los Angeles,Savings,5547.27,2011-12-10,2023-12-11,Transfer,4405.19,1142.08,Personal,31248.55,8.82,Rejected,AMEX,4859.41,Suggestion,Resolved,1,2023,12,December,2011,12.0,18-25
4572,60,Male,Indianapolis,Current,6215.16,2010-07-11,2023-05-24,Deposit,2461.9,3753.26,Mortgage,38261.55,6.56,Rejected,Visa,4365.09,Praise,Resolved,1,2023,5,May,2010,12.9,56-65
4573,54,Male,Boston,Current,2427.42,2017-06-26,2023-03-26,Withdrawal,2954.9,5382.32,Personal,13887.5,6.71,Closed,AMEX,1974.66,Praise,Resolved,1,2023,3,March,2017,5.7,46-55
4574,29,Other,Charlotte,Savings,9735.27,2013-01-25,2023-06-29,Deposit,2875.15,12610.42,Auto,24607.65,3.22,Rejected,AMEX,4960.45,Complaint,Resolved,-1,2023,6,June,2013,10.4,26-35
4575,31,Male,Las Vegas,Current,7396.48,2013-01-28,2023-04-11,Withdrawal,3230.42,4166.06,Auto,21590.0,4.62,Closed,Visa,3897.66,Complaint,Pending,1,2023,4,April,2013,10.2,26-35
4576,61,Other,Charlotte,Savings,7229.39,2013-06-16,2023-08-25,Deposit,2948.87,10178.26,Auto,37988.67,3.81,Approved,MasterCard,4256.4,Suggestion,Resolved,1,2023,8,August,2013,10.2,56-65
4577,68,Other,Milwaukee,Savings,8741.44,2015-03-22,2023-12-03,Deposit,3474.89,5266.55,Personal,30393.52,2.71,Rejected,MasterCard,3997.44,Praise,Resolved,1,2023,12,December,2015,8.7,65+
4578,26,Male,Columbus,Savings,358.66,2004-06-21,2023-07-24,Deposit,744.92,-386.26,Personal,6914.66,7.52,Approved,Visa,2864.73,Complaint,Resolved,1,2023,7,July,2004,19.1,26-35
4579,24,Other,Columbus,Savings,6170.11,2012-10-25,2023-10-17,Deposit,3556.04,9726.15,Auto,48860.66,1.86,Rejected,AMEX,2705.97,Praise,Resolved,1,2023,10,October,2012,11.0,18-25
4580,33,Female,Philadelphia,Current,8196.59,2022-08-22,2023-05-07,Deposit,761.48,7435.11,Personal,45704.54,5.61,Rejected,AMEX,2070.06,Complaint,Resolved,1,2023,5,May,2022,0.7,26-35
4581,45,Female,Columbus,Savings,440.3,2010-04-03,2023-12-27,Transfer,1708.69,-1268.39,Personal,29357.28,5.82,Closed,Visa,626.48,Suggestion,Pending,1,2023,12,December,2010,13.7,36-45
4582,24,Male,San Francisco,Savings,7585.84,2007-07-09,2023-10-05,Transfer,4158.42,11744.26,Auto,39096.37,9.6,Rejected,MasterCard,3147.05,Complaint,Pending,1,2023,10,October,2007,16.2,18-25
4583,31,Male,Seattle,Savings,9898.0,2008-12-29,2023-11-03,Transfer,3042.84,12940.84,Personal,1978.55,8.82,Closed,AMEX,1607.41,Praise,Resolved,-1,2023,11,November,2008,14.8,26-35
4584,49,Male,Oklahoma City,Savings,5974.76,2008-11-24,2023-09-17,Withdrawal,4836.16,10810.92,Mortgage,10873.1,5.43,Approved,MasterCard,959.73,Praise,Pending,1,2023,9,September,2008,14.8,46-55
4585,25,Female,San Francisco,Current,4304.45,2021-11-23,2023-09-10,Deposit,1268.97,3035.48,Auto,38625.29,8.6,Approved,MasterCard,1309.12,Suggestion,Pending,1,2023,9,September,2021,1.8,18-25
4586,44,Other,Indianapolis,Savings,4590.72,2019-09-14,2023-06-26,Deposit,4604.5,9195.22,Auto,6203.21,8.12,Closed,Visa,1935.96,Suggestion,Resolved,1,2023,6,June,2019,3.8,36-45
4587,67,Female,Omaha,Current,6826.86,2007-04-06,2023-08-27,Deposit,3213.2,10040.06,Auto,3093.61,1.25,Approved,AMEX,39.12,Suggestion,Pending,1,2023,8,August,2007,16.4,65+
4588,20,Other,Colorado Springs,Current,5742.56,2017-12-28,2023-06-16,Withdrawal,1852.5,7595.06,Personal,31170.08,9.3,Closed,Visa,1745.93,Praise,Pending,1,2023,6,June,2017,5.5,18-25
4589,44,Other,Albuquerque,Savings,7896.95,2013-06-26,2023-08-03,Withdrawal,3936.08,11833.03,Auto,2677.85,7.19,Rejected,AMEX,3186.73,Suggestion,Pending,1,2023,8,August,2013,10.1,36-45
4590,47,Male,Dallas,Current,4274.21,2004-10-30,2023-07-24,Withdrawal,4774.79,9049.0,Personal,9972.58,7.05,Approved,MasterCard,1001.88,Complaint,Pending,-1,2023,7,July,2004,18.7,46-55
4591,51,Male,Portland,Savings,4231.51,2014-03-15,2023-07-19,Withdrawal,3900.01,8131.52,Personal,4919.11,7.42,Closed,Visa,1062.6,Praise,Resolved,1,2023,7,July,2014,9.3,46-55
4592,43,Male,Tucson,Savings,7485.06,2015-04-13,2023-01-01,Transfer,42.3,7527.36,Mortgage,27179.31,3.02,Closed,AMEX,785.71,Suggestion,Resolved,1,2023,1,January,2015,7.7,36-45
4593,54,Female,Jacksonville,Savings,6490.63,2002-02-03,2023-06-18,Withdrawal,61.24,6429.39,Personal,34169.78,1.26,Rejected,Visa,1192.76,Suggestion,Pending,1,2023,6,June,2002,21.4,46-55
4594,57,Female,San Francisco,Current,7803.17,2018-01-23,2023-09-30,Withdrawal,639.58,8442.75,Mortgage,9982.15,3.09,Approved,Visa,131.77,Complaint,Resolved,1,2023,9,September,2018,5.7,56-65
4595,68,Female,Mesa,Savings,8882.92,2011-04-05,2023-09-21,Withdrawal,4255.12,4627.8,Mortgage,23969.12,8.15,Rejected,Visa,4892.36,Praise,Resolved,1,2023,9,September,2011,12.5,65+
4596,39,Male,San Francisco,Current,2707.72,2019-05-29,2023-03-08,Withdrawal,3753.73,-1046.01,Mortgage,1988.38,6.38,Approved,AMEX,342.61,Suggestion,Resolved,1,2023,3,March,2019,3.8,36-45
4597,49,Male,Seattle,Savings,3218.86,2011-08-18,2023-12-15,Transfer,3202.47,16.39,Mortgage,13968.36,4.25,Approved,MasterCard,3641.26,Suggestion,Resolved,1,2023,12,December,2011,12.3,46-55
4598,58,Other,El Paso,Savings,5316.81,2020-06-29,2023-04-28,Deposit,3475.58,8792.39,Mortgage,9800.61,3.17,Rejected,AMEX,1348.97,Praise,Resolved,1,2023,4,April,2020,2.8,56-65
4599,19,Other,Fresno,Savings,9311.48,2014-03-25,2023-03-27,Withdrawal,3102.83,6208.65,Personal,9132.25,8.2,Closed,MasterCard,2485.48,Complaint,Resolved,1,2023,3,March,2014,9.0,18-25
4600,64,Male,San Diego,Current,8363.41,2012-09-08,2023-08-23,Transfer,1745.95,10109.36,Personal,12025.98,5.12,Rejected,Visa,1659.96,Complaint,Pending,1,2023,8,August,2012,11.0,56-65
4601,25,Female,San Jose,Savings,4737.61,2017-11-30,2023-11-18,Transfer,3605.04,8342.65,Mortgage,40461.86,6.51,Rejected,MasterCard,4853.28,Complaint,Resolved,1,2023,11,November,2017,6.0,18-25
4602,59,Male,El Paso,Current,5773.88,2012-05-30,2023-09-15,Transfer,4676.14,10450.02,Personal,47537.78,1.11,Closed,Visa,1793.37,Suggestion,Pending,1,2023,9,September,2012,11.3,56-65
4603,24,Female,Oklahoma City,Savings,7151.87,2003-11-23,2023-01-17,Deposit,3750.86,10902.73,Personal,35596.56,4.87,Approved,AMEX,2238.94,Suggestion,Resolved,1,2023,1,January,2003,19.2,18-25
4604,36,Male,Washington,Current,5274.53,2019-09-29,2023-03-14,Withdrawal,4337.81,936.72,Mortgage,4540.52,1.14,Approved,Visa,4943.44,Suggestion,Pending,1,2023,3,March,2019,3.5,36-45
4605,50,Male,El Paso,Savings,1074.64,2009-06-05,2023-06-10,Deposit,1193.42,2268.06,Auto,31780.03,8.09,Rejected,MasterCard,495.8,Complaint,Resolved,1,2023,6,June,2009,14.0,46-55
4606,19,Other,Sacramento,Savings,3592.09,2006-12-07,2023-08-09,Transfer,1752.93,1839.16,Personal,36971.65,3.24,Rejected,MasterCard,1478.24,Praise,Resolved,1,2023,8,August,2006,16.7,18-25
4607,20,Female,Chicago,Current,571.36,2003-01-12,2023-07-01,Deposit,2543.61,-1972.25,Personal,6445.14,2.5,Closed,Visa,1927.11,Complaint,Resolved,1,2023,7,July,2003,20.5,18-25
4608,45,Female,Fresno,Savings,6731.67,2013-01-13,2023-12-30,Transfer,2362.75,4368.92,Auto,15421.82,9.34,Rejected,MasterCard,2248.55,Suggestion,Resolved,1,2023,12,December,2013,11.0,36-45
4609,31,Male,Tucson,Savings,3437.53,2016-08-04,2023-09-06,Transfer,2335.28,5772.81,Personal,21990.68,1.16,Rejected,AMEX,4786.8,Complaint,Resolved,1,2023,9,September,2016,7.1,26-35
4610,32,Other,San Francisco,Savings,7409.79,2000-04-15,2023-04-17,Withdrawal,3206.36,10616.15,Personal,16225.48,2.78,Approved,MasterCard,1908.94,Praise,Pending,1,2023,4,April,2000,23.0,26-35
4611,38,Male,Denver,Current,4354.13,2010-01-26,2023-04-11,Transfer,4278.4,75.73,Auto,26397.6,3.16,Rejected,Visa,1407.71,Complaint,Resolved,1,2023,4,April,2010,13.2,36-45
4612,31,Male,Baltimore,Current,551.32,2022-04-10,2023-10-28,Deposit,4436.94,-3885.62,Mortgage,7415.09,8.41,Approved,Visa,1571.36,Praise,Resolved,1,2023,10,October,2022,1.5,26-35
4613,57,Female,El Paso,Current,3858.2,2002-03-01,2023-09-14,Deposit,761.0,4619.2,Mortgage,22792.72,7.39,Rejected,MasterCard,631.54,Praise,Pending,-1,2023,9,September,2002,21.5,56-65
4614,35,Male,Charlotte,Current,2265.08,2013-07-16,2023-12-02,Transfer,459.86,1805.22,Personal,36930.73,9.71,Closed,Visa,703.69,Praise,Pending,1,2023,12,December,2013,10.4,26-35
4615,66,Other,Columbus,Savings,2221.48,2022-11-22,2023-11-03,Withdrawal,1562.97,658.51,Personal,23585.73,7.25,Rejected,Visa,1210.46,Praise,Pending,1,2023,11,November,2022,0.9,65+
4616,56,Male,Los Angeles,Savings,3838.34,2018-12-15,2023-10-05,Deposit,3688.76,7527.1,Mortgage,11311.31,3.13,Rejected,Visa,860.28,Praise,Pending,1,2023,10,October,2018,4.8,56-65
4617,37,Other,Colorado Springs,Current,9785.43,2012-03-03,2023-06-11,Withdrawal,3969.33,5816.1,Mortgage,40303.51,2.5,Closed,Visa,1688.43,Praise,Resolved,1,2023,6,June,2012,11.3,36-45
4618,18,Female,Seattle,Savings,9604.69,2018-02-04,2023-11-29,Withdrawal,1922.55,7682.14,Personal,20325.38,7.8,Closed,Visa,700.8,Praise,Pending,-1,2023,11,November,2018,5.8,18-25
4619,26,Female,Philadelphia,Current,8054.2,2016-09-17,2023-02-18,Withdrawal,1559.14,6495.06,Auto,21829.53,9.11,Closed,AMEX,2828.08,Complaint,Pending,1,2023,2,February,2016,6.4,26-35
4620,26,Male,Albuquerque,Savings,2530.13,2005-04-16,2023-11-01,Withdrawal,661.17,1868.96,Auto,18523.55,9.21,Closed,Visa,4753.26,Complaint,Resolved,1,2023,11,November,2005,18.5,26-35
4621,60,Other,Nashville,Current,7662.9,2004-10-17,2023-06-19,Transfer,1198.78,8861.68,Mortgage,15196.85,7.94,Closed,Visa,2490.5,Praise,Resolved,-1,2023,6,June,2004,18.7,56-65
4622,68,Female,Omaha,Current,252.1,2014-03-28,2023-04-02,Transfer,512.87,-260.77,Mortgage,30495.45,8.15,Rejected,AMEX,2232.56,Praise,Pending,1,2023,4,April,2014,9.0,65+
4623,55,Other,Louisville,Current,657.86,2007-05-03,2023-09-26,Transfer,1526.22,-868.36,Personal,10202.56,6.96,Closed,MasterCard,928.77,Suggestion,Resolved,1,2023,9,September,2007,16.4,46-55
4624,56,Female,Portland,Savings,8373.75,2003-10-24,2023-08-18,Withdrawal,3383.85,11757.6,Auto,38692.25,7.62,Rejected,Visa,1111.89,Complaint,Pending,1,2023,8,August,2003,19.8,56-65
4625,46,Female,Los Angeles,Current,5685.94,2004-12-23,2023-12-16,Deposit,653.48,6339.42,Auto,24603.28,2.04,Rejected,Visa,3109.64,Praise,Pending,1,2023,12,December,2004,19.0,46-55
4626,32,Other,Tucson,Current,3795.75,2004-08-10,2023-09-07,Deposit,1613.3,5409.05,Personal,44295.79,3.96,Closed,Visa,589.05,Suggestion,Resolved,1,2023,9,September,2004,19.1,26-35
4627,37,Other,Indianapolis,Savings,7430.54,2006-02-27,2023-08-16,Transfer,2647.91,4782.63,Auto,47005.65,5.12,Approved,AMEX,884.9,Praise,Resolved,1,2023,8,August,2006,17.5,36-45
4628,55,Other,Colorado Springs,Savings,1232.19,2002-11-14,2023-07-15,Deposit,1642.26,-410.07,Auto,19765.68,6.98,Rejected,Visa,2927.08,Praise,Pending,1,2023,7,July,2002,20.7,46-55
4629,58,Female,Washington,Savings,2938.2,2015-07-31,2023-05-22,Transfer,2203.48,5141.68,Auto,8782.34,4.76,Approved,AMEX,3675.67,Praise,Pending,1,2023,5,May,2015,7.8,56-65
4630,47,Other,San Jose,Current,7303.32,2016-07-26,2023-07-03,Withdrawal,2489.37,9792.69,Auto,25757.74,4.37,Closed,Visa,4709.39,Praise,Pending,1,2023,7,July,2016,6.9,46-55
4631,64,Male,Los Angeles,Savings,2150.97,2019-10-02,2023-08-03,Transfer,3877.29,6028.26,Auto,14252.14,6.07,Closed,MasterCard,884.24,Praise,Resolved,1,2023,8,August,2019,3.8,56-65
4632,43,Other,Columbus,Current,6046.36,2020-10-06,2023-03-10,Deposit,4217.05,1829.31,Mortgage,21899.62,4.55,Closed,AMEX,3588.35,Praise,Pending,1,2023,3,March,2020,2.4,36-45
4633,23,Female,Kansas City,Savings,4531.87,2012-09-03,2023-02-15,Transfer,970.03,5501.9,Personal,19494.7,1.65,Rejected,MasterCard,1215.77,Praise,Resolved,1,2023,2,February,2012,10.5,18-25
4634,56,Other,Louisville,Current,2103.4,2011-07-04,2023-01-15,Transfer,1852.98,3956.38,Mortgage,23073.14,9.72,Approved,AMEX,801.47,Praise,Resolved,1,2023,1,January,2011,11.5,56-65
4635,34,Other,San Antonio,Current,8894.99,2013-12-06,2023-12-09,Deposit,2880.05,6014.94,Mortgage,25429.71,9.34,Rejected,AMEX,4104.89,Suggestion,Pending,1,2023,12,December,2013,10.0,26-35
4636,23,Other,Seattle,Current,4411.72,2001-03-22,2023-05-16,Transfer,2501.9,6913.62,Auto,31744.02,1.35,Closed,AMEX,1489.98,Suggestion,Pending,1,2023,5,May,2001,22.1,18-25
4637,45,Male,Mesa,Savings,6028.52,2006-11-14,2023-05-02,Transfer,411.29,5617.23,Personal,1186.88,5.76,Approved,AMEX,1658.46,Praise,Resolved,1,2023,5,May,2006,16.5,36-45
4638,26,Female,Mesa,Current,2605.07,2020-09-01,2023-07-03,Deposit,1731.37,873.7,Mortgage,13564.6,7.41,Approved,MasterCard,1979.23,Suggestion,Pending,1,2023,7,July,2020,2.8,26-35
4639,44,Male,Houston,Current,3533.37,2002-12-08,2023-09-24,Transfer,1145.34,2388.03,Auto,9342.46,6.49,Closed,Visa,230.33,Suggestion,Pending,1,2023,9,September,2002,20.8,36-45
4640,52,Male,Baltimore,Current,584.94,2008-07-25,2023-07-18,Withdrawal,2092.16,2677.1,Auto,35811.89,4.18,Closed,MasterCard,4387.87,Complaint,Resolved,1,2023,7,July,2008,15.0,46-55
4641,63,Female,Las Vegas,Savings,4883.82,2019-08-24,2023-06-22,Transfer,1696.53,3187.29,Auto,41784.03,8.23,Closed,Visa,4855.57,Complaint,Pending,1,2023,6,June,2019,3.8,56-65
4642,23,Female,Oklahoma City,Savings,3513.98,2018-09-22,2023-04-20,Deposit,3479.96,34.02,Personal,36562.07,6.53,Rejected,MasterCard,1026.87,Praise,Pending,1,2023,4,April,2018,4.6,18-25
4643,21,Other,Milwaukee,Savings,3361.1,2011-04-11,2023-04-15,Withdrawal,2013.21,1347.89,Mortgage,48758.53,3.15,Approved,MasterCard,379.68,Suggestion,Resolved,1,2023,4,April,2011,12.0,18-25
4644,33,Female,Las Vegas,Current,8910.44,2021-03-16,2023-10-14,Withdrawal,1215.22,10125.66,Mortgage,4785.13,6.5,Approved,AMEX,2450.17,Suggestion,Resolved,1,2023,10,October,2021,2.6,26-35
4645,40,Other,San Antonio,Current,7068.31,2016-02-16,2023-06-24,Deposit,3102.06,10170.37,Personal,23772.96,3.47,Approved,AMEX,3292.04,Praise,Pending,1,2023,6,June,2016,7.4,36-45
4646,65,Male,Detroit,Savings,4627.17,2013-09-13,2023-12-26,Deposit,3637.19,8264.36,Personal,45069.14,6.36,Rejected,AMEX,2466.9,Praise,Pending,1,2023,12,December,2013,10.3,56-65
4647,40,Other,San Jose,Current,2033.98,2002-12-28,2023-11-18,Transfer,550.26,2584.24,Auto,16635.33,7.88,Rejected,MasterCard,3262.85,Praise,Pending,1,2023,11,November,2002,20.9,36-45
4648,46,Female,San Diego,Savings,9735.19,2001-08-16,2023-12-30,Withdrawal,1263.67,10998.86,Auto,40313.54,3.72,Rejected,AMEX,4755.66,Complaint,Resolved,1,2023,12,December,2001,22.4,46-55
4649,58,Other,Phoenix,Savings,840.18,2000-10-03,2023-03-02,Withdrawal,1051.95,-211.77,Mortgage,28525.29,3.54,Rejected,AMEX,1657.26,Complaint,Resolved,1,2023,3,March,2000,22.4,56-65
4650,21,Male,San Jose,Savings,1447.45,2012-07-23,2023-09-21,Withdrawal,1013.43,2460.88,Auto,48949.28,7.54,Rejected,MasterCard,4441.52,Suggestion,Resolved,1,2023,9,September,2012,11.2,18-25
4651,57,Female,Memphis,Savings,2776.18,2022-08-27,2023-11-17,Deposit,4510.9,7287.08,Auto,19180.08,5.58,Approved,MasterCard,2723.17,Complaint,Resolved,1,2023,11,November,2022,1.2,56-65
4652,57,Female,Oklahoma City,Savings,9549.83,2009-04-06,2023-09-30,Transfer,638.88,10188.71,Personal,21441.2,2.25,Rejected,Visa,3565.55,Suggestion,Pending,1,2023,9,September,2009,14.5,56-65
4653,41,Other,Columbus,Savings,2860.93,2020-09-05,2023-06-07,Deposit,4356.96,7217.89,Mortgage,9026.52,5.91,Closed,AMEX,4160.72,Praise,Resolved,1,2023,6,June,2020,2.8,36-45
4654,23,Other,Albuquerque,Savings,4965.12,2001-04-12,2023-08-11,Withdrawal,1975.58,2989.54,Auto,8822.37,6.97,Closed,AMEX,1331.79,Praise,Resolved,1,2023,8,August,2001,22.3,18-25
4655,57,Other,Portland,Current,7635.53,2014-05-27,2023-04-25,Transfer,3207.6,4427.93,Auto,43189.11,5.42,Closed,AMEX,1776.07,Suggestion,Resolved,1,2023,4,April,2014,8.9,56-65
4656,23,Male,Boston,Current,9298.94,2002-09-24,2023-09-11,Transfer,2210.34,11509.28,Auto,20957.46,6.62,Approved,Visa,200.29,Suggestion,Resolved,1,2023,9,September,2002,21.0,18-25
4657,31,Male,Houston,Savings,6090.39,2006-07-07,2023-11-04,Deposit,2997.74,3092.65,Personal,31402.81,4.28,Closed,AMEX,3896.16,Suggestion,Resolved,1,2023,11,November,2006,17.3,26-35
4658,31,Female,Nashville,Current,3904.35,2013-10-27,2023-03-04,Withdrawal,2762.76,6667.11,Mortgage,37860.36,8.9,Approved,MasterCard,353.98,Complaint,Pending,1,2023,3,March,2013,9.3,26-35
4659,67,Female,Seattle,Savings,9856.54,2011-03-19,2023-03-02,Withdrawal,2170.42,12026.96,Personal,22473.92,3.16,Closed,Visa,2101.57,Suggestion,Pending,1,2023,3,March,2011,12.0,65+
4660,62,Male,Colorado Springs,Current,359.01,2021-05-31,2023-09-13,Withdrawal,1382.37,1741.38,Auto,47735.42,3.53,Rejected,Visa,4093.54,Praise,Pending,1,2023,9,September,2021,2.3,56-65
4661,64,Other,Charlotte,Savings,8338.51,2019-03-27,2023-03-18,Transfer,4655.05,3683.46,Mortgage,46970.51,7.96,Closed,MasterCard,515.72,Complaint,Pending,1,2023,3,March,2019,4.0,56-65
4662,52,Other,Kansas City,Current,2846.56,2000-04-03,2023-03-31,Withdrawal,4580.68,-1734.12,Auto,34325.8,1.52,Closed,AMEX,4967.09,Complaint,Resolved,-1,2023,3,March,2000,23.0,46-55
4663,23,Male,Las Vegas,Savings,8192.77,2019-12-20,2023-10-15,Deposit,364.87,8557.64,Mortgage,49765.18,9.89,Approved,AMEX,2822.39,Complaint,Pending,1,2023,10,October,2019,3.8,18-25
4664,40,Other,San Diego,Current,1705.45,2005-03-24,2023-12-31,Transfer,1125.37,2830.82,Personal,1129.78,6.66,Approved,MasterCard,624.97,Suggestion,Resolved,1,2023,12,December,2005,18.8,36-45
4665,37,Male,Louisville,Savings,3533.5,2019-04-25,2023-10-18,Deposit,2874.59,658.91,Personal,1453.38,8.27,Rejected,MasterCard,71.19,Complaint,Resolved,1,2023,10,October,2019,4.5,36-45
4666,34,Other,Nashville,Savings,654.12,2005-02-22,2023-09-29,Transfer,4902.44,5556.56,Auto,4309.21,6.26,Closed,AMEX,1681.59,Praise,Pending,1,2023,9,September,2005,18.6,26-35
4667,37,Other,Indianapolis,Current,2076.26,2003-03-04,2023-05-17,Deposit,3639.92,-1563.66,Auto,47232.47,8.08,Closed,MasterCard,1102.72,Suggestion,Pending,1,2023,5,May,2003,20.2,36-45
4668,65,Female,Indianapolis,Savings,6067.64,2014-04-18,2023-10-02,Withdrawal,4093.5,10161.14,Auto,30636.89,4.91,Closed,MasterCard,2317.7,Complaint,Resolved,1,2023,10,October,2014,9.5,56-65
4669,23,Other,Sacramento,Savings,7638.87,2000-12-23,2023-02-09,Transfer,1577.97,6060.9,Personal,46458.4,6.19,Rejected,AMEX,2330.51,Complaint,Pending,1,2023,2,February,2000,22.1,18-25
4670,57,Other,San Francisco,Savings,9121.15,2022-10-25,2023-06-23,Deposit,1102.37,8018.78,Personal,7227.81,6.96,Rejected,Visa,779.43,Complaint,Resolved,1,2023,6,June,2022,0.7,56-65
4671,45,Male,Dallas,Current,1284.89,2006-01-27,2023-04-19,Transfer,1137.55,147.34,Mortgage,2566.95,9.12,Rejected,MasterCard,3294.62,Complaint,Resolved,1,2023,4,April,2006,17.2,36-45
4672,30,Male,Sacramento,Current,1491.67,2020-08-15,2023-05-11,Transfer,2421.58,-929.91,Mortgage,27620.83,1.31,Approved,AMEX,2062.15,Praise,Resolved,-1,2023,5,May,2020,2.7,26-35
4673,46,Male,Memphis,Current,9393.88,2021-08-24,2023-06-03,Withdrawal,4293.82,13687.7,Mortgage,9585.75,1.98,Approved,AMEX,3164.57,Suggestion,Resolved,1,2023,6,June,2021,1.8,46-55
4674,62,Male,Colorado Springs,Current,7683.15,2016-08-18,2023-12-23,Transfer,1089.69,8772.84,Personal,43131.86,7.22,Rejected,AMEX,4318.58,Suggestion,Pending,1,2023,12,December,2016,7.3,56-65
4675,37,Other,Seattle,Current,5443.54,2021-09-12,2023-03-13,Deposit,2855.89,2587.65,Mortgage,21600.06,4.1,Approved,Visa,847.08,Complaint,Pending,1,2023,3,March,2021,1.5,36-45
4676,34,Male,Fort Worth,Savings,4819.58,2002-06-04,2023-11-22,Transfer,4045.89,773.69,Auto,38752.38,7.1,Approved,MasterCard,2165.0,Suggestion,Pending,1,2023,11,November,2002,21.5,26-35
4677,52,Female,Denver,Savings,1661.39,2008-01-18,2023-01-05,Deposit,2506.78,-845.39,Auto,26305.5,3.05,Rejected,MasterCard,4206.72,Complaint,Resolved,1,2023,1,January,2008,15.0,46-55
4678,62,Male,Washington,Current,3855.08,2015-12-06,2023-08-01,Withdrawal,2090.34,1764.74,Personal,26904.85,6.65,Approved,Visa,3611.33,Complaint,Resolved,-1,2023,8,August,2015,7.7,56-65
4679,56,Other,Charlotte,Current,3788.79,2004-09-20,2023-10-10,Transfer,1739.2,2049.59,Personal,34410.41,5.3,Approved,AMEX,1526.95,Praise,Resolved,1,2023,10,October,2004,19.1,56-65
4680,69,Female,New York,Current,6518.63,2016-03-26,2023-06-21,Deposit,3006.24,3512.39,Mortgage,17437.14,2.11,Rejected,Visa,3781.33,Complaint,Pending,1,2023,6,June,2016,7.2,65+
4681,54,Other,Los Angeles,Savings,6029.16,2000-06-20,2023-10-21,Transfer,4090.28,1938.88,Personal,47493.52,9.36,Rejected,Visa,1909.89,Praise,Pending,1,2023,10,October,2000,23.3,46-55
4682,60,Female,San Diego,Savings,691.14,2012-10-20,2023-08-02,Transfer,4980.69,5671.83,Personal,20620.1,8.13,Rejected,MasterCard,4856.84,Suggestion,Resolved,1,2023,8,August,2012,10.8,56-65
4683,40,Female,Washington,Current,8499.95,2003-07-25,2023-03-30,Withdrawal,4348.1,12848.05,Auto,20504.08,8.03,Closed,MasterCard,1274.13,Suggestion,Pending,1,2023,3,March,2003,19.7,36-45
4684,35,Female,Boston,Current,9381.72,2000-03-24,2023-03-12,Transfer,2269.22,11650.94,Mortgage,35663.69,7.27,Rejected,AMEX,890.89,Suggestion,Pending,1,2023,3,March,2000,23.0,26-35
4685,53,Other,Los Angeles,Current,7824.06,2017-01-22,2023-11-30,Transfer,405.42,7418.64,Personal,32176.34,1.19,Closed,MasterCard,4393.22,Suggestion,Pending,1,2023,11,November,2017,6.9,46-55
4686,37,Female,Dallas,Savings,1866.01,2013-03-21,2023-06-18,Withdrawal,611.48,1254.53,Mortgage,49793.3,5.54,Approved,Visa,2483.94,Praise,Pending,1,2023,6,June,2013,10.2,36-45
4687,24,Other,Dallas,Current,1804.47,2018-04-15,2023-11-10,Transfer,156.33,1960.8,Personal,42661.31,7.76,Closed,Visa,3720.54,Suggestion,Resolved,-1,2023,11,November,2018,5.6,18-25
4688,53,Female,San Jose,Current,7288.51,2004-11-21,2023-07-17,Withdrawal,1819.69,9108.2,Mortgage,14944.95,2.95,Rejected,AMEX,4750.91,Complaint,Resolved,1,2023,7,July,2004,18.7,46-55
4689,59,Male,Philadelphia,Savings,4464.59,2011-10-19,2023-04-06,Transfer,2412.94,6877.53,Auto,5976.08,6.54,Approved,Visa,986.46,Complaint,Pending,1,2023,4,April,2011,11.5,56-65
4690,18,Male,Baltimore,Current,7810.16,2004-10-26,2023-11-15,Deposit,4104.84,3705.32,Auto,6224.73,9.37,Rejected,Visa,500.73,Praise,Pending,1,2023,11,November,2004,19.1,18-25
4691,66,Female,Charlotte,Current,847.24,2015-01-13,2023-01-19,Deposit,437.81,1285.05,Auto,18718.83,7.78,Approved,Visa,1082.56,Suggestion,Pending,-1,2023,1,January,2015,8.0,65+
4692,54,Female,Charlotte,Current,7192.72,2006-02-08,2023-06-04,Deposit,1148.32,6044.4,Auto,24382.11,5.93,Approved,AMEX,573.75,Complaint,Resolved,1,2023,6,June,2006,17.3,46-55
4693,66,Male,San Antonio,Savings,4298.55,2017-05-12,2023-04-04,Withdrawal,2558.15,6856.7,Auto,32219.08,3.79,Approved,AMEX,4810.03,Praise,Resolved,1,2023,4,April,2017,5.9,65+
4694,52,Male,Austin,Savings,406.75,2005-06-05,2023-02-22,Withdrawal,4250.38,-3843.63,Mortgage,43028.58,6.73,Closed,MasterCard,3567.13,Suggestion,Pending,1,2023,2,February,2005,17.7,46-55
4695,58,Other,Omaha,Savings,5497.06,2017-12-10,2023-12-19,Withdrawal,447.32,5049.74,Personal,49487.48,7.43,Rejected,MasterCard,3279.13,Suggestion,Resolved,1,2023,12,December,2017,6.0,56-65
4696,20,Male,Kansas City,Savings,7020.45,2018-10-17,2023-01-11,Withdrawal,1224.75,5795.7,Auto,21027.08,6.74,Closed,Visa,4758.07,Suggestion,Pending,1,2023,1,January,2018,4.2,18-25
4697,52,Other,Omaha,Current,5329.57,2000-12-22,2023-04-15,Withdrawal,2724.09,2605.48,Personal,27733.44,7.8,Rejected,Visa,4892.24,Praise,Pending,1,2023,4,April,2000,22.3,46-55
4698,46,Female,Los Angeles,Savings,1316.51,2013-07-22,2023-01-10,Withdrawal,1628.58,-312.07,Mortgage,30436.62,3.51,Approved,MasterCard,4565.06,Praise,Resolved,1,2023,1,January,2013,9.5,46-55
4699,26,Other,Colorado Springs,Savings,8177.5,2013-11-08,2023-08-09,Transfer,4962.06,13139.56,Personal,28369.53,5.57,Closed,Visa,3298.78,Complaint,Pending,1,2023,8,August,2013,9.7,26-35
4700,54,Female,Jacksonville,Savings,3239.14,2012-12-17,2023-12-08,Deposit,2266.14,973.0,Personal,5425.34,5.94,Closed,MasterCard,2483.67,Praise,Pending,1,2023,12,December,2012,11.0,46-55
4701,59,Other,San Francisco,Savings,9222.45,2006-04-30,2023-01-20,Withdrawal,4557.67,13780.12,Personal,6636.99,1.81,Closed,MasterCard,219.61,Praise,Pending,1,2023,1,January,2006,16.7,56-65
4702,64,Other,San Antonio,Current,9078.07,2015-05-12,2023-05-27,Transfer,4705.03,13783.1,Personal,44549.02,2.59,Approved,AMEX,4384.85,Praise,Resolved,-1,2023,5,May,2015,8.0,56-65
4703,42,Other,Omaha,Savings,2083.59,2008-11-18,2023-12-10,Transfer,1304.57,3388.16,Auto,34103.62,3.76,Approved,MasterCard,500.62,Complaint,Resolved,1,2023,12,December,2008,15.1,36-45
4704,29,Female,Colorado Springs,Savings,4816.02,2018-11-06,2023-09-12,Withdrawal,1639.24,6455.26,Auto,34259.29,1.43,Rejected,AMEX,430.65,Complaint,Resolved,1,2023,9,September,2018,4.8,26-35
4705,55,Female,Houston,Savings,1459.92,2000-12-30,2023-05-10,Deposit,1627.44,-167.52,Personal,40924.31,3.1,Rejected,AMEX,3280.89,Praise,Resolved,1,2023,5,May,2000,22.4,46-55
4706,24,Other,Sacramento,Savings,6809.7,2020-09-14,2023-09-04,Withdrawal,2187.2,4622.5,Personal,5122.94,5.7,Rejected,AMEX,4156.87,Complaint,Resolved,1,2023,9,September,2020,3.0,18-25
4707,24,Female,Mesa,Savings,8533.98,2009-02-13,2023-05-26,Deposit,325.12,8208.86,Mortgage,21358.52,5.88,Approved,AMEX,3427.5,Praise,Resolved,1,2023,5,May,2009,14.3,18-25
4708,21,Other,Milwaukee,Current,6518.9,2000-04-22,2023-03-23,Deposit,4038.7,2480.2,Mortgage,13087.05,3.24,Approved,AMEX,1824.97,Complaint,Resolved,1,2023,3,March,2000,22.9,18-25
4709,62,Female,Boston,Savings,2678.7,2012-07-10,2023-01-02,Withdrawal,662.96,2015.74,Personal,33379.52,9.52,Closed,MasterCard,4147.18,Complaint,Pending,1,2023,1,January,2012,10.5,56-65
4710,64,Other,San Jose,Savings,855.52,2006-12-04,2023-10-30,Deposit,4469.39,5324.91,Auto,11531.81,5.2,Approved,Visa,27.05,Praise,Pending,1,2023,10,October,2006,16.9,56-65
4711,48,Male,Seattle,Current,785.68,2017-12-28,2023-09-05,Deposit,2887.14,-2101.46,Auto,34914.12,6.74,Closed,MasterCard,823.34,Praise,Pending,1,2023,9,September,2017,5.7,46-55
4712,67,Male,Nashville,Savings,6148.19,2021-01-14,2023-02-16,Deposit,2412.62,3735.57,Auto,20007.12,1.27,Closed,AMEX,2505.15,Suggestion,Resolved,1,2023,2,February,2021,2.1,65+
4713,67,Other,New York,Current,9537.95,2022-04-26,2023-03-20,Withdrawal,3307.33,12845.28,Auto,22530.87,4.59,Closed,Visa,4389.98,Praise,Pending,1,2023,3,March,2022,0.9,65+
4714,56,Female,Mesa,Current,6983.25,2008-02-25,2023-05-04,Deposit,4666.17,11649.42,Personal,41082.63,5.88,Approved,AMEX,518.84,Suggestion,Resolved,-1,2023,5,May,2008,15.2,56-65
4715,27,Other,San Diego,Current,7333.2,2007-02-26,2023-12-11,Deposit,1490.37,8823.57,Auto,18060.18,3.81,Rejected,MasterCard,2511.31,Praise,Resolved,1,2023,12,December,2007,16.8,26-35
4716,65,Male,Nashville,Current,3360.07,2001-04-29,2023-03-23,Transfer,1358.23,2001.84,Mortgage,13573.36,2.54,Closed,MasterCard,1029.0,Complaint,Pending,1,2023,3,March,2001,21.9,56-65
4717,40,Male,Nashville,Current,5901.78,2018-11-02,2023-10-04,Withdrawal,1855.69,7757.47,Auto,42662.97,2.81,Approved,AMEX,1079.81,Complaint,Resolved,1,2023,10,October,2018,4.9,36-45
4718,43,Other,Portland,Current,3234.34,2010-04-18,2023-02-01,Deposit,2439.18,795.16,Personal,34584.56,5.2,Rejected,AMEX,4207.6,Complaint,Pending,1,2023,2,February,2010,12.8,36-45
4719,40,Male,Denver,Savings,9026.49,2015-06-03,2023-10-02,Withdrawal,387.77,9414.26,Mortgage,20790.88,1.64,Approved,MasterCard,839.49,Suggestion,Resolved,1,2023,10,October,2015,8.3,36-45
4720,46,Other,El Paso,Current,1411.89,2004-09-06,2023-05-26,Withdrawal,3403.14,-1991.25,Mortgage,25429.49,3.11,Approved,Visa,340.45,Complaint,Pending,1,2023,5,May,2004,18.7,46-55
4721,25,Male,Sacramento,Savings,6357.04,2003-03-06,2023-10-07,Transfer,2609.26,3747.78,Mortgage,18045.05,7.48,Rejected,AMEX,427.6,Complaint,Resolved,1,2023,10,October,2003,20.6,18-25
4722,36,Female,Omaha,Current,7335.36,2017-07-27,2023-04-16,Transfer,2704.19,10039.55,Personal,28009.24,2.93,Closed,MasterCard,1750.89,Complaint,Pending,-1,2023,4,April,2017,5.7,36-45
4723,46,Female,Phoenix,Savings,7015.05,2000-08-18,2023-06-07,Deposit,1255.74,5759.31,Auto,7796.09,2.05,Closed,AMEX,2705.9,Complaint,Pending,1,2023,6,June,2000,22.8,46-55
4724,60,Female,San Diego,Current,2647.44,2017-06-14,2023-04-03,Deposit,4204.59,-1557.15,Mortgage,44533.66,1.75,Closed,Visa,57.37,Suggestion,Resolved,1,2023,4,April,2017,5.8,56-65
4725,23,Other,Austin,Savings,4911.71,2008-09-21,2023-09-03,Deposit,1996.31,6908.02,Personal,28148.35,9.9,Rejected,Visa,4968.77,Suggestion,Resolved,1,2023,9,September,2008,14.9,18-25
4726,46,Other,Indianapolis,Current,6667.13,2018-10-06,2023-12-07,Withdrawal,3264.79,3402.34,Auto,19878.18,1.78,Rejected,Visa,4694.79,Complaint,Resolved,1,2023,12,December,2018,5.2,46-55
4727,41,Female,Colorado Springs,Savings,9316.34,2007-01-06,2023-05-29,Transfer,1207.9,10524.24,Mortgage,29008.09,4.9,Approved,AMEX,2326.59,Complaint,Resolved,1,2023,5,May,2007,16.4,36-45
4728,27,Female,Las Vegas,Savings,5046.63,2005-07-24,2023-10-31,Transfer,4083.3,963.33,Auto,8898.44,5.6,Rejected,MasterCard,731.43,Praise,Resolved,1,2023,10,October,2005,18.3,26-35
4729,68,Female,Nashville,Savings,3075.04,2000-04-21,2023-05-09,Deposit,1505.58,4580.62,Personal,4845.17,9.68,Rejected,AMEX,806.66,Complaint,Pending,1,2023,5,May,2000,23.0,65+
4730,31,Male,El Paso,Current,3926.56,2008-10-22,2023-01-22,Transfer,4609.22,8535.78,Personal,27858.18,9.02,Rejected,AMEX,1948.27,Praise,Resolved,-1,2023,1,January,2008,14.3,26-35
4731,69,Female,Kansas City,Savings,5459.06,2016-03-04,2023-02-25,Withdrawal,2279.42,3179.64,Personal,4454.34,3.14,Closed,AMEX,4563.1,Complaint,Resolved,1,2023,2,February,2016,7.0,65+
4732,23,Male,San Diego,Current,9765.95,2022-06-09,2023-02-07,Deposit,734.3,10500.25,Mortgage,33382.6,1.76,Approved,Visa,2063.69,Suggestion,Resolved,1,2023,2,February,2022,0.7,18-25
4733,21,Female,San Antonio,Savings,6320.48,2017-02-12,2023-01-19,Transfer,3059.86,3260.62,Personal,40211.84,4.94,Approved,Visa,1936.59,Complaint,Resolved,1,2023,1,January,2017,5.9,18-25
4734,69,Other,Los Angeles,Current,1631.89,2008-08-15,2023-07-13,Deposit,2787.6,-1155.71,Auto,49430.0,1.91,Rejected,AMEX,4590.39,Suggestion,Pending,1,2023,7,July,2008,14.9,65+
4735,32,Female,Baltimore,Current,8447.13,2004-09-16,2023-04-03,Withdrawal,2112.96,6334.17,Mortgage,38692.95,8.84,Approved,AMEX,4968.63,Suggestion,Resolved,-1,2023,4,April,2004,18.5,26-35
4736,54,Male,San Jose,Savings,1896.33,2013-03-27,2023-08-03,Withdrawal,4100.36,5996.69,Auto,48732.14,7.33,Approved,AMEX,1919.28,Suggestion,Resolved,1,2023,8,August,2013,10.4,46-55
4737,65,Female,El Paso,Savings,483.59,2005-09-27,2023-06-24,Deposit,2112.23,-1628.64,Personal,2086.96,9.49,Approved,MasterCard,4812.7,Praise,Resolved,1,2023,6,June,2005,17.7,56-65
4738,56,Male,Memphis,Current,1092.08,2001-06-05,2023-11-10,Deposit,689.75,1781.83,Personal,28383.53,6.13,Approved,AMEX,648.65,Suggestion,Pending,1,2023,11,November,2001,22.4,56-65
4739,45,Female,Kansas City,Current,7882.61,2006-08-20,2023-09-13,Transfer,152.63,8035.24,Auto,9072.1,4.28,Approved,Visa,998.68,Suggestion,Resolved,1,2023,9,September,2006,17.1,36-45
4740,19,Male,Atlanta,Current,9028.77,2014-05-09,2023-09-11,Withdrawal,4461.89,13490.66,Mortgage,13011.63,5.51,Closed,Visa,2173.72,Complaint,Pending,1,2023,9,September,2014,9.3,18-25
4741,30,Male,Oklahoma City,Savings,2755.21,2018-06-06,2023-02-14,Withdrawal,2338.85,416.36,Personal,36992.24,2.45,Approved,MasterCard,1912.78,Suggestion,Resolved,1,2023,2,February,2018,4.7,26-35
4742,19,Female,Tucson,Savings,5031.29,2001-09-26,2023-08-03,Deposit,2819.18,2212.11,Mortgage,13388.48,5.17,Rejected,MasterCard,1149.59,Complaint,Pending,1,2023,8,August,2001,21.9,18-25
4743,58,Female,Memphis,Savings,6012.51,2021-01-15,2023-08-08,Transfer,582.56,6595.07,Personal,9810.77,9.99,Closed,MasterCard,2378.9,Suggestion,Resolved,1,2023,8,August,2021,2.6,56-65
4744,49,Other,Charlotte,Savings,4245.04,2001-01-01,2023-01-28,Deposit,2452.17,1792.87,Auto,19220.42,7.21,Approved,Visa,3669.4,Complaint,Pending,1,2023,1,January,2001,22.1,46-55
4745,69,Other,El Paso,Savings,746.71,2017-03-21,2023-11-12,Deposit,2671.49,3418.2,Auto,5079.48,1.56,Rejected,Visa,783.87,Suggestion,Pending,1,2023,11,November,2017,6.6,65+
4746,22,Other,Chicago,Savings,660.86,2010-05-11,2023-09-18,Deposit,2331.61,2992.47,Mortgage,8178.2,7.53,Closed,AMEX,1819.13,Praise,Pending,1,2023,9,September,2010,13.4,18-25
4747,20,Male,Atlanta,Savings,4459.46,2016-07-01,2023-07-27,Withdrawal,4771.06,-311.6,Mortgage,8176.07,1.91,Closed,AMEX,153.34,Praise,Resolved,1,2023,7,July,2016,7.1,18-25
4748,19,Male,Memphis,Current,7998.89,2010-12-02,2023-10-08,Deposit,2861.21,10860.1,Mortgage,12076.77,4.52,Closed,Visa,4775.84,Suggestion,Pending,1,2023,10,October,2010,12.8,18-25
4749,31,Other,San Diego,Current,937.83,2011-10-17,2023-05-09,Deposit,4872.19,-3934.36,Personal,43664.38,8.08,Approved,MasterCard,3804.34,Praise,Pending,1,2023,5,May,2011,11.6,26-35
4750,57,Other,Washington,Savings,2136.19,2014-09-21,2023-06-17,Transfer,775.13,2911.32,Auto,15466.6,2.15,Rejected,Visa,1629.03,Suggestion,Pending,1,2023,6,June,2014,8.7,56-65
4751,69,Female,Memphis,Savings,2770.7,2004-12-08,2023-08-19,Deposit,4571.81,-1801.11,Personal,14419.53,3.63,Approved,Visa,869.5,Complaint,Pending,1,2023,8,August,2004,18.7,65+
4752,61,Other,Los Angeles,Savings,5635.35,2003-05-19,2023-12-17,Transfer,2769.08,2866.27,Mortgage,7173.43,2.76,Approved,MasterCard,2652.23,Praise,Resolved,-1,2023,12,December,2003,20.6,56-65
4753,66,Male,New York,Current,527.64,2019-11-07,2023-06-16,Deposit,1487.72,-960.08,Personal,1789.15,8.83,Rejected,Visa,1121.89,Complaint,Pending,1,2023,6,June,2019,3.6,65+
4754,46,Female,Oklahoma City,Current,8614.42,2002-01-31,2023-04-05,Withdrawal,3731.25,12345.67,Mortgage,8858.56,2.33,Approved,Visa,2713.07,Complaint,Pending,1,2023,4,April,2002,21.2,46-55
4755,65,Other,Nashville,Savings,4760.19,2017-05-02,2023-03-17,Deposit,2785.75,1974.44,Personal,36425.59,5.82,Approved,MasterCard,2035.2,Complaint,Pending,1,2023,3,March,2017,5.9,56-65
4756,55,Other,Atlanta,Current,4903.8,2020-10-07,2023-09-04,Withdrawal,2882.63,7786.43,Personal,48522.47,3.48,Rejected,Visa,2777.46,Praise,Resolved,1,2023,9,September,2020,2.9,46-55
4757,23,Other,San Diego,Savings,3332.54,2019-01-31,2023-06-20,Deposit,867.98,2464.56,Mortgage,37446.88,5.57,Closed,AMEX,2687.53,Suggestion,Pending,1,2023,6,June,2019,4.4,18-25
4758,67,Female,Portland,Current,2198.83,2002-06-14,2023-10-31,Withdrawal,3402.9,-1204.07,Personal,42808.16,2.51,Closed,Visa,26.57,Praise,Resolved,1,2023,10,October,2002,21.4,65+
4759,51,Female,Sacramento,Savings,3700.32,2020-05-26,2023-08-08,Withdrawal,1477.76,5178.08,Mortgage,39550.54,7.82,Closed,MasterCard,3503.05,Suggestion,Pending,1,2023,8,August,2020,3.2,46-55
4760,25,Female,Philadelphia,Current,9142.66,2000-11-26,2023-10-21,Deposit,1785.26,10927.92,Auto,15506.56,6.79,Approved,MasterCard,2937.2,Praise,Resolved,1,2023,10,October,2000,22.9,18-25
4761,63,Other,Denver,Savings,1032.89,2009-09-21,2023-12-12,Transfer,4533.82,5566.71,Mortgage,36830.28,1.39,Approved,AMEX,3025.26,Suggestion,Pending,1,2023,12,December,2009,14.2,56-65
4762,19,Female,Seattle,Current,701.21,2002-07-11,2023-10-07,Withdrawal,905.7,-204.49,Mortgage,37778.77,9.53,Rejected,MasterCard,1363.24,Praise,Resolved,1,2023,10,October,2002,21.2,18-25
4763,43,Female,New York,Current,1233.07,2004-02-27,2023-09-11,Withdrawal,4434.36,-3201.29,Auto,13669.63,9.04,Approved,MasterCard,4768.44,Suggestion,Pending,1,2023,9,September,2004,19.5,36-45
4764,34,Female,Boston,Savings,7792.08,2014-11-11,2023-05-13,Deposit,2507.09,5284.99,Personal,46112.03,3.68,Rejected,Visa,1868.89,Praise,Pending,1,2023,5,May,2014,8.5,26-35
4765,41,Female,Portland,Savings,579.32,2009-06-12,2023-08-24,Transfer,900.77,-321.45,Mortgage,49899.41,3.63,Closed,AMEX,1220.53,Suggestion,Pending,1,2023,8,August,2009,14.2,36-45
4766,48,Male,San Antonio,Savings,3398.34,2013-12-31,2023-06-14,Withdrawal,4059.88,-661.54,Personal,28503.57,5.49,Rejected,Visa,160.26,Praise,Resolved,1,2023,6,June,2013,9.5,46-55
4767,33,Other,Memphis,Current,4306.1,2009-02-20,2023-09-28,Deposit,3265.96,1040.14,Personal,16513.16,6.57,Closed,Visa,2976.68,Complaint,Pending,1,2023,9,September,2009,14.6,26-35
4768,67,Female,Milwaukee,Savings,5120.4,2022-06-10,2023-07-13,Withdrawal,1740.63,3379.77,Mortgage,18522.92,3.62,Closed,AMEX,4171.09,Praise,Resolved,-1,2023,7,July,2022,1.1,65+
4769,38,Male,Mesa,Savings,131.67,2022-03-03,2023-10-03,Deposit,1510.62,-1378.95,Mortgage,29539.74,8.16,Approved,MasterCard,958.16,Suggestion,Resolved,1,2023,10,October,2022,1.6,36-45
4770,55,Male,Denver,Savings,4918.98,2017-09-09,2023-06-07,Deposit,2110.51,2808.47,Mortgage,1381.21,1.71,Approved,AMEX,3406.97,Complaint,Pending,-1,2023,6,June,2017,5.7,46-55
4771,43,Other,Philadelphia,Savings,2029.75,2022-07-22,2023-02-13,Transfer,689.71,2719.46,Mortgage,16108.49,4.58,Closed,MasterCard,21.35,Suggestion,Pending,1,2023,2,February,2022,0.6,36-45
4772,34,Other,Boston,Current,1068.98,2014-08-09,2023-07-06,Deposit,4048.15,-2979.17,Auto,3401.2,6.0,Closed,MasterCard,2974.46,Praise,Pending,1,2023,7,July,2014,8.9,26-35
4773,67,Female,Milwaukee,Savings,5379.63,2022-08-05,2023-05-12,Transfer,1400.5,3979.13,Mortgage,31584.81,8.2,Rejected,Visa,353.44,Praise,Pending,1,2023,5,May,2022,0.8,65+
4774,63,Other,Dallas,Savings,7467.08,2019-07-21,2023-06-08,Deposit,4136.07,11603.15,Auto,30598.63,8.85,Rejected,Visa,4484.34,Complaint,Resolved,1,2023,6,June,2019,3.9,56-65
4775,59,Other,Oklahoma City,Current,9354.02,2009-07-19,2023-09-04,Deposit,3659.2,13013.22,Mortgage,29961.35,3.2,Approved,Visa,1428.61,Suggestion,Resolved,1,2023,9,September,2009,14.1,56-65
4776,21,Other,Jacksonville,Savings,9135.33,2015-10-07,2023-10-24,Withdrawal,4709.76,4425.57,Personal,8398.54,3.17,Closed,MasterCard,2451.14,Complaint,Resolved,1,2023,10,October,2015,8.0,18-25
4777,67,Other,Atlanta,Savings,4050.07,2004-12-29,2023-03-17,Transfer,504.72,4554.79,Mortgage,47283.4,4.31,Approved,AMEX,1956.77,Complaint,Pending,1,2023,3,March,2004,18.2,65+
4778,60,Female,Portland,Savings,7070.17,2002-01-25,2023-01-08,Withdrawal,1752.42,5317.75,Personal,27177.21,4.85,Rejected,AMEX,2893.02,Praise,Resolved,1,2023,1,January,2002,21.0,56-65
4779,65,Male,San Jose,Savings,6986.64,2019-06-20,2023-03-19,Transfer,3123.18,3863.46,Auto,28237.24,8.64,Approved,MasterCard,1567.99,Suggestion,Pending,1,2023,3,March,2019,3.7,56-65
4780,21,Other,Los Angeles,Savings,4179.85,2006-02-02,2023-04-17,Transfer,4294.3,8474.15,Personal,27668.7,1.07,Closed,Visa,4626.02,Praise,Resolved,1,2023,4,April,2006,17.2,18-25
4781,36,Male,Nashville,Savings,1072.28,2017-07-29,2023-02-09,Withdrawal,786.59,285.69,Auto,26696.24,7.16,Closed,MasterCard,1625.89,Praise,Resolved,1,2023,2,February,2017,5.5,36-45
4782,55,Male,Tucson,Savings,3881.89,2001-06-17,2023-04-15,Transfer,4308.38,-426.49,Mortgage,46982.97,2.98,Closed,AMEX,2616.98,Suggestion,Pending,1,2023,4,April,2001,21.8,46-55
4783,42,Male,Las Vegas,Current,9924.34,2005-06-14,2023-06-02,Transfer,344.21,10268.55,Mortgage,30499.19,8.94,Closed,Visa,2005.83,Praise,Resolved,1,2023,6,June,2005,18.0,36-45
4784,25,Other,Fresno,Current,5594.84,2002-05-13,2023-11-14,Withdrawal,2377.04,7971.88,Personal,24771.14,3.86,Closed,AMEX,1153.38,Suggestion,Resolved,1,2023,11,November,2002,21.5,18-25
4785,35,Other,Dallas,Savings,3479.77,2012-05-04,2023-02-27,Transfer,431.38,3911.15,Personal,38555.81,5.84,Rejected,AMEX,4952.45,Suggestion,Pending,1,2023,2,February,2012,10.8,26-35
4786,68,Female,Los Angeles,Savings,7463.77,2008-04-14,2023-11-23,Withdrawal,757.85,8221.62,Personal,13321.66,3.96,Approved,Visa,3371.6,Complaint,Pending,-1,2023,11,November,2008,15.6,65+
4787,35,Other,Baltimore,Current,6894.63,2016-04-27,2023-03-28,Deposit,3876.85,10771.48,Personal,10408.49,4.83,Approved,Visa,2560.89,Praise,Pending,1,2023,3,March,2016,6.9,26-35
4788,65,Other,Washington,Savings,5830.12,2003-04-23,2023-06-23,Withdrawal,102.97,5727.15,Auto,22521.42,5.7,Approved,AMEX,3240.67,Complaint,Resolved,1,2023,6,June,2003,20.2,56-65
4789,24,Other,Austin,Current,6410.58,2004-05-29,2023-12-25,Transfer,2781.27,3629.31,Auto,1768.6,7.73,Rejected,Visa,2548.2,Praise,Pending,1,2023,12,December,2004,19.6,18-25
4790,34,Male,San Francisco,Current,5890.89,2011-11-06,2023-06-03,Deposit,500.53,6391.42,Personal,15382.33,2.09,Rejected,Visa,3781.01,Suggestion,Pending,1,2023,6,June,2011,11.6,26-35
4791,20,Female,Mesa,Savings,9567.14,2003-01-02,2023-10-25,Deposit,4058.19,5508.95,Mortgage,21583.65,4.17,Approved,MasterCard,1076.04,Complaint,Pending,1,2023,10,October,2003,20.8,18-25
4792,39,Male,San Jose,Current,5140.43,2000-09-09,2023-01-07,Deposit,4042.75,1097.68,Personal,29356.24,6.76,Approved,MasterCard,4939.48,Complaint,Pending,1,2023,1,January,2000,22.3,36-45
4793,32,Female,San Antonio,Current,5942.89,2001-03-09,2023-02-25,Withdrawal,3516.92,2425.97,Auto,27616.97,6.3,Rejected,MasterCard,1478.07,Praise,Resolved,1,2023,2,February,2001,22.0,26-35
4794,48,Other,Indianapolis,Savings,4769.38,2005-05-10,2023-03-09,Withdrawal,3782.13,987.25,Auto,19002.69,8.03,Approved,Visa,1999.07,Suggestion,Resolved,-1,2023,3,March,2005,17.8,46-55
4795,53,Other,Tucson,Savings,6042.2,2007-08-20,2023-10-27,Deposit,2957.98,3084.22,Mortgage,17819.89,9.0,Approved,MasterCard,4846.45,Complaint,Pending,1,2023,10,October,2007,16.2,46-55
4796,43,Male,New York,Savings,8919.19,2000-03-24,2023-11-04,Transfer,2432.6,6486.59,Auto,1064.62,1.85,Closed,AMEX,1278.77,Complaint,Resolved,1,2023,11,November,2000,23.6,36-45
4797,65,Male,Austin,Savings,3463.57,2015-10-25,2023-05-26,Transfer,2056.62,5520.19,Personal,44174.52,7.42,Rejected,MasterCard,845.57,Suggestion,Pending,1,2023,5,May,2015,7.6,56-65
4798,31,Male,Philadelphia,Savings,5009.44,2008-05-03,2023-10-05,Deposit,3309.97,8319.41,Auto,12332.41,3.56,Approved,AMEX,3126.31,Complaint,Resolved,1,2023,10,October,2008,15.4,26-35
4799,34,Female,Oklahoma City,Savings,4541.25,2020-11-19,2023-09-17,Transfer,1920.17,2621.08,Personal,18542.15,5.33,Rejected,AMEX,4824.05,Suggestion,Pending,1,2023,9,September,2020,2.8,26-35
4800,26,Male,Sacramento,Savings,4039.98,2014-08-31,2023-06-06,Transfer,23.93,4016.05,Mortgage,1992.49,6.65,Approved,MasterCard,4962.96,Suggestion,Resolved,1,2023,6,June,2014,8.8,26-35
4801,24,Other,Atlanta,Savings,8228.27,2010-12-29,2023-08-04,Withdrawal,512.74,7715.53,Auto,47885.31,2.36,Approved,MasterCard,1191.97,Complaint,Pending,1,2023,8,August,2010,12.6,18-25
4802,63,Female,Detroit,Savings,2396.26,2007-01-02,2023-06-17,Transfer,3262.56,5658.82,Mortgage,25234.05,4.12,Closed,Visa,1512.48,Complaint,Resolved,1,2023,6,June,2007,16.5,56-65
4803,44,Female,Fort Worth,Savings,5049.19,2006-03-26,2023-11-12,Withdrawal,1830.96,3218.23,Personal,2140.35,9.78,Rejected,Visa,3937.68,Praise,Pending,1,2023,11,November,2006,17.6,36-45
4804,45,Other,Baltimore,Savings,9253.88,2012-01-11,2023-06-18,Deposit,4947.86,4306.02,Mortgage,13308.51,2.23,Closed,MasterCard,772.81,Complaint,Pending,1,2023,6,June,2012,11.4,36-45
4805,29,Male,Louisville,Current,1696.42,2007-04-19,2023-03-14,Transfer,1776.06,-79.64,Personal,44083.87,1.75,Closed,AMEX,1627.34,Complaint,Resolved,1,2023,3,March,2007,15.9,26-35
4806,34,Male,Portland,Current,145.98,2001-05-19,2023-09-28,Transfer,551.04,-405.06,Personal,19409.38,8.53,Approved,MasterCard,2766.81,Praise,Pending,1,2023,9,September,2001,22.4,26-35
4807,26,Other,Denver,Current,2725.71,2012-12-29,2023-03-18,Withdrawal,1648.62,4374.33,Auto,34780.85,4.88,Rejected,Visa,1209.73,Suggestion,Pending,1,2023,3,March,2012,10.2,26-35
4808,61,Other,Phoenix,Savings,9230.88,2010-07-02,2023-02-26,Withdrawal,3437.38,12668.26,Auto,31078.68,7.07,Approved,Visa,127.19,Complaint,Pending,1,2023,2,February,2010,12.7,56-65
4809,61,Other,Phoenix,Savings,967.48,2018-01-09,2023-12-16,Deposit,2646.1,-1678.62,Auto,24124.98,3.75,Rejected,AMEX,97.04,Suggestion,Resolved,1,2023,12,December,2018,5.9,56-65
4810,25,Other,Portland,Current,1457.04,2002-07-29,2023-04-09,Deposit,3055.38,-1598.34,Personal,41827.72,2.79,Closed,Visa,4857.35,Complaint,Resolved,1,2023,4,April,2002,20.7,18-25
4811,44,Female,Louisville,Current,3271.36,2011-08-28,2023-06-12,Transfer,565.07,2706.29,Personal,2977.36,2.91,Closed,MasterCard,2426.87,Suggestion,Pending,1,2023,6,June,2011,11.8,36-45
4812,59,Female,Detroit,Current,7720.07,2016-10-20,2023-12-12,Withdrawal,4136.64,3583.43,Personal,45708.76,2.76,Rejected,AMEX,4860.26,Suggestion,Pending,1,2023,12,December,2016,7.1,56-65
4813,29,Male,Portland,Current,7537.68,2012-11-15,2023-10-02,Withdrawal,4512.91,3024.77,Mortgage,36184.71,3.22,Rejected,MasterCard,1895.98,Complaint,Pending,1,2023,10,October,2012,10.9,26-35
4814,54,Female,Nashville,Current,962.0,2013-07-24,2023-10-04,Transfer,735.3,1697.3,Personal,43321.97,2.99,Approved,AMEX,4095.01,Suggestion,Pending,1,2023,10,October,2013,10.2,46-55
4815,37,Female,New York,Current,9345.04,2005-03-27,2023-12-10,Withdrawal,3134.42,12479.46,Auto,1829.69,8.32,Closed,AMEX,699.11,Complaint,Resolved,1,2023,12,December,2005,18.7,36-45
4816,18,Female,Louisville,Savings,2464.31,2019-10-27,2023-01-26,Withdrawal,1156.53,3620.84,Auto,5154.94,5.8,Closed,MasterCard,276.23,Suggestion,Resolved,1,2023,1,January,2019,3.2,18-25
4817,26,Other,Charlotte,Current,2878.3,2018-05-31,2023-02-25,Withdrawal,919.54,3797.84,Mortgage,11088.06,3.67,Rejected,Visa,1755.38,Praise,Pending,1,2023,2,February,2018,4.7,26-35
4818,64,Female,San Francisco,Current,3925.54,2001-02-05,2023-01-31,Withdrawal,1030.79,2894.75,Auto,30084.48,4.11,Rejected,Visa,201.7,Suggestion,Resolved,1,2023,1,January,2001,22.0,56-65
4819,41,Male,Detroit,Savings,6381.48,2009-06-06,2023-01-30,Transfer,2611.39,8992.87,Personal,5528.62,9.62,Closed,AMEX,2432.7,Praise,Pending,1,2023,1,January,2009,13.7,36-45
4820,51,Female,Oklahoma City,Savings,5260.96,2009-03-01,2023-01-24,Deposit,4430.64,9691.6,Personal,46645.8,2.65,Approved,AMEX,3194.41,Praise,Pending,1,2023,1,January,2009,13.9,46-55
4821,53,Other,Boston,Current,9293.29,2003-09-11,2023-04-06,Deposit,4094.84,5198.45,Auto,37681.11,8.98,Approved,Visa,587.92,Suggestion,Pending,1,2023,4,April,2003,19.6,46-55
4822,21,Female,San Jose,Savings,5689.74,2008-06-14,2023-06-07,Transfer,725.48,4964.26,Auto,40572.22,7.63,Approved,AMEX,2114.48,Complaint,Resolved,1,2023,6,June,2008,15.0,18-25
4823,46,Male,Tucson,Current,8584.67,2016-07-25,2023-05-01,Deposit,2554.5,6030.17,Personal,29608.65,6.52,Rejected,Visa,4555.45,Praise,Resolved,1,2023,5,May,2016,6.8,46-55
4824,40,Female,Boston,Current,874.22,2006-02-08,2023-06-03,Withdrawal,762.91,1637.13,Personal,31916.46,6.62,Rejected,Visa,2828.87,Suggestion,Pending,1,2023,6,June,2006,17.3,36-45
4825,52,Male,San Diego,Savings,8573.43,2013-08-03,2023-12-24,Transfer,2195.86,6377.57,Personal,11831.83,4.81,Closed,MasterCard,2475.17,Suggestion,Resolved,1,2023,12,December,2013,10.4,46-55
4826,33,Other,Phoenix,Savings,2057.36,2004-11-26,2023-03-23,Deposit,2817.0,4874.36,Auto,45592.02,4.95,Closed,MasterCard,3221.2,Suggestion,Pending,1,2023,3,March,2004,18.3,26-35
4827,25,Male,Philadelphia,Savings,3689.29,2020-02-25,2023-12-27,Withdrawal,4059.78,7749.07,Auto,32796.97,8.16,Rejected,Visa,4433.01,Suggestion,Resolved,1,2023,12,December,2020,3.8,18-25
4828,44,Male,El Paso,Current,3266.88,2019-08-30,2023-11-06,Deposit,4307.91,-1041.03,Personal,21469.27,8.3,Approved,Visa,4022.39,Praise,Pending,1,2023,11,November,2019,4.2,36-45
4829,56,Other,Baltimore,Current,3439.09,2011-04-12,2023-11-28,Transfer,148.22,3290.87,Auto,44201.93,6.14,Closed,MasterCard,1268.67,Complaint,Resolved,1,2023,11,November,2011,12.6,56-65
4830,29,Male,Columbus,Savings,9194.94,2019-01-10,2023-10-04,Deposit,3449.18,12644.12,Mortgage,43327.27,7.92,Rejected,Visa,168.8,Suggestion,Pending,1,2023,10,October,2019,4.7,26-35
4831,61,Female,El Paso,Current,4471.78,2011-11-29,2023-05-06,Deposit,2056.69,6528.47,Auto,1026.42,8.29,Approved,Visa,1482.12,Complaint,Pending,1,2023,5,May,2011,11.4,56-65
4832,21,Female,Austin,Current,2752.89,2011-01-27,2023-10-11,Deposit,2479.82,273.07,Auto,46317.04,3.99,Rejected,AMEX,4504.58,Praise,Pending,1,2023,10,October,2011,12.7,18-25
4833,64,Male,Milwaukee,Savings,3014.58,2020-06-18,2023-05-04,Transfer,1117.0,4131.58,Personal,18807.93,6.61,Rejected,MasterCard,2203.94,Praise,Resolved,1,2023,5,May,2020,2.9,56-65
4834,42,Female,Philadelphia,Savings,8053.03,2003-09-03,2023-03-22,Withdrawal,181.01,8234.04,Auto,21685.2,4.92,Approved,MasterCard,3747.56,Suggestion,Resolved,1,2023,3,March,2003,19.5,36-45
4835,23,Female,Austin,Current,5437.23,2007-09-15,2023-12-01,Transfer,4178.6,9615.83,Personal,5180.36,1.88,Closed,MasterCard,3873.33,Complaint,Pending,1,2023,12,December,2007,16.2,18-25
4836,20,Other,San Jose,Current,4550.02,2021-10-02,2023-10-06,Deposit,1160.83,5710.85,Auto,44001.28,6.84,Approved,AMEX,3089.52,Complaint,Resolved,1,2023,10,October,2021,2.0,18-25
4837,56,Male,Fort Worth,Savings,9275.46,2022-10-14,2023-06-30,Transfer,4402.68,13678.14,Auto,27421.03,6.29,Rejected,MasterCard,937.03,Complaint,Resolved,1,2023,6,June,2022,0.7,56-65
4838,41,Female,Los Angeles,Savings,9307.08,2015-03-07,2023-11-05,Deposit,357.81,8949.27,Auto,45379.51,1.92,Approved,MasterCard,2592.57,Complaint,Pending,1,2023,11,November,2015,8.7,36-45
4839,38,Male,Sacramento,Savings,7585.57,2020-01-08,2023-06-11,Withdrawal,2048.08,9633.65,Personal,39259.97,1.64,Approved,MasterCard,2358.69,Complaint,Pending,1,2023,6,June,2020,3.4,36-45
4840,23,Male,Mesa,Savings,5228.26,2011-10-24,2023-11-20,Withdrawal,3714.31,1513.95,Auto,45001.08,3.25,Rejected,Visa,3199.62,Suggestion,Pending,1,2023,11,November,2011,12.1,18-25
4841,50,Female,San Francisco,Savings,1254.46,2022-12-19,2023-12-27,Deposit,1291.17,2545.63,Auto,47464.67,8.5,Closed,AMEX,4186.07,Suggestion,Pending,1,2023,12,December,2022,1.0,46-55
4842,25,Other,Louisville,Current,7108.7,2018-06-13,2023-01-12,Transfer,4837.39,2271.31,Mortgage,44409.31,1.57,Rejected,Visa,163.43,Suggestion,Resolved,1,2023,1,January,2018,4.6,18-25
4843,50,Other,Louisville,Savings,8169.61,2016-05-16,2023-05-10,Deposit,3191.11,11360.72,Personal,11281.93,5.14,Rejected,MasterCard,1630.51,Praise,Pending,1,2023,5,May,2016,7.0,46-55
4844,65,Male,Washington,Current,8535.21,2018-12-18,2023-10-08,Transfer,1094.79,9630.0,Personal,4435.51,2.61,Approved,AMEX,3758.79,Praise,Resolved,1,2023,10,October,2018,4.8,56-65
4845,20,Other,Kansas City,Current,5860.47,2012-11-26,2023-12-10,Transfer,3970.12,1890.35,Auto,31392.41,3.28,Rejected,Visa,4114.96,Complaint,Pending,-1,2023,12,December,2012,11.0,18-25
4846,19,Female,San Antonio,Current,6206.71,2004-06-23,2023-12-17,Deposit,4922.99,1283.72,Auto,8597.76,7.93,Approved,AMEX,901.65,Praise,Pending,1,2023,12,December,2004,19.5,18-25
4847,55,Female,Charlotte,Current,7121.98,2003-10-26,2023-05-05,Withdrawal,1252.98,8374.96,Mortgage,43292.22,8.66,Approved,MasterCard,1775.61,Complaint,Resolved,1,2023,5,May,2003,19.5,46-55
4848,57,Other,Albuquerque,Savings,8751.9,2006-09-02,2023-06-21,Withdrawal,4114.3,4637.6,Personal,47425.36,6.22,Rejected,AMEX,2503.74,Complaint,Resolved,1,2023,6,June,2006,16.8,56-65
4849,56,Other,Austin,Current,549.7,2005-01-09,2023-05-14,Transfer,4886.55,-4336.85,Mortgage,6942.57,8.77,Closed,MasterCard,2905.33,Complaint,Resolved,1,2023,5,May,2005,18.3,56-65
4850,56,Male,Las Vegas,Current,5675.9,2022-07-22,2023-12-17,Deposit,1111.45,4564.45,Personal,12556.13,8.71,Closed,AMEX,1977.18,Complaint,Pending,1,2023,12,December,2022,1.4,56-65
4851,41,Other,Chicago,Savings,3754.05,2014-06-13,2023-02-08,Deposit,1180.3,2573.75,Mortgage,31636.03,2.99,Approved,MasterCard,3564.23,Suggestion,Resolved,1,2023,2,February,2014,8.7,36-45
4852,38,Male,Baltimore,Current,8348.28,2021-10-04,2023-06-27,Deposit,3588.4,4759.88,Auto,36537.64,6.81,Approved,MasterCard,2269.13,Praise,Pending,1,2023,6,June,2021,1.7,36-45
4853,68,Female,Philadelphia,Savings,1424.73,2017-12-22,2023-10-07,Withdrawal,4753.79,6178.52,Personal,26103.29,8.0,Approved,AMEX,1659.69,Complaint,Pending,1,2023,10,October,2017,5.8,65+
4854,35,Other,Los Angeles,Savings,9106.04,2002-11-17,2023-01-05,Withdrawal,3479.42,12585.46,Personal,19082.59,6.05,Closed,Visa,2123.08,Praise,Resolved,1,2023,1,January,2002,20.1,26-35
4855,52,Male,Columbus,Savings,1327.67,2014-07-02,2023-02-23,Transfer,2528.02,-1200.35,Auto,15995.22,8.25,Rejected,MasterCard,846.83,Complaint,Pending,1,2023,2,February,2014,8.6,46-55
4856,28,Male,Seattle,Current,984.33,2018-10-15,2023-11-06,Withdrawal,535.1,1519.43,Personal,33632.44,6.66,Rejected,MasterCard,722.74,Praise,Pending,1,2023,11,November,2018,5.1,26-35
4857,28,Male,Milwaukee,Current,3530.34,2007-12-19,2023-09-23,Withdrawal,4622.63,8152.97,Auto,37483.51,3.56,Closed,MasterCard,3114.02,Complaint,Resolved,1,2023,9,September,2007,15.8,26-35
4858,20,Male,San Jose,Current,9947.77,2002-01-27,2023-03-23,Deposit,354.81,9592.96,Auto,15152.97,7.17,Closed,Visa,2052.55,Complaint,Pending,1,2023,3,March,2002,21.1,18-25
4859,40,Female,Detroit,Current,6374.65,2020-05-10,2023-08-09,Deposit,1065.57,7440.22,Mortgage,16973.79,6.29,Rejected,MasterCard,4708.84,Praise,Pending,1,2023,8,August,2020,3.2,36-45
4860,18,Other,Fort Worth,Current,361.74,2022-07-29,2023-11-27,Withdrawal,2259.23,2620.97,Auto,23543.3,6.62,Approved,Visa,1696.55,Suggestion,Pending,1,2023,11,November,2022,1.3,18-25
4861,40,Male,Seattle,Savings,2567.72,2017-11-15,2023-08-29,Transfer,2508.1,59.62,Personal,23060.63,1.86,Closed,MasterCard,3213.23,Suggestion,Pending,1,2023,8,August,2017,5.8,36-45
4862,39,Other,Dallas,Savings,1576.74,2018-04-02,2023-04-04,Deposit,285.34,1291.4,Personal,42290.08,2.13,Rejected,AMEX,3500.6,Praise,Pending,1,2023,4,April,2018,5.0,36-45
4863,59,Other,Nashville,Current,109.94,2017-06-06,2023-12-29,Transfer,420.67,530.61,Personal,22408.57,8.33,Closed,AMEX,3942.16,Complaint,Resolved,1,2023,12,December,2017,6.6,56-65
4864,47,Female,Omaha,Current,5197.91,2009-12-17,2023-03-10,Withdrawal,634.38,5832.29,Auto,48942.06,4.88,Rejected,MasterCard,1828.88,Complaint,Pending,-1,2023,3,March,2009,13.2,46-55
4865,19,Other,Las Vegas,Current,3872.97,2022-03-05,2023-01-06,Withdrawal,208.08,3664.89,Auto,16237.21,2.94,Approved,MasterCard,2425.69,Suggestion,Pending,1,2023,1,January,2022,0.8,18-25
4866,34,Female,Fresno,Current,6171.47,2006-05-22,2023-07-25,Deposit,4887.46,11058.93,Personal,34948.22,1.83,Approved,AMEX,3911.87,Praise,Pending,1,2023,7,July,2006,17.2,26-35
4867,58,Female,San Diego,Savings,2242.01,2004-05-22,2023-01-16,Deposit,1197.37,3439.38,Mortgage,38187.88,3.37,Closed,Visa,4344.13,Praise,Resolved,1,2023,1,January,2004,18.7,56-65
4868,67,Male,Tucson,Current,8327.43,2019-01-28,2023-03-01,Deposit,4398.81,12726.24,Auto,31889.79,3.66,Closed,Visa,1424.18,Complaint,Pending,1,2023,3,March,2019,4.1,65+
4869,37,Female,El Paso,Current,3893.32,2018-12-02,2023-05-22,Deposit,3923.84,-30.52,Personal,18985.34,9.85,Closed,MasterCard,1210.69,Complaint,Resolved,1,2023,5,May,2018,4.5,36-45
4870,26,Male,San Jose,Current,4880.76,2011-12-13,2023-10-16,Withdrawal,3532.37,8413.13,Personal,13613.35,8.51,Approved,Visa,1700.43,Suggestion,Pending,1,2023,10,October,2011,11.8,26-35
4871,28,Female,Columbus,Current,7351.61,2002-06-26,2023-12-23,Withdrawal,3293.0,10644.61,Personal,30609.83,1.71,Closed,Visa,2952.07,Complaint,Resolved,1,2023,12,December,2002,21.5,26-35
4872,34,Female,Columbus,Current,1745.03,2009-06-13,2023-07-25,Deposit,2498.11,4243.14,Personal,33272.93,7.74,Closed,MasterCard,4162.51,Suggestion,Pending,1,2023,7,July,2009,14.1,26-35
4873,31,Other,Indianapolis,Savings,2697.2,2005-11-10,2023-02-09,Transfer,2823.51,-126.31,Personal,13623.49,6.08,Rejected,MasterCard,3221.11,Suggestion,Resolved,1,2023,2,February,2005,17.2,26-35
4874,35,Male,Kansas City,Savings,1632.04,2001-08-17,2023-01-09,Deposit,4454.39,-2822.35,Personal,17487.97,3.06,Rejected,Visa,1011.18,Complaint,Resolved,1,2023,1,January,2001,21.4,26-35
4875,35,Other,Colorado Springs,Savings,7704.01,2021-10-04,2023-04-01,Deposit,3889.85,11593.86,Personal,43241.09,7.72,Approved,AMEX,258.85,Suggestion,Pending,1,2023,4,April,2021,1.5,26-35
4876,61,Female,Detroit,Current,1065.47,2004-03-19,2023-07-14,Deposit,1161.83,-96.36,Mortgage,40715.11,1.27,Approved,Visa,2780.78,Suggestion,Pending,1,2023,7,July,2004,19.3,56-65
4877,67,Male,Detroit,Current,4941.13,2022-11-06,2023-07-21,Transfer,530.11,4411.02,Personal,10005.26,7.58,Rejected,AMEX,3812.98,Praise,Pending,1,2023,7,July,2022,0.7,65+
4878,25,Female,New York,Savings,7524.11,2021-07-20,2023-02-17,Deposit,1475.74,6048.37,Personal,46734.44,9.06,Approved,Visa,2526.62,Complaint,Pending,1,2023,2,February,2021,1.6,18-25
4879,46,Female,Albuquerque,Savings,5126.84,2019-04-10,2023-09-23,Withdrawal,671.31,5798.15,Auto,31773.61,8.94,Closed,AMEX,1832.59,Complaint,Resolved,1,2023,9,September,2019,4.5,46-55
4880,25,Other,Charlotte,Current,5135.9,2019-04-04,2023-09-02,Transfer,4772.77,9908.67,Personal,25340.98,7.95,Closed,MasterCard,989.1,Complaint,Pending,1,2023,9,September,2019,4.4,18-25
4881,43,Male,Nashville,Current,730.38,2001-02-21,2023-09-19,Withdrawal,1919.84,-1189.46,Personal,10842.36,9.41,Approved,Visa,2872.68,Complaint,Pending,1,2023,9,September,2001,22.6,36-45
4882,45,Male,Seattle,Savings,7850.33,2011-11-27,2023-11-14,Transfer,874.41,6975.92,Mortgage,36779.56,7.37,Closed,MasterCard,3057.87,Suggestion,Pending,1,2023,11,November,2011,12.0,36-45
4883,25,Male,Baltimore,Savings,6079.68,2018-12-03,2023-01-31,Transfer,3115.62,2964.06,Mortgage,46118.96,7.18,Rejected,AMEX,4172.33,Praise,Pending,1,2023,1,January,2018,4.2,18-25
4884,37,Female,San Jose,Savings,6708.38,2012-01-25,2023-09-19,Deposit,1997.17,4711.21,Mortgage,4182.47,1.24,Closed,MasterCard,3696.42,Praise,Resolved,-1,2023,9,September,2012,11.6,36-45
4885,64,Male,Las Vegas,Savings,7681.42,2019-01-03,2023-12-17,Withdrawal,1097.63,8779.05,Mortgage,26516.49,2.57,Rejected,MasterCard,2577.01,Suggestion,Resolved,1,2023,12,December,2019,5.0,56-65
4886,25,Female,Baltimore,Current,5650.12,2010-07-30,2023-02-03,Transfer,297.78,5352.34,Personal,43979.47,8.03,Rejected,AMEX,4047.75,Suggestion,Resolved,-1,2023,2,February,2010,12.5,18-25
4887,31,Female,Los Angeles,Savings,5135.37,2012-05-27,2023-09-02,Withdrawal,471.41,5606.78,Mortgage,47673.62,9.98,Approved,AMEX,566.8,Complaint,Pending,1,2023,9,September,2012,11.3,26-35
4888,30,Female,Denver,Savings,6665.34,2011-01-15,2023-12-15,Transfer,2820.96,3844.38,Personal,4534.85,7.48,Rejected,Visa,1194.41,Praise,Resolved,1,2023,12,December,2011,12.9,26-35
4889,57,Male,Boston,Current,9010.08,2009-05-18,2023-11-19,Deposit,3754.23,5255.85,Personal,39761.69,6.22,Closed,AMEX,3766.48,Complaint,Pending,1,2023,11,November,2009,14.5,56-65
4890,34,Other,Columbus,Savings,6421.12,2002-10-02,2023-09-25,Transfer,4629.67,1791.45,Mortgage,14788.91,2.65,Rejected,AMEX,2108.03,Complaint,Pending,1,2023,9,September,2002,21.0,26-35
4891,68,Female,Philadelphia,Current,7904.39,2011-12-09,2023-10-21,Withdrawal,2931.32,10835.71,Mortgage,27533.71,9.53,Rejected,AMEX,2869.0,Complaint,Resolved,1,2023,10,October,2011,11.9,65+
4892,43,Other,Fort Worth,Savings,4854.69,2017-02-10,2023-07-30,Withdrawal,3267.04,1587.65,Mortgage,39402.89,6.85,Closed,AMEX,4315.43,Complaint,Resolved,1,2023,7,July,2017,6.5,36-45
4893,23,Male,Oklahoma City,Savings,5936.76,2008-02-27,2023-05-15,Withdrawal,1217.51,7154.27,Personal,27711.59,5.4,Rejected,MasterCard,4642.2,Praise,Pending,1,2023,5,May,2008,15.2,18-25
4894,34,Male,El Paso,Current,1883.48,2001-03-15,2023-03-05,Withdrawal,1379.07,504.41,Personal,6392.94,8.75,Rejected,MasterCard,4642.49,Complaint,Resolved,1,2023,3,March,2001,22.0,26-35
4895,21,Male,Baltimore,Savings,4936.33,2005-01-11,2023-09-04,Transfer,2093.65,2842.68,Auto,29936.21,9.58,Closed,AMEX,1775.61,Complaint,Pending,1,2023,9,September,2005,18.6,18-25
4896,42,Male,Baltimore,Current,1574.01,2008-10-14,2023-11-29,Transfer,4344.99,5919.0,Personal,6772.73,4.34,Approved,MasterCard,3094.04,Suggestion,Resolved,1,2023,11,November,2008,15.1,36-45
4897,24,Male,Kansas City,Current,4723.51,2002-06-13,2023-10-04,Transfer,2182.39,2541.12,Mortgage,18024.74,5.64,Approved,Visa,3108.16,Praise,Resolved,1,2023,10,October,2002,21.3,18-25
4898,34,Other,Baltimore,Savings,743.02,2001-10-12,2023-03-19,Transfer,1205.78,1948.8,Personal,28353.32,2.04,Closed,MasterCard,1430.19,Complaint,Pending,1,2023,3,March,2001,21.4,26-35
4899,39,Male,Baltimore,Current,5804.45,2021-05-05,2023-06-13,Deposit,4598.29,1206.16,Mortgage,49579.33,9.64,Closed,AMEX,2288.43,Praise,Resolved,1,2023,6,June,2021,2.1,36-45
4900,45,Male,Mesa,Current,2938.68,2020-12-22,2023-03-18,Transfer,2063.06,5001.74,Mortgage,36619.59,2.09,Approved,AMEX,2084.89,Complaint,Resolved,-1,2023,3,March,2020,2.2,36-45
4901,67,Male,Fresno,Current,8432.27,2013-08-25,2023-06-26,Deposit,406.76,8839.03,Mortgage,15861.83,9.36,Closed,MasterCard,3413.93,Suggestion,Pending,1,2023,6,June,2013,9.8,65+
4902,23,Male,Indianapolis,Savings,3825.01,2007-01-06,2023-04-07,Transfer,2731.92,6556.93,Auto,43951.07,2.72,Rejected,Visa,2989.52,Suggestion,Resolved,1,2023,4,April,2007,16.2,18-25
4903,47,Male,Las Vegas,Current,9185.96,2016-08-19,2023-05-19,Transfer,3135.91,12321.87,Personal,12081.21,9.18,Rejected,Visa,4540.28,Praise,Resolved,1,2023,5,May,2016,6.7,46-55
4904,27,Female,Columbus,Savings,4781.59,2011-07-17,2023-08-31,Transfer,4777.37,4.22,Auto,19815.6,5.07,Rejected,AMEX,1248.93,Praise,Resolved,1,2023,8,August,2011,12.1,26-35
4905,67,Female,Detroit,Current,8503.84,2010-05-11,2023-12-25,Deposit,4034.93,12538.77,Mortgage,32704.04,6.33,Closed,Visa,3001.59,Complaint,Pending,1,2023,12,December,2010,13.6,65+
4906,56,Other,San Diego,Current,3042.99,2000-02-24,2023-12-11,Transfer,514.55,3557.54,Auto,21117.51,1.32,Approved,AMEX,3500.84,Complaint,Resolved,1,2023,12,December,2000,23.8,56-65
4907,31,Male,Columbus,Current,4570.86,2004-02-26,2023-12-25,Transfer,2564.51,7135.37,Auto,36749.27,4.55,Approved,AMEX,296.97,Praise,Pending,1,2023,12,December,2004,19.8,26-35
4908,63,Other,Milwaukee,Current,6373.29,2015-04-19,2023-09-08,Transfer,2176.23,4197.06,Auto,32879.75,5.44,Approved,Visa,3181.16,Suggestion,Pending,1,2023,9,September,2015,8.4,56-65
4909,59,Other,Los Angeles,Current,2660.64,2013-05-01,2023-10-07,Withdrawal,1973.28,4633.92,Personal,33696.94,1.08,Rejected,AMEX,2970.31,Suggestion,Pending,1,2023,10,October,2013,10.4,56-65
4910,39,Male,Houston,Current,6607.55,2013-09-16,2023-10-05,Withdrawal,707.67,5899.88,Mortgage,21592.92,6.95,Approved,MasterCard,1596.11,Complaint,Pending,-1,2023,10,October,2013,10.1,36-45
4911,58,Male,New York,Savings,2957.16,2015-12-29,2023-06-20,Withdrawal,1882.93,1074.23,Auto,3701.37,8.55,Approved,MasterCard,4924.46,Suggestion,Resolved,1,2023,6,June,2015,7.5,56-65
4912,43,Female,Oklahoma City,Savings,4894.5,2006-03-15,2023-06-28,Deposit,2355.75,7250.25,Auto,43762.66,1.22,Closed,MasterCard,2037.23,Suggestion,Pending,1,2023,6,June,2006,17.3,36-45
4913,27,Male,Columbus,Savings,331.36,2016-10-07,2023-06-26,Transfer,1102.18,1433.54,Mortgage,4627.12,5.43,Closed,MasterCard,871.34,Complaint,Pending,1,2023,6,June,2016,6.7,26-35
4914,19,Female,Omaha,Current,874.0,2009-04-12,2023-10-05,Deposit,2883.52,-2009.52,Personal,23737.69,1.3,Rejected,MasterCard,2769.8,Praise,Resolved,1,2023,10,October,2009,14.5,18-25
4915,20,Other,Boston,Savings,2348.3,2011-12-08,2023-12-01,Transfer,1114.2,1234.1,Mortgage,15795.07,8.86,Closed,MasterCard,1796.63,Complaint,Resolved,1,2023,12,December,2011,12.0,18-25
4916,65,Other,Boston,Current,8084.28,2019-09-03,2023-01-18,Deposit,615.38,8699.66,Mortgage,15520.22,2.45,Closed,MasterCard,1160.99,Praise,Pending,1,2023,1,January,2019,3.4,56-65
4917,59,Female,Chicago,Savings,6637.8,2005-01-11,2023-10-27,Withdrawal,4920.09,11557.89,Personal,12104.59,1.53,Rejected,AMEX,1679.6,Suggestion,Pending,1,2023,10,October,2005,18.8,56-65
4918,28,Female,Phoenix,Current,8945.14,2004-12-24,2023-04-19,Transfer,3445.12,5500.02,Mortgage,14310.98,8.72,Closed,AMEX,3670.81,Praise,Pending,1,2023,4,April,2004,18.3,26-35
4919,27,Male,Kansas City,Savings,9056.64,2006-07-05,2023-02-01,Withdrawal,2978.04,12034.68,Auto,47811.72,5.0,Rejected,MasterCard,1497.15,Praise,Pending,1,2023,2,February,2006,16.6,26-35
4920,29,Female,Detroit,Savings,3809.25,2011-12-20,2023-02-25,Withdrawal,1644.24,2165.01,Personal,48630.59,1.86,Closed,Visa,2880.97,Suggestion,Pending,1,2023,2,February,2011,11.2,26-35
4921,31,Female,Omaha,Savings,3738.56,2003-12-16,2023-08-16,Transfer,1049.62,4788.18,Mortgage,28975.3,6.83,Rejected,Visa,2.16,Complaint,Pending,1,2023,8,August,2003,19.7,26-35
4922,47,Male,Kansas City,Savings,8373.86,2019-05-21,2023-03-15,Deposit,666.17,7707.69,Personal,26708.18,7.35,Approved,Visa,570.66,Suggestion,Pending,1,2023,3,March,2019,3.8,46-55
4923,58,Other,Kansas City,Current,4321.79,2013-03-15,2023-01-09,Withdrawal,322.49,3999.3,Auto,3369.89,6.12,Approved,AMEX,3727.52,Praise,Pending,1,2023,1,January,2013,9.8,56-65
4924,30,Female,Houston,Current,8586.29,2005-03-18,2023-03-30,Withdrawal,3501.57,5084.72,Auto,40383.04,3.99,Approved,Visa,1027.77,Complaint,Pending,1,2023,3,March,2005,18.0,26-35
4925,47,Male,San Antonio,Current,5108.71,2005-03-30,2023-05-12,Transfer,1388.25,6496.96,Personal,9357.04,4.82,Approved,MasterCard,3967.07,Praise,Pending,1,2023,5,May,2005,18.1,46-55
4926,55,Male,Baltimore,Savings,4304.66,2014-06-03,2023-10-21,Transfer,1597.45,2707.21,Personal,7986.59,9.59,Approved,Visa,1377.61,Suggestion,Pending,1,2023,10,October,2014,9.4,46-55
4927,28,Female,Baltimore,Current,2862.79,2008-07-18,2023-08-26,Deposit,813.34,2049.45,Personal,21779.48,5.81,Closed,AMEX,1042.73,Praise,Resolved,1,2023,8,August,2008,15.1,26-35
4928,18,Other,Denver,Current,1352.22,2010-11-09,2023-12-22,Withdrawal,594.65,1946.87,Auto,18029.5,4.57,Closed,Visa,3437.82,Suggestion,Resolved,1,2023,12,December,2010,13.1,18-25
4929,44,Male,Colorado Springs,Savings,5306.43,2005-11-22,2023-09-07,Withdrawal,2480.02,7786.45,Auto,5735.19,7.37,Rejected,Visa,492.6,Complaint,Resolved,1,2023,9,September,2005,17.8,36-45
4930,64,Female,Sacramento,Savings,3319.73,2000-10-18,2023-02-11,Deposit,3640.3,-320.57,Auto,8248.78,1.69,Closed,MasterCard,1813.32,Suggestion,Resolved,1,2023,2,February,2000,22.3,56-65
4931,56,Other,Omaha,Savings,2569.46,2017-06-15,2023-08-19,Transfer,4954.75,7524.21,Auto,49624.52,3.61,Approved,Visa,376.99,Praise,Resolved,1,2023,8,August,2017,6.2,56-65
4932,60,Female,Tucson,Savings,1779.64,2014-04-17,2023-06-19,Transfer,1704.09,3483.73,Mortgage,37006.46,3.04,Approved,MasterCard,1008.9,Complaint,Resolved,1,2023,6,June,2014,9.2,56-65
4933,66,Male,Tucson,Current,3947.36,2017-07-12,2023-11-12,Transfer,3322.56,7269.92,Auto,30329.3,7.12,Closed,AMEX,782.8,Suggestion,Pending,1,2023,11,November,2017,6.3,65+
4934,54,Male,Columbus,Savings,5603.14,2015-05-04,2023-03-31,Deposit,589.17,6192.31,Personal,15877.21,6.44,Closed,Visa,4040.64,Complaint,Pending,1,2023,3,March,2015,7.9,46-55
4935,26,Male,Kansas City,Current,8386.56,2021-04-19,2023-07-10,Transfer,2782.83,5603.73,Personal,21993.57,7.83,Approved,AMEX,2893.37,Suggestion,Pending,1,2023,7,July,2021,2.2,26-35
4936,65,Female,Jacksonville,Savings,8219.88,2008-11-02,2023-10-04,Transfer,2595.23,10815.11,Mortgage,31771.2,4.84,Closed,AMEX,4102.32,Praise,Pending,1,2023,10,October,2008,14.9,56-65
4937,60,Male,Louisville,Savings,8565.13,2019-04-18,2023-05-07,Deposit,169.97,8395.16,Mortgage,39429.7,2.57,Approved,AMEX,4967.07,Complaint,Pending,1,2023,5,May,2019,4.1,56-65
4938,43,Female,Columbus,Savings,5804.71,2010-12-22,2023-05-13,Withdrawal,2420.1,3384.61,Mortgage,47374.05,2.65,Approved,MasterCard,2774.31,Complaint,Pending,1,2023,5,May,2010,12.4,36-45
4939,42,Other,Mesa,Savings,5639.54,2020-10-09,2023-10-13,Withdrawal,2482.21,8121.75,Personal,7011.34,9.03,Rejected,Visa,4801.08,Praise,Resolved,1,2023,10,October,2020,3.0,36-45
4940,34,Other,Kansas City,Current,9060.9,2020-10-03,2023-03-04,Deposit,1866.38,7194.52,Mortgage,10390.44,1.67,Approved,AMEX,483.83,Suggestion,Resolved,1,2023,3,March,2020,2.4,26-35
4941,23,Other,Indianapolis,Savings,2956.61,2012-09-30,2023-08-28,Transfer,2872.0,84.61,Mortgage,28811.01,6.35,Rejected,AMEX,581.01,Suggestion,Resolved,1,2023,8,August,2012,10.9,18-25
4942,32,Other,Nashville,Savings,1539.96,2002-09-29,2023-02-07,Transfer,237.37,1777.33,Personal,46986.17,3.09,Closed,Visa,2496.21,Suggestion,Resolved,1,2023,2,February,2002,20.4,26-35
4943,20,Male,Louisville,Current,919.47,2012-06-18,2023-06-13,Withdrawal,4223.79,-3304.32,Personal,23174.56,2.93,Rejected,AMEX,632.13,Complaint,Resolved,1,2023,6,June,2012,11.0,18-25
4944,48,Male,Tucson,Savings,8822.34,2004-03-19,2023-02-07,Transfer,2607.36,6214.98,Auto,32063.38,1.89,Closed,MasterCard,4572.51,Praise,Resolved,1,2023,2,February,2004,18.9,46-55
4945,45,Female,Philadelphia,Current,3780.55,2022-08-28,2023-10-06,Withdrawal,170.43,3950.98,Mortgage,15392.55,9.81,Closed,AMEX,2521.86,Praise,Pending,1,2023,10,October,2022,1.1,36-45
4946,26,Other,Charlotte,Current,5037.39,2005-04-20,2023-05-31,Withdrawal,4919.0,9956.39,Personal,40775.2,1.55,Rejected,Visa,4388.69,Praise,Resolved,1,2023,5,May,2005,18.1,26-35
4947,61,Other,Chicago,Current,8050.29,2008-12-29,2023-02-27,Transfer,1914.95,9965.24,Mortgage,30657.79,2.33,Closed,Visa,1096.87,Suggestion,Resolved,1,2023,2,February,2008,14.2,56-65
4948,68,Female,Sacramento,Savings,3794.36,2009-06-24,2023-06-25,Withdrawal,4933.77,-1139.41,Auto,19708.61,4.29,Closed,Visa,3270.8,Praise,Resolved,1,2023,6,June,2009,14.0,65+
4949,35,Female,Columbus,Current,8692.75,2006-08-03,2023-08-31,Withdrawal,909.86,9602.61,Mortgage,27588.44,5.1,Approved,AMEX,1350.88,Complaint,Pending,1,2023,8,August,2006,17.1,26-35
4950,65,Female,Los Angeles,Savings,3284.81,2015-01-14,2023-12-29,Deposit,159.56,3125.25,Mortgage,35043.1,9.56,Approved,Visa,2797.74,Suggestion,Pending,1,2023,12,December,2015,9.0,56-65
4951,57,Female,Memphis,Current,7350.58,2004-05-16,2023-06-23,Transfer,3569.79,3780.79,Auto,11462.12,3.18,Approved,AMEX,4339.82,Complaint,Pending,1,2023,6,June,2004,19.1,56-65
4952,49,Other,Houston,Current,6706.96,2022-08-02,2023-12-09,Deposit,4727.67,11434.63,Mortgage,17730.81,7.49,Closed,MasterCard,1428.98,Complaint,Pending,1,2023,12,December,2022,1.4,46-55
4953,36,Male,Detroit,Savings,2093.33,2018-09-10,2023-05-23,Transfer,397.18,1696.15,Auto,13275.01,6.91,Rejected,AMEX,2353.23,Suggestion,Resolved,1,2023,5,May,2018,4.7,36-45
4954,22,Other,Fort Worth,Current,1332.53,2016-04-11,2023-09-14,Transfer,3680.28,-2347.75,Auto,48047.82,5.66,Rejected,MasterCard,2567.87,Complaint,Pending,1,2023,9,September,2016,7.4,18-25
4955,61,Female,Los Angeles,Savings,1204.39,2007-12-31,2023-04-10,Transfer,355.34,849.05,Auto,3105.44,3.39,Closed,Visa,3087.11,Praise,Pending,1,2023,4,April,2007,15.3,56-65
4956,23,Male,San Francisco,Current,6544.05,2019-02-13,2023-12-14,Transfer,3971.6,2572.45,Mortgage,3765.62,2.41,Rejected,MasterCard,3995.69,Suggestion,Pending,1,2023,12,December,2019,4.8,18-25
4957,29,Other,Sacramento,Savings,228.14,2017-01-20,2023-07-21,Withdrawal,2910.51,-2682.37,Mortgage,18431.07,2.59,Closed,AMEX,608.05,Praise,Pending,1,2023,7,July,2017,6.5,26-35
4958,64,Female,Jacksonville,Savings,6640.67,2019-03-24,2023-02-02,Deposit,3911.3,10551.97,Personal,27363.31,4.11,Approved,MasterCard,2678.42,Praise,Pending,1,2023,2,February,2019,3.9,56-65
4959,59,Male,Washington,Current,7841.46,2018-08-24,2023-06-01,Deposit,1863.7,9705.16,Mortgage,17115.96,2.23,Closed,MasterCard,710.08,Suggestion,Resolved,1,2023,6,June,2018,4.8,56-65
4960,34,Male,Nashville,Current,3094.85,2020-08-29,2023-03-11,Withdrawal,4527.87,-1433.02,Mortgage,42989.69,9.99,Rejected,Visa,903.58,Suggestion,Resolved,1,2023,3,March,2020,2.5,26-35
4961,56,Female,Charlotte,Savings,7482.43,2017-09-14,2023-05-22,Deposit,1520.28,9002.71,Auto,9299.79,5.01,Rejected,MasterCard,2457.71,Complaint,Pending,1,2023,5,May,2017,5.7,56-65
4962,24,Male,Sacramento,Current,1737.32,2011-03-30,2023-09-03,Deposit,1423.19,314.13,Auto,18866.68,5.85,Approved,AMEX,415.71,Suggestion,Pending,1,2023,9,September,2011,12.4,18-25
4963,28,Other,Nashville,Savings,9608.86,2010-10-14,2023-04-06,Transfer,4803.57,4805.29,Mortgage,24909.59,6.55,Rejected,MasterCard,436.76,Complaint,Resolved,1,2023,4,April,2010,12.5,26-35
4964,51,Other,Nashville,Current,2397.46,2021-03-16,2023-12-05,Transfer,622.85,1774.61,Mortgage,10906.07,2.76,Closed,AMEX,896.05,Complaint,Resolved,1,2023,12,December,2021,2.7,46-55
4965,19,Other,Nashville,Savings,4934.81,2019-09-09,2023-03-25,Transfer,2966.86,1967.95,Mortgage,15214.43,5.34,Rejected,AMEX,2361.57,Complaint,Resolved,1,2023,3,March,2019,3.5,18-25
4966,31,Male,Albuquerque,Savings,9806.91,2013-09-12,2023-05-05,Transfer,2874.29,6932.62,Personal,47423.08,1.57,Approved,MasterCard,916.04,Praise,Pending,1,2023,5,May,2013,9.6,26-35
4967,35,Male,Phoenix,Current,9080.67,2010-01-19,2023-12-06,Withdrawal,1191.32,10271.99,Personal,26491.13,9.72,Closed,AMEX,1893.13,Complaint,Resolved,1,2023,12,December,2010,13.9,26-35
4968,65,Female,Colorado Springs,Savings,6628.71,2017-08-02,2023-06-15,Withdrawal,1592.23,8220.94,Auto,43613.66,5.26,Closed,AMEX,4342.94,Praise,Resolved,1,2023,6,June,2017,5.9,56-65
4969,60,Female,Dallas,Savings,3755.01,2022-05-16,2023-05-19,Withdrawal,1440.08,5195.09,Mortgage,14198.95,1.27,Closed,MasterCard,4637.44,Suggestion,Resolved,1,2023,5,May,2022,1.0,56-65
4970,26,Male,Seattle,Current,7030.87,2000-07-17,2023-06-09,Deposit,4231.88,2798.99,Auto,31006.11,6.39,Approved,Visa,2765.79,Praise,Pending,1,2023,6,June,2000,22.9,26-35
4971,56,Other,Nashville,Current,4656.71,2016-02-23,2023-10-13,Transfer,1953.87,6610.58,Personal,38399.0,1.9,Rejected,AMEX,4938.49,Suggestion,Pending,1,2023,10,October,2016,7.6,56-65
4972,21,Male,San Diego,Savings,1177.52,2010-06-11,2023-03-27,Deposit,1799.92,-622.4,Personal,21657.75,8.11,Rejected,Visa,3527.4,Praise,Pending,1,2023,3,March,2010,12.8,18-25
4973,65,Other,Fresno,Current,7980.18,2016-05-11,2023-05-19,Transfer,3187.24,4792.94,Personal,31610.95,9.58,Approved,MasterCard,675.94,Complaint,Pending,1,2023,5,May,2016,7.0,56-65
4974,31,Female,Jacksonville,Savings,8728.95,2020-05-25,2023-04-15,Transfer,2482.58,11211.53,Auto,43297.75,9.25,Closed,Visa,3697.12,Suggestion,Pending,1,2023,4,April,2020,2.9,26-35
4975,28,Male,Las Vegas,Savings,4135.31,2000-10-12,2023-03-19,Deposit,2135.61,1999.7,Personal,7898.47,4.85,Approved,Visa,3323.87,Complaint,Resolved,1,2023,3,March,2000,22.4,26-35
4976,47,Male,Omaha,Current,6690.69,2003-02-25,2023-08-07,Deposit,3550.01,3140.68,Mortgage,18382.35,7.41,Rejected,Visa,4326.81,Complaint,Pending,1,2023,8,August,2003,20.4,46-55
4977,57,Male,Las Vegas,Current,400.59,2000-09-14,2023-07-11,Deposit,2068.97,2469.56,Auto,41371.28,2.4,Approved,AMEX,2505.6,Praise,Pending,1,2023,7,July,2000,22.8,56-65
4978,60,Other,Albuquerque,Current,2052.78,2002-02-14,2023-07-07,Withdrawal,1118.57,934.21,Personal,12313.92,1.68,Approved,Visa,2941.41,Suggestion,Pending,-1,2023,7,July,2002,21.4,56-65
4979,44,Female,Tucson,Savings,5745.61,2001-12-01,2023-07-15,Deposit,3711.81,2033.8,Auto,28249.6,8.39,Rejected,AMEX,1973.99,Complaint,Pending,1,2023,7,July,2001,21.6,36-45
4980,46,Other,Kansas City,Current,2813.42,2011-08-07,2023-12-16,Withdrawal,348.39,3161.81,Auto,22462.76,7.26,Rejected,AMEX,86.32,Praise,Pending,1,2023,12,December,2011,12.4,46-55
4981,69,Female,Fresno,Savings,9449.2,2002-09-04,2023-03-15,Deposit,4998.39,4450.81,Auto,33579.96,9.16,Closed,AMEX,3011.34,Complaint,Resolved,1,2023,3,March,2002,20.5,65+
4982,49,Other,Austin,Current,8386.74,2016-07-11,2023-09-18,Withdrawal,2987.19,5399.55,Personal,33732.26,9.23,Approved,AMEX,4747.3,Complaint,Resolved,1,2023,9,September,2016,7.2,46-55
4983,66,Female,Milwaukee,Savings,6584.56,2013-03-28,2023-10-30,Deposit,1089.35,5495.21,Personal,29345.58,4.13,Closed,MasterCard,828.78,Suggestion,Resolved,1,2023,10,October,2013,10.6,65+
4984,47,Other,Seattle,Savings,9988.51,2017-02-10,2023-10-19,Withdrawal,998.92,10987.43,Mortgage,47392.24,3.87,Closed,Visa,860.32,Suggestion,Pending,1,2023,10,October,2017,6.7,46-55
4985,43,Male,El Paso,Current,2508.15,2015-10-10,2023-05-23,Deposit,1375.84,3883.99,Mortgage,9590.99,4.98,Rejected,AMEX,2054.75,Suggestion,Pending,1,2023,5,May,2015,7.6,36-45
4986,47,Other,Washington,Savings,9199.36,2010-11-10,2023-10-22,Transfer,4397.57,4801.79,Mortgage,41919.26,6.99,Rejected,AMEX,4217.86,Suggestion,Resolved,1,2023,10,October,2010,12.9,46-55
4987,68,Male,Seattle,Savings,3115.28,2005-02-18,2023-02-07,Deposit,4135.18,-1019.9,Mortgage,24981.48,1.04,Approved,AMEX,2935.38,Suggestion,Resolved,1,2023,2,February,2005,18.0,65+
4988,27,Male,Omaha,Savings,6006.29,2000-07-31,2023-02-05,Deposit,731.2,5275.09,Mortgage,33428.79,5.81,Closed,Visa,2551.03,Complaint,Resolved,1,2023,2,February,2000,22.5,26-35
4989,29,Male,Colorado Springs,Current,4400.24,2015-10-21,2023-04-25,Transfer,3004.2,1396.04,Auto,14413.6,1.18,Approved,MasterCard,4324.34,Complaint,Resolved,1,2023,4,April,2015,7.5,26-35
4990,50,Other,Oklahoma City,Savings,4487.82,2012-04-10,2023-01-02,Transfer,4555.41,-67.59,Mortgage,5636.04,5.06,Rejected,Visa,1002.83,Complaint,Resolved,1,2023,1,January,2012,10.7,46-55
4991,51,Male,San Jose,Current,7648.85,2019-12-08,2023-01-15,Withdrawal,3668.34,3980.51,Personal,39107.6,1.74,Approved,AMEX,4770.14,Complaint,Resolved,1,2023,1,January,2019,3.1,46-55
4992,35,Other,New York,Savings,3540.68,2021-02-04,2023-03-25,Transfer,2941.41,6482.09,Auto,13335.78,6.06,Closed,Visa,4813.76,Complaint,Pending,1,2023,3,March,2021,2.1,26-35
4993,56,Female,Houston,Savings,5124.53,2002-03-08,2023-11-07,Withdrawal,1051.07,4073.46,Mortgage,20124.36,3.83,Rejected,Visa,4069.95,Praise,Resolved,1,2023,11,November,2002,21.7,56-65
4994,33,Other,Las Vegas,Current,2195.96,2000-02-07,2023-09-11,Deposit,4718.21,-2522.25,Mortgage,3328.7,5.31,Approved,Visa,1473.53,Praise,Resolved,1,2023,9,September,2000,23.6,26-35
4995,62,Other,Mesa,Savings,7658.37,2019-11-15,2023-08-14,Transfer,4460.1,12118.47,Auto,32859.99,9.62,Approved,MasterCard,1877.27,Praise,Resolved,1,2023,8,August,2019,3.7,56-65
4996,21,Other,Mesa,Savings,5564.12,2020-03-12,2023-11-29,Withdrawal,1612.91,7177.03,Auto,34684.98,4.07,Rejected,AMEX,2017.13,Complaint,Pending,1,2023,11,November,2020,3.7,18-25
4997,27,Female,Los Angeles,Savings,2625.13,2011-05-19,2023-07-07,Deposit,2493.45,5118.58,Auto,45181.31,7.47,Closed,MasterCard,853.33,Complaint,Pending,1,2023,7,July,2011,12.1,26-35
4998,45,Female,Louisville,Current,2732.76,2011-12-02,2023-01-25,Withdrawal,418.38,2314.38,Auto,44660.01,7.15,Rejected,MasterCard,228.49,Suggestion,Resolved,1,2023,1,January,2011,11.1,36-45
4999,58,Female,Detroit,Current,3006.01,2000-05-14,2023-09-27,Deposit,3160.96,-154.95,Mortgage,35551.65,8.82,Rejected,Visa,325.37,Complaint,Pending,1,2023,9,September,2000,23.4,56-65
5000,35,Male,El Paso,Current,7022.99,2006-07-11,2023-08-28,Withdrawal,281.35,6741.64,Auto,16784.32,4.01,Rejected,AMEX,3078.08,Suggestion,Resolved,1,2023,8,August,2006,17.1,26-35
